pf, N, m, T, sigma, cut, Z, error, EOS_CS, EOS_kolafa, EOS_gottschalk, EOS_thol, EOS_mecke, EOS_hess
1.500e-01, 3.000e+03, 1.000e+00, 1.300e+00, 1.000e+00, 4.500e+00, 2.005e-01, 3.441e-02, 1.904e+00, 3.581e-01, 2.926e-01, 3.097e-01, 3.082e-01, 7.014e-01
2.000e-01, 3.000e+03, 1.000e+00, 1.300e+00, 1.000e+00, 4.500e+00, 1.589e-01, 3.026e-02, 2.406e+00, 2.778e-01, 2.014e-01, 2.286e-01, 2.295e-01, 1.052e+00
2.500e-01, 3.000e+03, 1.000e+00, 1.300e+00, 1.000e+00, 4.500e+00, 1.370e-01, 1.844e-02, 3.074e+00, 2.309e-01, 2.138e-01, 2.039e-01, 2.401e-01, 1.791e+00
3.000e-01, 3.000e+03, 1.000e+00, 1.300e+00, 1.000e+00, 4.500e+00, 2.815e-01, 1.592e-01, 3.974e+00, 2.532e-01, 3.572e-01, 3.468e-01, 4.046e-01, 3.104e+00
3.500e-01, 3.000e+03, 1.000e+00, 1.300e+00, 1.000e+00, 4.500e+00, 7.682e-01, 1.404e-01, 5.206e+00, 4.486e-01, 6.667e-01, 7.952e-01, 8.798e-01, 5.283e+00
4.000e-01, 3.000e+03, 1.000e+00, 1.300e+00, 1.000e+00, 4.500e+00, 1.782e+00, 7.889e-02, 6.926e+00, 9.799e-01, 1.187e+00, 1.743e+00, 1.913e+00, 8.825e+00
4.500e-01, 3.000e+03, 1.000e+00, 1.300e+00, 1.000e+00, 4.500e+00, 3.504e+00, 6.081e-02, 9.385e+00, 2.028e+00, 1.972e+00, 3.393e+00, 3.844e+00, 1.461e+01
5.000e-01, 3.000e+03, 1.000e+00, 1.300e+00, 1.000e+00, 4.500e+00, 6.179e+00, 5.596e-02, 1.300e+01, 3.733e+00, 3.091e+00, 5.992e+00, 7.144e+00, 2.430e+01
1.500e-01, 3.000e+03, 1.000e+00, 1.400e+00, 1.000e+00, 4.500e+00, 2.901e-01, 4.129e-02, 1.904e+00, 4.738e-01, 4.214e-01, 4.153e-01, 4.244e-01, 8.207e-01
2.000e-01, 3.000e+03, 1.000e+00, 1.400e+00, 1.000e+00, 4.500e+00, 2.306e-01, 4.340e-02, 2.406e+00, 4.341e-01, 3.879e-01, 3.498e-01, 3.878e-01, 1.204e+00
2.500e-01, 3.000e+03, 1.000e+00, 1.400e+00, 1.000e+00, 4.500e+00, 3.062e-01, 1.085e-01, 3.074e+00, 4.354e-01, 4.819e-01, 3.666e-01, 4.488e-01, 1.968e+00
3.000e-01, 3.000e+03, 1.000e+00, 1.400e+00, 1.000e+00, 4.500e+00, 5.460e-01, 1.509e-01, 3.974e+00, 5.104e-01, 7.494e-01, 5.511e-01, 6.745e-01, 3.289e+00
3.500e-01, 3.000e+03, 1.000e+00, 1.400e+00, 1.000e+00, 4.500e+00, 1.066e+00, 8.244e-02, 5.206e+00, 7.541e-01, 1.251e+00, 1.030e+00, 1.215e+00, 5.446e+00
4.000e-01, 3.000e+03, 1.000e+00, 1.400e+00, 1.000e+00, 4.500e+00, 2.054e+00, 6.275e-02, 6.926e+00, 1.318e+00, 2.065e+00, 1.981e+00, 2.305e+00, 8.907e+00
4.500e-01, 3.000e+03, 1.000e+00, 1.400e+00, 1.000e+00, 4.500e+00, 3.693e+00, 5.435e-02, 9.385e+00, 2.377e+00, 3.291e+00, 3.590e+00, 4.274e+00, 1.449e+01
5.000e-01, 3.000e+03, 1.000e+00, 1.400e+00, 1.000e+00, 4.500e+00, 6.266e+00, 2.532e-02, 1.300e+01, 4.084e+00, 5.050e+00, 6.088e+00, 7.579e+00, 2.373e+01
1.500e-01, 3.000e+03, 1.000e+00, 1.500e+00, 1.000e+00, 4.500e+00, 4.335e-01, 6.193e-02, 1.904e+00, 5.725e-01, 5.287e-01, 5.021e-01, 5.244e-01, 9.202e-01
2.000e-01, 3.000e+03, 1.000e+00, 1.500e+00, 1.000e+00, 4.500e+00, 4.045e-01, 7.238e-02, 2.406e+00, 5.683e-01, 5.405e-01, 4.619e-01, 5.240e-01, 1.330e+00
2.500e-01, 3.000e+03, 1.000e+00, 1.500e+00, 1.000e+00, 4.500e+00, 4.563e-01, 1.369e-01, 3.074e+00, 6.124e-01, 6.950e-01, 5.091e-01, 6.283e-01, 2.114e+00
3.000e-01, 3.000e+03, 1.000e+00, 1.500e+00, 1.000e+00, 4.500e+00, 7.233e-01, 1.243e-01, 3.974e+00, 7.358e-01, 1.049e+00, 7.268e-01, 9.060e-01, 3.438e+00
3.500e-01, 3.000e+03, 1.000e+00, 1.500e+00, 1.000e+00, 4.500e+00, 1.254e+00, 7.894e-02, 5.206e+00, 1.027e+00, 1.677e+00, 1.230e+00, 1.501e+00, 5.571e+00
4.000e-01, 3.000e+03, 1.000e+00, 1.500e+00, 1.000e+00, 4.500e+00, 2.252e+00, 6.064e-02, 6.926e+00, 1.630e+00, 2.678e+00, 2.180e+00, 2.639e+00, 8.955e+00
4.500e-01, 3.000e+03, 1.000e+00, 1.500e+00, 1.000e+00, 4.500e+00, 3.865e+00, 4.643e-02, 9.385e+00, 2.715e+00, 4.173e+00, 3.750e+00, 4.640e+00, 1.436e+01
1.500e-01, 3.000e+03, 1.000e+00, 1.600e+00, 1.000e+00, 4.500e+00, 5.110e-01, 8.420e-02, 1.904e+00, 6.576e-01, 6.192e-01, 5.781e-01, 6.115e-01, 1.004e+00
2.000e-01, 3.000e+03, 1.000e+00, 1.600e+00, 1.000e+00, 4.500e+00, 5.069e-01, 9.294e-02, 2.406e+00, 6.847e-01, 6.670e-01, 5.605e-01, 6.427e-01, 1.437e+00
2.500e-01, 3.000e+03, 1.000e+00, 1.600e+00, 1.000e+00, 4.500e+00, 6.289e-01, 9.594e-02, 3.074e+00, 7.669e-01, 8.662e-01, 6.342e-01, 7.847e-01, 2.234e+00
3.500e-01, 3.000e+03, 1.000e+00, 1.600e+00, 1.000e+00, 4.500e+00, 1.430e+00, 4.978e-02, 5.206e+00, 1.272e+00, 1.990e+00, 1.400e+00, 1.749e+00, 5.668e+00
4.000e-01, 3.000e+03, 1.000e+00, 1.600e+00, 1.000e+00, 4.500e+00, 2.428e+00, 3.853e-02, 6.926e+00, 1.916e+00, 3.104e+00, 2.347e+00, 2.928e+00, 8.979e+00
4.500e-01, 3.000e+03, 1.000e+00, 1.600e+00, 1.000e+00, 4.500e+00, 3.996e+00, 5.030e-02, 9.385e+00, 3.037e+00, 4.757e+00, 3.881e+00, 4.957e+00, 1.421e+01
5.000e-01, 3.000e+03, 1.000e+00, 1.600e+00, 1.000e+00, 4.500e+00, 6.368e+00, 1.662e-02, 1.300e+01, 4.813e+00, 7.116e+00, 6.208e+00, 8.275e+00, 2.268e+01
1.500e-01, 3.000e+03, 1.000e+00, 1.700e+00, 1.000e+00, 4.500e+00, 5.999e-01, 8.877e-02, 1.904e+00, 7.320e-01, 6.962e-01, 6.449e-01, 6.883e-01, 1.076e+00
2.000e-01, 3.000e+03, 1.000e+00, 1.700e+00, 1.000e+00, 4.500e+00, 6.100e-01, 9.762e-02, 2.406e+00, 7.868e-01, 7.730e-01, 6.476e-01, 7.472e-01, 1.527e+00
2.500e-01, 3.000e+03, 1.000e+00, 1.700e+00, 1.000e+00, 4.500e+00, 7.324e-01, 7.920e-02, 3.074e+00, 9.031e-01, 1.006e+00, 7.444e-01, 9.224e-01, 2.336e+00
3.000e-01, 3.000e+03, 1.000e+00, 1.700e+00, 1.000e+00, 4.500e+00, 1.029e+00, 7.032e-02, 3.974e+00, 1.111e+00, 1.460e+00, 1.012e+00, 1.284e+00, 3.660e+00
3.500e-01, 3.000e+03, 1.000e+00, 1.700e+00, 1.000e+00, 4.500e+00, 1.599e+00, 6.401e-02, 5.206e+00, 1.491e+00, 2.222e+00, 1.547e+00, 1.966e+00, 5.743e+00
4.000e-01, 3.000e+03, 1.000e+00, 1.700e+00, 1.000e+00, 4.500e+00, 2.572e+00, 1.923e-02, 6.926e+00, 2.177e+00, 3.404e+00, 2.489e+00, 3.181e+00, 8.985e+00
4.500e-01, 3.000e+03, 1.000e+00, 1.700e+00, 1.000e+00, 4.500e+00, 4.098e+00, 2.505e-02, 9.385e+00, 3.339e+00, 5.143e+00, 3.989e+00, 5.233e+00, 1.406e+01
5.000e-01, 3.000e+03, 1.000e+00, 1.700e+00, 1.000e+00, 4.500e+00, 6.400e+00, 1.257e-02, 1.300e+01, 5.165e+00, 7.612e+00, 6.243e+00, 8.558e+00, 2.220e+01
1.500e-01, 3.000e+03, 1.000e+00, 1.800e+00, 1.000e+00, 4.500e+00, 6.984e-01, 6.032e-02, 1.904e+00, 7.975e-01, 7.626e-01, 7.040e-01, 7.564e-01, 1.139e+00
2.000e-01, 3.000e+03, 1.000e+00, 1.800e+00, 1.000e+00, 4.500e+00, 7.211e-01, 6.671e-02, 2.406e+00, 8.771e-01, 8.629e-01, 7.249e-01, 8.401e-01, 1.605e+00
2.500e-01, 3.000e+03, 1.000e+00, 1.800e+00, 1.000e+00, 4.500e+00, 8.575e-01, 8.064e-02, 3.074e+00, 1.024e+00, 1.122e+00, 8.419e-01, 1.045e+00, 2.423e+00
3.000e-01, 3.000e+03, 1.000e+00, 1.800e+00, 1.000e+00, 4.500e+00, 1.170e+00, 3.978e-02, 3.974e+00, 1.268e+00, 1.605e+00, 1.128e+00, 1.440e+00, 3.743e+00
3.500e-01, 3.000e+03, 1.000e+00, 1.800e+00, 1.000e+00, 4.500e+00, 1.710e+00, 1.846e-02, 5.206e+00, 1.690e+00, 2.399e+00, 1.674e+00, 2.157e+00, 5.801e+00
4.000e-01, 3.000e+03, 1.000e+00, 1.800e+00, 1.000e+00, 4.500e+00, 2.672e+00, 3.895e-02, 6.926e+00, 2.417e+00, 3.617e+00, 2.610e+00, 3.403e+00, 8.978e+00
4.500e-01, 3.000e+03, 1.000e+00, 1.800e+00, 1.000e+00, 4.500e+00, 4.186e+00, 3.273e-02, 9.385e+00, 3.621e+00, 5.398e+00, 4.079e+00, 5.477e+00, 1.391e+01
5.000e-01, 3.000e+03, 1.000e+00, 1.800e+00, 1.000e+00, 4.500e+00, 6.423e+00, 1.937e-02, 1.300e+01, 5.500e+00, 7.912e+00, 6.265e+00, 8.808e+00, 2.175e+01
1.500e-01, 3.000e+03, 1.000e+00, 1.900e+00, 1.000e+00, 4.500e+00, 7.429e-01, 5.343e-02, 1.904e+00, 8.558e-01, 8.202e-01, 7.566e-01, 8.173e-01, 1.193e+00
2.000e-01, 3.000e+03, 1.000e+00, 1.900e+00, 1.000e+00, 4.500e+00, 8.122e-01, 5.014e-02, 2.406e+00, 9.575e-01, 9.400e-01, 7.938e-01, 9.232e-01, 1.672e+00
2.500e-01, 3.000e+03, 1.000e+00, 1.900e+00, 1.000e+00, 4.500e+00, 9.439e-01, 4.528e-02, 3.074e+00, 1.132e+00, 1.219e+00, 9.285e-01, 1.154e+00, 2.497e+00
3.000e-01, 3.000e+03, 1.000e+00, 1.900e+00, 1.000e+00, 4.500e+00, 1.284e+00, 3.943e-02, 3.974e+00, 1.410e+00, 1.722e+00, 1.230e+00, 1.579e+00, 3.813e+00
3.500e-01, 3.000e+03, 1.000e+00, 1.900e+00, 1.000e+00, 4.500e+00, 1.880e+00, 4.316e-02, 5.206e+00, 1.869e+00, 2.536e+00, 1.785e+00, 2.328e+00, 5.847e+00
4.000e-01, 3.000e+03, 1.000e+00, 1.900e+00, 1.000e+00, 4.500e+00, 2.794e+00, 1.786e-02, 6.926e+00, 2.636e+00, 3.771e+00, 2.714e+00, 3.601e+00, 8.961e+00
4.500e-01, 3.000e+03, 1.000e+00, 1.900e+00, 1.000e+00, 4.500e+00, 4.271e+00, 2.148e-02, 9.385e+00, 3.882e+00, 5.565e+00, 4.154e+00, 5.694e+00, 1.376e+01
5.000e-01, 3.000e+03, 1.000e+00, 1.900e+00, 1.000e+00, 4.500e+00, 6.427e+00, 6.219e-03, 1.300e+01, 5.817e+00, 8.085e+00, 6.278e+00, 9.032e+00, 2.133e+01
1.500e-01, 3.000e+03, 1.000e+00, 2.000e+00, 1.000e+00, 4.500e+00, 8.078e-01, 4.788e-02, 1.904e+00, 9.079e-01, 8.706e-01, 8.036e-01, 8.722e-01, 1.240e+00
2.000e-01, 3.000e+03, 1.000e+00, 2.000e+00, 1.000e+00, 4.500e+00, 8.667e-01, 3.139e-02, 2.406e+00, 1.030e+00, 1.007e+00, 8.556e-01, 9.980e-01, 1.730e+00
2.500e-01, 3.000e+03, 1.000e+00, 2.000e+00, 1.000e+00, 4.500e+00, 1.020e+00, 2.651e-02, 3.074e+00, 1.229e+00, 1.301e+00, 1.006e+00, 1.252e+00, 2.560e+00
3.000e-01, 3.000e+03, 1.000e+00, 2.000e+00, 1.000e+00, 4.500e+00, 1.375e+00, 2.507e-02, 3.974e+00, 1.538e+00, 1.818e+00, 1.321e+00, 1.704e+00, 3.871e+00
3.500e-01, 3.000e+03, 1.000e+00, 2.000e+00, 1.000e+00, 4.500e+00, 1.936e+00, 1.822e-02, 5.206e+00, 2.032e+00, 2.643e+00, 1.882e+00, 2.481e+00, 5.881e+00
4.000e-01, 3.000e+03, 1.000e+00, 2.000e+00, 1.000e+00, 4.500e+00, 2.862e+00, 3.973e-02, 6.926e+00, 2.837e+00, 3.883e+00, 2.804e+00, 3.778e+00, 8.937e+00
4.500e-01, 3.000e+03, 1.000e+00, 2.000e+00, 1.000e+00, 4.500e+00, 4.327e+00, 2.130e-02, 9.385e+00, 4.125e+00, 5.672e+00, 4.216e+00, 5.888e+00, 1.362e+01
5.000e-01, 3.000e+03, 1.000e+00, 2.000e+00, 1.000e+00, 4.500e+00, 6.432e+00, 4.797e-03, 1.300e+01, 6.114e+00, 8.174e+00, 6.284e+00, 9.232e+00, 2.093e+01
2.000e-01, 3.000e+03, 1.000e+00, 2.100e+00, 1.000e+00, 4.500e+00, 9.287e-01, 4.145e-02, 2.406e+00, 1.095e+00, 1.065e+00, 9.111e-01, 1.066e+00, 1.782e+00
2.500e-01, 3.000e+03, 1.000e+00, 2.100e+00, 1.000e+00, 4.500e+00, 1.089e+00, 2.745e-02, 3.074e+00, 1.317e+00, 1.371e+00, 1.075e+00, 1.341e+00, 2.616e+00
3.000e-01, 3.000e+03, 1.000e+00, 2.100e+00, 1.000e+00, 4.500e+00, 1.449e+00, 5.258e-02, 3.974e+00, 1.653e+00, 1.898e+00, 1.402e+00, 1.818e+00, 3.921e+00
3.500e-01, 3.000e+03, 1.000e+00, 2.100e+00, 1.000e+00, 4.500e+00, 2.022e+00, 2.954e-02, 5.206e+00, 2.180e+00, 2.727e+00, 1.968e+00, 2.618e+00, 5.907e+00
4.000e-01, 3.000e+03, 1.000e+00, 2.100e+00, 1.000e+00, 4.500e+00, 2.942e+00, 3.697e-02, 6.926e+00, 3.021e+00, 3.964e+00, 2.883e+00, 3.938e+00, 8.908e+00
4.500e-01, 3.000e+03, 1.000e+00, 2.100e+00, 1.000e+00, 4.500e+00, 4.372e+00, 1.054e-02, 9.385e+00, 4.351e+00, 5.738e+00, 4.268e+00, 6.063e+00, 1.347e+01
5.000e-01, 3.000e+03, 1.000e+00, 2.100e+00, 1.000e+00, 4.500e+00, 6.417e+00, 9.050e-03, 1.300e+01, 6.393e+00, 8.208e+00, 6.283e+00, 9.413e+00, 2.055e+01
1.500e-01, 3.000e+03, 1.000e+00, 2.200e+00, 1.000e+00, 4.500e+00, 8.931e-01, 2.704e-02, 1.904e+00, 9.974e-01, 9.544e-01, 8.841e-01, 9.669e-01, 1.319e+00
2.000e-01, 3.000e+03, 1.000e+00, 2.200e+00, 1.000e+00, 4.500e+00, 9.805e-01, 2.734e-02, 2.406e+00, 1.154e+00, 1.116e+00, 9.614e-01, 1.127e+00, 1.827e+00
2.500e-01, 3.000e+03, 1.000e+00, 2.200e+00, 1.000e+00, 4.500e+00, 1.167e+00, 4.569e-02, 3.074e+00, 1.396e+00, 1.432e+00, 1.138e+00, 1.422e+00, 2.664e+00
3.500e-01, 3.000e+03, 1.000e+00, 2.200e+00, 1.000e+00, 4.500e+00, 2.112e+00, 3.859e-02, 5.206e+00, 2.316e+00, 2.796e+00, 2.044e+00, 2.743e+00, 5.926e+00
4.000e-01, 3.000e+03, 1.000e+00, 2.200e+00, 1.000e+00, 4.500e+00, 3.016e+00, 3.260e-02, 6.926e+00, 3.191e+00, 4.024e+00, 2.951e+00, 4.083e+00, 8.875e+00
4.500e-01, 3.000e+03, 1.000e+00, 2.200e+00, 1.000e+00, 4.500e+00, 4.407e+00, 7.214e-03, 9.385e+00, 4.560e+00, 5.776e+00, 4.312e+00, 6.221e+00, 1.333e+01
5.000e-01, 3.000e+03, 1.000e+00, 2.200e+00, 1.000e+00, 4.500e+00, 6.424e+00, 3.458e-03, 1.300e+01, 6.654e+00, 8.204e+00, 6.277e+00, 9.577e+00, 2.020e+01
1.500e-01, 3.000e+03, 1.000e+00, 2.300e+00, 1.000e+00, 4.500e+00, 9.215e-01, 3.116e-02, 1.904e+00, 1.036e+00, 9.896e-01, 9.187e-01, 1.008e+00, 1.353e+00
2.000e-01, 3.000e+03, 1.000e+00, 2.300e+00, 1.000e+00, 4.500e+00, 1.013e+00, 1.325e-02, 2.406e+00, 1.207e+00, 1.161e+00, 1.007e+00, 1.184e+00, 1.867e+00
2.500e-01, 3.000e+03, 1.000e+00, 2.300e+00, 1.000e+00, 4.500e+00, 1.223e+00, 2.575e-02, 3.074e+00, 1.469e+00, 1.485e+00, 1.194e+00, 1.496e+00, 2.706e+00
3.000e-01, 3.000e+03, 1.000e+00, 2.300e+00, 1.000e+00, 4.500e+00, 1.573e+00, 3.947e-02, 3.974e+00, 1.855e+00, 2.023e+00, 1.539e+00, 2.014e+00, 3.998e+00
3.500e-01, 3.000e+03, 1.000e+00, 2.300e+00, 1.000e+00, 4.500e+00, 2.150e+00, 2.935e-02, 5.206e+00, 2.440e+00, 2.851e+00, 2.111e+00, 2.857e+00, 5.940e+00
4.000e-01, 3.000e+03, 1.000e+00, 2.300e+00, 1.000e+00, 4.500e+00, 3.082e+00, 1.777e-02, 6.926e+00, 3.348e+00, 4.068e+00, 3.011e+00, 4.214e+00, 8.839e+00
4.500e-01, 3.000e+03, 1.000e+00, 2.300e+00, 1.000e+00, 4.500e+00, 4.451e+00, 1.322e-02, 9.385e+00, 4.754e+00, 5.794e+00, 4.348e+00, 6.366e+00, 1.320e+01
5.000e-01, 3.000e+03, 1.000e+00, 2.300e+00, 1.000e+00, 4.500e+00, 6.397e+00, 5.385e-03, 1.300e+01, 6.898e+00, 8.176e+00, 6.268e+00, 9.727e+00, 1.987e+01
1.500e-01, 3.000e+03, 1.000e+00, 2.400e+00, 1.000e+00, 4.500e+00, 9.613e-01, 1.474e-02, 1.904e+00, 1.071e+00, 1.021e+00, 9.502e-01, 1.046e+00, 1.383e+00
2.000e-01, 3.000e+03, 1.000e+00, 2.400e+00, 1.000e+00, 4.500e+00, 1.080e+00, 1.455e-02, 2.406e+00, 1.256e+00, 1.201e+00, 1.048e+00, 1.236e+00, 1.903e+00
2.500e-01, 3.000e+03, 1.000e+00, 2.400e+00, 1.000e+00, 4.500e+00, 1.266e+00, 1.913e-02, 3.074e+00, 1.536e+00, 1.532e+00, 1.245e+00, 1.564e+00, 2.743e+00
3.000e-01, 3.000e+03, 1.000e+00, 2.400e+00, 1.000e+00, 4.500e+00, 1.624e+00, 3.004e-02, 3.974e+00, 1.944e+00, 2.072e+00, 1.597e+00, 2.100e+00, 4.028e+00
3.500e-01, 3.000e+03, 1.000e+00, 2.400e+00, 1.000e+00, 4.500e+00, 2.220e+00, 1.990e-02, 5.206e+00, 2.555e+00, 2.896e+00, 2.171e+00, 2.961e+00, 5.949e+00
4.000e-01, 3.000e+03, 1.000e+00, 2.400e+00, 1.000e+00, 4.500e+00, 3.120e+00, 3.169e-02, 6.926e+00, 3.493e+00, 4.099e+00, 3.063e+00, 4.334e+00, 8.801e+00
4.500e-01, 3.000e+03, 1.000e+00, 2.400e+00, 1.000e+00, 4.500e+00, 4.475e+00, 1.166e-02, 9.385e+00, 4.935e+00, 5.797e+00, 4.378e+00, 6.497e+00, 1.307e+01
5.000e-01, 3.000e+03, 1.000e+00, 2.400e+00, 1.000e+00, 4.500e+00, 6.390e+00, 1.096e-02, 1.300e+01, 7.127e+00, 8.132e+00, 6.256e+00, 9.864e+00, 1.955e+01
1.500e-01, 3.000e+03, 1.000e+00, 2.500e+00, 1.000e+00, 4.500e+00, 9.908e-01, 3.925e-03, 1.904e+00, 1.104e+00, 1.049e+00, 9.790e-01, 1.081e+00, 1.409e+00
2.000e-01, 3.000e+03, 1.000e+00, 2.500e+00, 1.000e+00, 4.500e+00, 1.112e+00, 2.485e-02, 2.406e+00, 1.302e+00, 1.237e+00, 1.086e+00, 1.283e+00, 1.935e+00
2.500e-01, 3.000e+03, 1.000e+00, 2.500e+00, 1.000e+00, 4.500e+00, 1.321e+00, 3.563e-02, 3.074e+00, 1.597e+00, 1.573e+00, 1.292e+00, 1.627e+00, 2.776e+00
3.000e-01, 3.000e+03, 1.000e+00, 2.500e+00, 1.000e+00, 4.500e+00, 1.687e+00, 2.039e-02, 3.974e+00, 2.025e+00, 2.114e+00, 1.649e+00, 2.178e+00, 4.054e+00
3.500e-01, 3.000e+03, 1.000e+00, 2.500e+00, 1.000e+00, 4.500e+00, 2.281e+00, 2.917e-02, 5.206e+00, 2.661e+00, 2.933e+00, 2.225e+00, 3.056e+00, 5.954e+00
4.000e-01, 3.000e+03, 1.000e+00, 2.500e+00, 1.000e+00, 4.500e+00, 3.193e+00, 2.635e-02, 6.926e+00, 3.627e+00, 4.121e+00, 3.110e+00, 4.445e+00, 8.762e+00
4.500e-01, 3.000e+03, 1.000e+00, 2.500e+00, 1.000e+00, 4.500e+00, 4.488e+00, 1.723e-02, 9.385e+00, 5.103e+00, 5.790e+00, 4.403e+00, 6.618e+00, 1.294e+01
5.000e-01, 3.000e+03, 1.000e+00, 2.500e+00, 1.000e+00, 4.500e+00, 6.365e+00, 5.684e-03, 1.300e+01, 7.340e+00, 8.076e+00, 6.241e+00, 9.990e+00, 1.925e+01
1.500e-01, 3.000e+03, 1.000e+00, 2.600e+00, 1.000e+00, 4.500e+00, 1.023e+00, 8.370e-03, 1.904e+00, 1.134e+00, 1.075e+00, 1.005e+00, 1.113e+00, 1.434e+00
2.000e-01, 3.000e+03, 1.000e+00, 2.600e+00, 1.000e+00, 4.500e+00, 1.143e+00, 9.164e-03, 2.406e+00, 1.343e+00, 1.269e+00, 1.121e+00, 1.327e+00, 1.964e+00
2.500e-01, 3.000e+03, 1.000e+00, 2.600e+00, 1.000e+00, 4.500e+00, 1.362e+00, 2.620e-02, 3.074e+00, 1.653e+00, 1.609e+00, 1.334e+00, 1.684e+00, 2.805e+00
3.000e-01, 3.000e+03, 1.000e+00, 2.600e+00, 1.000e+00, 4.500e+00, 1.721e+00, 8.652e-03, 3.974e+00, 2.100e+00, 2.150e+00, 1.697e+00, 2.251e+00, 4.076e+00
3.500e-01, 3.000e+03, 1.000e+00, 2.600e+00, 1.000e+00, 4.500e+00, 2.328e+00, 1.257e-02, 5.206e+00, 2.759e+00, 2.963e+00, 2.274e+00, 3.144e+00, 5.956e+00
4.000e-01, 3.000e+03, 1.000e+00, 2.600e+00, 1.000e+00, 4.500e+00, 3.215e+00, 1.675e-02, 6.926e+00, 3.752e+00, 4.135e+00, 3.150e+00, 4.546e+00, 8.722e+00
4.500e-01, 3.000e+03, 1.000e+00, 2.600e+00, 1.000e+00, 4.500e+00, 4.521e+00, 1.638e-02, 9.385e+00, 5.260e+00, 5.775e+00, 4.424e+00, 6.730e+00, 1.281e+01
5.000e-01, 3.000e+03, 1.000e+00, 2.600e+00, 1.000e+00, 4.500e+00, 6.349e+00, 4.718e-03, 1.300e+01, 7.541e+00, 8.013e+00, 6.224e+00, 1.011e+01, 1.897e+01
1.500e-01, 3.000e+03, 1.000e+00, 2.700e+00, 1.000e+00, 4.500e+00, 1.052e+00, 1.641e-02, 1.904e+00, 1.161e+00, 1.098e+00, 1.030e+00, 1.143e+00, 1.456e+00
2.000e-01, 3.000e+03, 1.000e+00, 2.700e+00, 1.000e+00, 4.500e+00, 1.169e+00, 1.549e-02, 2.406e+00, 1.382e+00, 1.298e+00, 1.153e+00, 1.368e+00, 1.990e+00
2.500e-01, 3.000e+03, 1.000e+00, 2.700e+00, 1.000e+00, 4.500e+00, 1.406e+00, 8.308e-03, 3.074e+00, 1.706e+00, 1.642e+00, 1.373e+00, 1.738e+00, 2.831e+00
3.000e-01, 3.000e+03, 1.000e+00, 2.700e+00, 1.000e+00, 4.500e+00, 1.771e+00, 1.157e-02, 3.974e+00, 2.170e+00, 2.182e+00, 1.740e+00, 2.318e+00, 4.095e+00
3.500e-01, 3.000e+03, 1.000e+00, 2.700e+00, 1.000e+00, 4.500e+00, 2.357e+00, 1.571e-02, 5.206e+00, 2.850e+00, 2.987e+00, 2.317e+00, 3.226e+00, 5.956e+00
4.000e-01, 3.000e+03, 1.000e+00, 2.700e+00, 1.000e+00, 4.500e+00, 3.236e+00, 1.302e-02, 6.926e+00, 3.868e+00, 4.144e+00, 3.186e+00, 4.640e+00, 8.681e+00
4.500e-01, 3.000e+03, 1.000e+00, 2.700e+00, 1.000e+00, 4.500e+00, 4.529e+00, 1.142e-02, 9.385e+00, 5.407e+00, 5.755e+00, 4.441e+00, 6.833e+00, 1.270e+01
5.000e-01, 3.000e+03, 1.000e+00, 2.700e+00, 1.000e+00, 4.500e+00, 6.329e+00, 1.169e-02, 1.300e+01, 7.729e+00, 7.946e+00, 6.205e+00, 1.021e+01, 1.870e+01
1.500e-01, 3.000e+03, 1.000e+00, 2.800e+00, 1.000e+00, 4.500e+00, 1.071e+00, 1.126e-02, 1.904e+00, 1.187e+00, 1.120e+00, 1.052e+00, 1.170e+00, 1.476e+00
2.000e-01, 3.000e+03, 1.000e+00, 2.800e+00, 1.000e+00, 4.500e+00, 1.197e+00, 1.057e-02, 2.406e+00, 1.417e+00, 1.325e+00, 1.182e+00, 1.406e+00, 2.014e+00
2.500e-01, 3.000e+03, 1.000e+00, 2.800e+00, 1.000e+00, 4.500e+00, 1.429e+00, 1.194e-02, 3.074e+00, 1.754e+00, 1.671e+00, 1.408e+00, 1.787e+00, 2.854e+00
3.000e-01, 3.000e+03, 1.000e+00, 2.800e+00, 1.000e+00, 4.500e+00, 1.808e+00, 1.341e-02, 3.974e+00, 2.235e+00, 2.209e+00, 1.780e+00, 2.381e+00, 4.111e+00
3.500e-01, 3.000e+03, 1.000e+00, 2.800e+00, 1.000e+00, 4.500e+00, 2.390e+00, 1.364e-03, 5.206e+00, 2.934e+00, 3.008e+00, 2.357e+00, 3.301e+00, 5.953e+00
4.000e-01, 3.000e+03, 1.000e+00, 2.800e+00, 1.000e+00, 4.500e+00, 3.279e+00, 2.499e-02, 6.926e+00, 3.976e+00, 4.148e+00, 3.218e+00, 4.727e+00, 8.640e+00
4.500e-01, 3.000e+03, 1.000e+00, 2.800e+00, 1.000e+00, 4.500e+00, 4.547e+00, 1.057e-02, 9.385e+00, 5.544e+00, 5.731e+00, 4.455e+00, 6.929e+00, 1.258e+01
5.000e-01, 3.000e+03, 1.000e+00, 2.800e+00, 1.000e+00, 4.500e+00, 6.310e+00, 1.161e-02, 1.300e+01, 7.905e+00, 7.876e+00, 6.185e+00, 1.032e+01, 1.845e+01
1.500e-01, 3.000e+03, 1.000e+00, 2.900e+00, 1.000e+00, 4.500e+00, 1.089e+00, 6.614e-03, 1.904e+00, 1.211e+00, 1.139e+00, 1.072e+00, 1.196e+00, 1.495e+00
2.000e-01, 3.000e+03, 1.000e+00, 2.900e+00, 1.000e+00, 4.500e+00, 1.234e+00, 1.190e-02, 2.406e+00, 1.451e+00, 1.348e+00, 1.209e+00, 1.441e+00, 2.035e+00
2.500e-01, 3.000e+03, 1.000e+00, 2.900e+00, 1.000e+00, 4.500e+00, 1.469e+00, 1.250e-02, 3.074e+00, 1.799e+00, 1.696e+00, 1.441e+00, 1.833e+00, 2.875e+00
3.000e-01, 3.000e+03, 1.000e+00, 2.900e+00, 1.000e+00, 4.500e+00, 1.860e+00, 1.274e-02, 3.974e+00, 2.295e+00, 2.234e+00, 1.816e+00, 2.439e+00, 4.124e+00
3.500e-01, 3.000e+03, 1.000e+00, 2.900e+00, 1.000e+00, 4.500e+00, 2.438e+00, 9.361e-03, 5.206e+00, 3.013e+00, 3.024e+00, 2.392e+00, 3.372e+00, 5.949e+00
4.000e-01, 3.000e+03, 1.000e+00, 2.900e+00, 1.000e+00, 4.500e+00, 3.302e+00, 9.405e-03, 6.926e+00, 4.078e+00, 4.149e+00, 3.246e+00, 4.808e+00, 8.599e+00
4.500e-01, 3.000e+03, 1.000e+00, 2.900e+00, 1.000e+00, 4.500e+00, 4.543e+00, 5.244e-03, 9.385e+00, 5.673e+00, 5.703e+00, 4.465e+00, 7.018e+00, 1.247e+01
5.000e-01, 3.000e+03, 1.000e+00, 2.900e+00, 1.000e+00, 4.500e+00, 6.280e+00, 1.798e-02, 1.300e+01, 8.071e+00, 7.804e+00, 6.164e+00, 1.041e+01, 1.821e+01
1.500e-01, 3.000e+03, 1.000e+00, 3.000e+00, 1.000e+00, 4.500e+00, 1.111e+00, 8.895e-03, 1.904e+00, 1.233e+00, 1.157e+00, 1.091e+00, 1.220e+00, 1.511e+00
2.000e-01, 3.000e+03, 1.000e+00, 3.000e+00, 1.000e+00, 4.500e+00, 1.260e+00, 1.036e-02, 2.406e+00, 1.482e+00, 1.370e+00, 1.234e+00, 1.474e+00, 2.055e+00
2.500e-01, 3.000e+03, 1.000e+00, 3.000e+00, 1.000e+00, 4.500e+00, 1.493e+00, 7.338e-03, 3.074e+00, 1.841e+00, 1.720e+00, 1.471e+00, 1.877e+00, 2.893e+00
3.000e-01, 3.000e+03, 1.000e+00, 3.000e+00, 1.000e+00, 4.500e+00, 1.888e+00, 2.097e-02, 3.974e+00, 2.351e+00, 2.255e+00, 1.849e+00, 2.493e+00, 4.136e+00
3.500e-01, 3.000e+03, 1.000e+00, 3.000e+00, 1.000e+00, 4.500e+00, 2.475e+00, 1.826e-02, 5.206e+00, 3.087e+00, 3.038e+00, 2.424e+00, 3.437e+00, 5.943e+00
4.000e-01, 3.000e+03, 1.000e+00, 3.000e+00, 1.000e+00, 4.500e+00, 3.335e+00, 1.409e-02, 6.926e+00, 4.173e+00, 4.146e+00, 3.272e+00, 4.884e+00, 8.558e+00
4.500e-01, 3.000e+03, 1.000e+00, 3.000e+00, 1.000e+00, 4.500e+00, 4.560e+00, 5.370e-03, 9.385e+00, 5.794e+00, 5.674e+00, 4.474e+00, 7.101e+00, 1.236e+01
5.000e-01, 3.000e+03, 1.000e+00, 3.000e+00, 1.000e+00, 4.500e+00, 6.260e+00, 2.886e-02, 1.300e+01, 8.227e+00, 7.732e+00, 6.142e+00, 1.050e+01, 1.798e+01
1.500e-01, 3.000e+03, 1.000e+00, 3.100e+00, 1.000e+00, 4.500e+00, 1.124e+00, 3.935e-03, 1.904e+00, 1.254e+00, 1.173e+00, 1.109e+00, 1.243e+00, 1.527e+00
2.000e-01, 3.000e+03, 1.000e+00, 3.100e+00, 1.000e+00, 4.500e+00, 1.282e+00, 6.961e-03, 2.406e+00, 1.511e+00, 1.390e+00, 1.257e+00, 1.505e+00, 2.072e+00
2.500e-01, 3.000e+03, 1.000e+00, 3.100e+00, 1.000e+00, 4.500e+00, 1.532e+00, 2.058e-02, 3.074e+00, 1.881e+00, 1.741e+00, 1.498e+00, 1.917e+00, 2.910e+00
3.000e-01, 3.000e+03, 1.000e+00, 3.100e+00, 1.000e+00, 4.500e+00, 1.919e+00, 1.342e-02, 3.974e+00, 2.404e+00, 2.273e+00, 1.879e+00, 2.544e+00, 4.145e+00
3.500e-01, 3.000e+03, 1.000e+00, 3.100e+00, 1.000e+00, 4.500e+00, 2.497e+00, 2.037e-02, 5.206e+00, 3.156e+00, 3.049e+00, 2.454e+00, 3.498e+00, 5.936e+00
4.000e-01, 3.000e+03, 1.000e+00, 3.100e+00, 1.000e+00, 4.500e+00, 3.352e+00, 1.483e-02, 6.926e+00, 4.262e+00, 4.142e+00, 3.294e+00, 4.954e+00, 8.518e+00
4.500e-01, 3.000e+03, 1.000e+00, 3.100e+00, 1.000e+00, 4.500e+00, 4.562e+00, 4.491e-03, 9.385e+00, 5.908e+00, 5.643e+00, 4.480e+00, 7.178e+00, 1.226e+01
5.000e-01, 3.000e+03, 1.000e+00, 3.100e+00, 1.000e+00, 4.500e+00, 6.232e+00, 1.345e-02, 1.300e+01, 8.374e+00, 7.660e+00, 6.120e+00, 1.058e+01, 1.776e+01
1.500e-01, 3.000e+03, 1.000e+00, 3.200e+00, 1.000e+00, 4.500e+00, 1.150e+00, 8.555e-03, 1.904e+00, 1.273e+00, 1.188e+00, 1.126e+00, 1.264e+00, 1.541e+00
2.000e-01, 3.000e+03, 1.000e+00, 3.200e+00, 1.000e+00, 4.500e+00, 1.304e+00, 1.479e-02, 2.406e+00, 1.538e+00, 1.408e+00, 1.278e+00, 1.534e+00, 2.089e+00
2.500e-01, 3.000e+03, 1.000e+00, 3.200e+00, 1.000e+00, 4.500e+00, 1.544e+00, 1.149e-02, 3.074e+00, 1.918e+00, 1.760e+00, 1.524e+00, 1.955e+00, 2.924e+00
3.000e-01, 3.000e+03, 1.000e+00, 3.200e+00, 1.000e+00, 4.500e+00, 1.944e+00, 9.962e-03, 3.974e+00, 2.453e+00, 2.290e+00, 1.907e+00, 2.592e+00, 4.153e+00
3.500e-01, 3.000e+03, 1.000e+00, 3.200e+00, 1.000e+00, 4.500e+00, 2.532e+00, 2.095e-02, 5.206e+00, 3.221e+00, 3.057e+00, 2.480e+00, 3.556e+00, 5.928e+00
4.000e-01, 3.000e+03, 1.000e+00, 3.200e+00, 1.000e+00, 4.500e+00, 3.366e+00, 6.695e-03, 6.926e+00, 4.346e+00, 4.135e+00, 3.314e+00, 5.021e+00, 8.478e+00
5.000e-01, 3.000e+03, 1.000e+00, 3.200e+00, 1.000e+00, 4.500e+00, 6.215e+00, 1.285e-02, 1.300e+01, 8.513e+00, 7.589e+00, 6.097e+00, 1.065e+01, 1.755e+01
1.500e-01, 3.000e+03, 1.000e+00, 3.300e+00, 1.000e+00, 4.500e+00, 1.155e+00, 1.476e-02, 1.904e+00, 1.292e+00, 1.202e+00, 1.141e+00, 1.284e+00, 1.554e+00
2.000e-01, 3.000e+03, 1.000e+00, 3.300e+00, 1.000e+00, 4.500e+00, 1.312e+00, 4.147e-03, 2.406e+00, 1.563e+00, 1.425e+00, 1.298e+00, 1.562e+00, 2.103e+00
2.500e-01, 3.000e+03, 1.000e+00, 3.300e+00, 1.000e+00, 4.500e+00, 1.577e+00, 2.371e-02, 3.074e+00, 1.952e+00, 1.777e+00, 1.548e+00, 1.991e+00, 2.938e+00
3.000e-01, 3.000e+03, 1.000e+00, 3.300e+00, 1.000e+00, 4.500e+00, 1.968e+00, 1.154e-03, 3.974e+00, 2.500e+00, 2.304e+00, 1.933e+00, 2.636e+00, 4.160e+00
3.500e-01, 3.000e+03, 1.000e+00, 3.300e+00, 1.000e+00, 4.500e+00, 2.548e+00, 8.889e-03, 5.206e+00, 3.282e+00, 3.064e+00, 2.505e+00, 3.609e+00, 5.919e+00
4.500e-01, 3.000e+03, 1.000e+00, 3.300e+00, 1.000e+00, 4.500e+00, 4.564e+00, 8.921e-03, 9.385e+00, 6.117e+00, 5.578e+00, 4.487e+00, 7.319e+00, 1.206e+01
5.000e-01, 3.000e+03, 1.000e+00, 3.300e+00, 1.000e+00, 4.500e+00, 6.185e+00, 2.093e-02, 1.300e+01, 8.645e+00, 7.518e+00, 6.074e+00, 1.073e+01, 1.735e+01
1.500e-01, 3.000e+03, 1.000e+00, 3.400e+00, 1.000e+00, 4.500e+00, 1.169e+00, 1.686e-02, 1.904e+00, 1.309e+00, 1.215e+00, 1.155e+00, 1.302e+00, 1.567e+00
2.000e-01, 3.000e+03, 1.000e+00, 3.400e+00, 1.000e+00, 4.500e+00, 1.348e+00, 1.396e-02, 2.406e+00, 1.587e+00, 1.440e+00, 1.317e+00, 1.587e+00, 2.117e+00
2.500e-01, 3.000e+03, 1.000e+00, 3.400e+00, 1.000e+00, 4.500e+00, 1.605e+00, 1.147e-02, 3.074e+00, 1.985e+00, 1.792e+00, 1.570e+00, 2.024e+00, 2.950e+00
3.000e-01, 3.000e+03, 1.000e+00, 3.400e+00, 1.000e+00, 4.500e+00, 1.983e+00, 1.908e-02, 3.974e+00, 2.544e+00, 2.317e+00, 1.956e+00, 2.678e+00, 4.165e+00
3.500e-01, 3.000e+03, 1.000e+00, 3.400e+00, 1.000e+00, 4.500e+00, 2.567e+00, 8.806e-03, 5.206e+00, 3.340e+00, 3.069e+00, 2.527e+00, 3.660e+00, 5.909e+00
4.000e-01, 3.000e+03, 1.000e+00, 3.400e+00, 1.000e+00, 4.500e+00, 3.404e+00, 7.708e-03, 6.926e+00, 4.499e+00, 4.118e+00, 3.346e+00, 5.141e+00, 8.399e+00
4.500e-01, 3.000e+03, 1.000e+00, 3.400e+00, 1.000e+00, 4.500e+00, 4.569e+00, 2.214e-03, 9.385e+00, 6.212e+00, 5.545e+00, 4.488e+00, 7.384e+00, 1.197e+01
5.000e-01, 3.000e+03, 1.000e+00, 3.400e+00, 1.000e+00, 4.500e+00, 6.156e+00, 2.086e-02, 1.300e+01, 8.769e+00, 7.449e+00, 6.051e+00, 1.079e+01, 1.716e+01
1.500e-01, 3.000e+03, 1.000e+00, 3.500e+00, 1.000e+00, 4.500e+00, 1.187e+00, 7.310e-03, 1.904e+00, 1.325e+00, 1.227e+00, 1.169e+00, 1.320e+00, 1.578e+00
2.000e-01, 3.000e+03, 1.000e+00, 3.500e+00, 1.000e+00, 4.500e+00, 1.356e+00, 4.643e-03, 2.406e+00, 1.610e+00, 1.454e+00, 1.334e+00, 1.611e+00, 2.129e+00
2.500e-01, 3.000e+03, 1.000e+00, 3.500e+00, 1.000e+00, 4.500e+00, 1.623e+00, 1.178e-02, 3.074e+00, 2.016e+00, 1.806e+00, 1.590e+00, 2.056e+00, 2.961e+00
3.000e-01, 3.000e+03, 1.000e+00, 3.500e+00, 1.000e+00, 4.500e+00, 2.009e+00, 9.772e-03, 3.974e+00, 2.585e+00, 2.328e+00, 1.978e+00, 2.718e+00, 4.170e+00
3.500e-01, 3.000e+03, 1.000e+00, 3.500e+00, 1.000e+00, 4.500e+00, 2.589e+00, 5.888e-03, 5.206e+00, 3.394e+00, 3.073e+00, 2.547e+00, 3.708e+00, 5.899e+00
4.000e-01, 3.000e+03, 1.000e+00, 3.500e+00, 1.000e+00, 4.500e+00, 3.416e+00, 7.632e-03, 6.926e+00, 4.569e+00, 4.108e+00, 3.360e+00, 5.196e+00, 8.360e+00
4.500e-01, 3.000e+03, 1.000e+00, 3.500e+00, 1.000e+00, 4.500e+00, 4.560e+00, 1.004e-02, 9.385e+00, 6.303e+00, 5.512e+00, 4.488e+00, 7.444e+00, 1.188e+01
5.000e-01, 3.000e+03, 1.000e+00, 3.500e+00, 1.000e+00, 4.500e+00, 6.122e+00, 5.682e-03, 1.300e+01, 8.887e+00, 7.381e+00, 6.027e+00, 1.086e+01, 1.697e+01
1.500e-01, 3.000e+03, 1.000e+00, 3.600e+00, 1.000e+00, 4.500e+00, 1.201e+00, 9.130e-03, 1.904e+00, 1.340e+00, 1.238e+00, 1.181e+00, 1.337e+00, 1.588e+00
2.000e-01, 3.000e+03, 1.000e+00, 3.600e+00, 1.000e+00, 4.500e+00, 1.367e+00, 3.983e-03, 2.406e+00, 1.631e+00, 1.467e+00, 1.350e+00, 1.634e+00, 2.141e+00
2.500e-01, 3.000e+03, 1.000e+00, 3.600e+00, 1.000e+00, 4.500e+00, 1.638e+00, 3.229e-03, 3.074e+00, 2.045e+00, 1.819e+00, 1.609e+00, 2.086e+00, 2.970e+00
3.000e-01, 3.000e+03, 1.000e+00, 3.600e+00, 1.000e+00, 4.500e+00, 2.030e+00, 8.294e-03, 3.974e+00, 2.624e+00, 2.338e+00, 1.998e+00, 2.756e+00, 4.173e+00
3.500e-01, 3.000e+03, 1.000e+00, 3.600e+00, 1.000e+00, 4.500e+00, 2.609e+00, 6.513e-03, 5.206e+00, 3.446e+00, 3.076e+00, 2.566e+00, 3.753e+00, 5.888e+00
4.000e-01, 3.000e+03, 1.000e+00, 3.600e+00, 1.000e+00, 4.500e+00, 3.430e+00, 3.223e-03, 6.926e+00, 4.636e+00, 4.097e+00, 3.372e+00, 5.248e+00, 8.323e+00
4.500e-01, 3.000e+03, 1.000e+00, 3.600e+00, 1.000e+00, 4.500e+00, 4.558e+00, 2.890e-03, 9.385e+00, 6.388e+00, 5.479e+00, 4.487e+00, 7.501e+00, 1.179e+01
5.000e-01, 3.000e+03, 1.000e+00, 3.600e+00, 1.000e+00, 4.500e+00, 6.106e+00, 2.070e-02, 1.300e+01, 8.999e+00, 7.315e+00, 6.003e+00, 1.092e+01, 1.680e+01
1.500e-01, 3.000e+03, 1.000e+00, 3.700e+00, 1.000e+00, 4.500e+00, 1.207e+00, 3.677e-03, 1.904e+00, 1.355e+00, 1.248e+00, 1.193e+00, 1.352e+00, 1.598e+00
2.000e-01, 3.000e+03, 1.000e+00, 3.700e+00, 1.000e+00, 4.500e+00, 1.384e+00, 6.275e-03, 2.406e+00, 1.651e+00, 1.479e+00, 1.365e+00, 1.656e+00, 2.152e+00
2.500e-01, 3.000e+03, 1.000e+00, 3.700e+00, 1.000e+00, 4.500e+00, 1.649e+00, 7.581e-03, 3.074e+00, 2.072e+00, 1.831e+00, 1.627e+00, 2.114e+00, 2.979e+00
3.000e-01, 3.000e+03, 1.000e+00, 3.700e+00, 1.000e+00, 4.500e+00, 2.043e+00, 1.054e-02, 3.974e+00, 2.661e+00, 2.347e+00, 2.017e+00, 2.791e+00, 4.175e+00
3.500e-01, 3.000e+03, 1.000e+00, 3.700e+00, 1.000e+00, 4.500e+00, 2.624e+00, 7.461e-03, 5.206e+00, 3.494e+00, 3.077e+00, 2.582e+00, 3.795e+00, 5.877e+00
4.000e-01, 3.000e+03, 1.000e+00, 3.700e+00, 1.000e+00, 4.500e+00, 3.438e+00, 2.798e-03, 6.926e+00, 4.699e+00, 4.085e+00, 3.383e+00, 5.297e+00, 8.285e+00
4.500e-01, 3.000e+03, 1.000e+00, 3.700e+00, 1.000e+00, 4.500e+00, 4.563e+00, 1.002e-02, 9.385e+00, 6.469e+00, 5.446e+00, 4.485e+00, 7.556e+00, 1.171e+01
5.000e-01, 3.000e+03, 1.000e+00, 3.700e+00, 1.000e+00, 4.500e+00, 6.078e+00, 1.605e-02, 1.300e+01, 9.105e+00, 7.250e+00, 5.980e+00, 1.098e+01, 1.663e+01
1.500e-01, 3.000e+03, 1.000e+00, 3.800e+00, 1.000e+00, 4.500e+00, 1.214e+00, 4.488e-03, 1.904e+00, 1.368e+00, 1.258e+00, 1.204e+00, 1.367e+00, 1.607e+00
2.000e-01, 3.000e+03, 1.000e+00, 3.800e+00, 1.000e+00, 4.500e+00, 1.403e+00, 5.804e-03, 2.406e+00, 1.671e+00, 1.490e+00, 1.379e+00, 1.677e+00, 2.161e+00
2.500e-01, 3.000e+03, 1.000e+00, 3.800e+00, 1.000e+00, 4.500e+00, 1.667e+00, 1.052e-02, 3.074e+00, 2.098e+00, 1.842e+00, 1.644e+00, 2.141e+00, 2.987e+00
3.000e-01, 3.000e+03, 1.000e+00, 3.800e+00, 1.000e+00, 4.500e+00, 2.069e+00, 8.175e-03, 3.974e+00, 2.696e+00, 2.354e+00, 2.034e+00, 2.825e+00, 4.177e+00
3.500e-01, 3.000e+03, 1.000e+00, 3.800e+00, 1.000e+00, 4.500e+00, 2.636e+00, 3.060e-03, 5.206e+00, 3.540e+00, 3.078e+00, 2.598e+00, 3.836e+00, 5.865e+00
4.000e-01, 3.000e+03, 1.000e+00, 3.800e+00, 1.000e+00, 4.500e+00, 3.446e+00, 2.563e-03, 6.926e+00, 4.759e+00, 4.073e+00, 3.392e+00, 5.343e+00, 8.249e+00
4.500e-01, 3.000e+03, 1.000e+00, 3.800e+00, 1.000e+00, 4.500e+00, 4.557e+00, 6.599e-03, 9.385e+00, 6.547e+00, 5.414e+00, 4.483e+00, 7.607e+00, 1.163e+01
5.000e-01, 3.000e+03, 1.000e+00, 3.800e+00, 1.000e+00, 4.500e+00, 6.054e+00, 1.835e-02, 1.300e+01, 9.206e+00, 7.187e+00, 5.956e+00, 1.103e+01, 1.646e+01
1.500e-01, 3.000e+03, 1.000e+00, 3.900e+00, 1.000e+00, 4.500e+00, 1.229e+00, 2.265e-03, 1.904e+00, 1.381e+00, 1.267e+00, 1.214e+00, 1.382e+00, 1.616e+00
2.000e-01, 3.000e+03, 1.000e+00, 3.900e+00, 1.000e+00, 4.500e+00, 1.407e+00, 4.545e-03, 2.406e+00, 1.689e+00, 1.500e+00, 1.393e+00, 1.696e+00, 2.170e+00
2.500e-01, 3.000e+03, 1.000e+00, 3.900e+00, 1.000e+00, 4.500e+00, 1.683e+00, 1.425e-02, 3.074e+00, 2.123e+00, 1.852e+00, 1.659e+00, 2.166e+00, 2.994e+00
3.000e-01, 3.000e+03, 1.000e+00, 3.900e+00, 1.000e+00, 4.500e+00, 2.081e+00, 7.311e-03, 3.974e+00, 2.729e+00, 2.361e+00, 2.051e+00, 2.856e+00, 4.178e+00
3.500e-01, 3.000e+03, 1.000e+00, 3.900e+00, 1.000e+00, 4.500e+00, 2.649e+00, 4.570e-03, 5.206e+00, 3.584e+00, 3.078e+00, 2.612e+00, 3.874e+00, 5.854e+00
4.500e-01, 3.000e+03, 1.000e+00, 3.900e+00, 1.000e+00, 4.500e+00, 4.555e+00, 5.514e-03, 9.385e+00, 6.620e+00, 5.381e+00, 4.479e+00, 7.655e+00, 1.155e+01
5.000e-01, 3.000e+03, 1.000e+00, 3.900e+00, 1.000e+00, 4.500e+00, 6.031e+00, 2.048e-02, 1.300e+01, 9.302e+00, 7.125e+00, 5.932e+00, 1.108e+01, 1.631e+01
1.500e-01, 3.000e+03, 1.000e+00, 4.000e+00, 1.000e+00, 4.500e+00, 1.236e+00, 2.986e-03, 1.904e+00, 1.394e+00, 1.275e+00, 1.224e+00, 1.395e+00, 1.624e+00
2.000e-01, 3.000e+03, 1.000e+00, 4.000e+00, 1.000e+00, 4.500e+00, 1.429e+00, 3.618e-03, 2.406e+00, 1.706e+00, 1.510e+00, 1.405e+00, 1.715e+00, 2.179e+00
2.500e-01, 3.000e+03, 1.000e+00, 4.000e+00, 1.000e+00, 4.500e+00, 1.700e+00, 1.011e-02, 3.074e+00, 2.146e+00, 1.861e+00, 1.674e+00, 2.190e+00, 3.000e+00
3.000e-01, 3.000e+03, 1.000e+00, 4.000e+00, 1.000e+00, 4.500e+00, 2.103e+00, 1.112e-02, 3.974e+00, 2.760e+00, 2.367e+00, 2.066e+00, 2.887e+00, 4.179e+00
3.500e-01, 3.000e+03, 1.000e+00, 4.000e+00, 1.000e+00, 4.500e+00, 2.662e+00, 1.480e-02, 5.206e+00, 3.626e+00, 3.077e+00, 2.625e+00, 3.910e+00, 5.842e+00
4.000e-01, 3.000e+03, 1.000e+00, 4.000e+00, 1.000e+00, 4.500e+00, 3.454e+00, 1.648e-02, 6.926e+00, 4.870e+00, 4.048e+00, 3.408e+00, 5.429e+00, 8.178e+00
4.500e-01, 3.000e+03, 1.000e+00, 4.000e+00, 1.000e+00, 4.500e+00, 4.549e+00, 6.963e-03, 9.385e+00, 6.690e+00, 5.350e+00, 4.475e+00, 7.702e+00, 1.147e+01
5.000e-01, 3.000e+03, 1.000e+00, 4.000e+00, 1.000e+00, 4.500e+00, 6.000e+00, 1.791e-02, 1.300e+01, 9.393e+00, 7.065e+00, 5.909e+00, 1.113e+01, 1.616e+01
2.500e-02, 6.000e+03, 1.000e+00, 1.300e+00, 1.000e+00, 4.500e+00, 8.261e-01, 3.868e-02, 1.107e+00, 8.429e-01, 8.472e-01, 8.464e-01, 8.733e-01, 8.553e-01
5.000e-02, 6.000e+03, 1.000e+00, 1.300e+00, 1.000e+00, 4.500e+00, 5.883e-01, 5.390e-02, 1.227e+00, 7.017e-01, 7.063e-01, 7.083e-01, 7.483e-01, 7.409e-01
7.500e-02, 6.000e+03, 1.000e+00, 1.300e+00, 1.000e+00, 4.500e+00, 3.960e-01, 4.749e-02, 1.365e+00, 5.832e-01, 5.789e-01, 5.852e-01, 6.239e-01, 6.617e-01
1.000e-01, 6.000e+03, 1.000e+00, 1.300e+00, 1.000e+00, 4.500e+00, 2.743e-01, 5.570e-02, 1.521e+00, 4.884e-01, 4.663e-01, 4.758e-01, 5.033e-01, 6.238e-01
2.500e-02, 6.000e+03, 1.000e+00, 1.400e+00, 1.000e+00, 4.500e+00, 8.610e-01, 2.155e-02, 1.107e+00, 8.643e-01, 8.679e-01, 8.671e-01, 8.898e-01, 8.761e-01
5.000e-02, 6.000e+03, 1.000e+00, 1.400e+00, 1.000e+00, 4.500e+00, 6.689e-01, 6.839e-02, 1.227e+00, 7.436e-01, 7.476e-01, 7.484e-01, 7.821e-01, 7.822e-01
7.500e-02, 6.000e+03, 1.000e+00, 1.400e+00, 1.000e+00, 4.500e+00, 5.104e-01, 6.473e-02, 1.365e+00, 6.443e-01, 6.407e-01, 6.436e-01, 6.764e-01, 7.234e-01
1.000e-01, 6.000e+03, 1.000e+00, 1.400e+00, 1.000e+00, 4.500e+00, 3.690e-01, 5.442e-02, 1.521e+00, 5.679e-01, 5.492e-01, 5.509e-01, 5.761e-01, 7.053e-01
2.500e-02, 6.000e+03, 1.000e+00, 1.500e+00, 1.000e+00, 4.500e+00, 8.885e-01, 4.272e-03, 1.107e+00, 8.823e-01, 8.853e-01, 8.844e-01, 9.042e-01, 8.935e-01
5.000e-02, 6.000e+03, 1.000e+00, 1.500e+00, 1.000e+00, 4.500e+00, 7.473e-01, 5.591e-02, 1.227e+00, 7.789e-01, 7.822e-01, 7.819e-01, 8.116e-01, 8.169e-01
7.500e-02, 6.000e+03, 1.000e+00, 1.500e+00, 1.000e+00, 4.500e+00, 6.103e-01, 8.329e-02, 1.365e+00, 6.961e-01, 6.927e-01, 6.920e-01, 7.221e-01, 7.750e-01
1.000e-01, 6.000e+03, 1.000e+00, 1.500e+00, 1.000e+00, 4.500e+00, 4.585e-01, 6.316e-02, 1.521e+00, 6.352e-01, 6.188e-01, 6.133e-01, 6.392e-01, 7.735e-01
2.500e-02, 6.000e+03, 1.000e+00, 1.600e+00, 1.000e+00, 4.500e+00, 9.017e-01, 4.159e-03, 1.107e+00, 8.977e-01, 9.001e-01, 8.991e-01, 9.169e-01, 9.083e-01
5.000e-02, 6.000e+03, 1.000e+00, 1.600e+00, 1.000e+00, 4.500e+00, 7.933e-01, 5.009e-02, 1.227e+00, 8.092e-01, 8.118e-01, 8.103e-01, 8.375e-01, 8.464e-01
7.500e-02, 6.000e+03, 1.000e+00, 1.600e+00, 1.000e+00, 4.500e+00, 6.415e-01, 7.651e-02, 1.365e+00, 7.404e-01, 7.369e-01, 7.332e-01, 7.622e-01, 8.189e-01
1.000e-01, 6.000e+03, 1.000e+00, 1.600e+00, 1.000e+00, 4.500e+00, 5.654e-01, 8.158e-02, 1.521e+00, 6.931e-01, 6.779e-01, 6.667e-01, 6.945e-01, 8.314e-01
2.500e-02, 6.000e+03, 1.000e+00, 1.700e+00, 1.000e+00, 4.500e+00, 9.153e-01, 3.703e-03, 1.107e+00, 9.110e-01, 9.128e-01, 9.117e-01, 9.281e-01, 9.211e-01
5.000e-02, 6.000e+03, 1.000e+00, 1.700e+00, 1.000e+00, 4.500e+00, 8.303e-01, 2.712e-02, 1.227e+00, 8.354e-01, 8.372e-01, 8.347e-01, 8.604e-01, 8.718e-01
7.500e-02, 6.000e+03, 1.000e+00, 1.700e+00, 1.000e+00, 4.500e+00, 7.345e-01, 6.882e-02, 1.365e+00, 7.789e-01, 7.749e-01, 7.687e-01, 7.976e-01, 8.566e-01
1.000e-01, 6.000e+03, 1.000e+00, 1.700e+00, 1.000e+00, 4.500e+00, 6.804e-01, 8.018e-02, 1.521e+00, 7.434e-01, 7.286e-01, 7.130e-01, 7.433e-01, 8.811e-01
2.500e-02, 6.000e+03, 1.000e+00, 1.800e+00, 1.000e+00, 4.500e+00, 9.262e-01, 1.629e-03, 1.107e+00, 9.227e-01, 9.239e-01, 9.227e-01, 9.380e-01, 9.322e-01
5.000e-02, 6.000e+03, 1.000e+00, 1.800e+00, 1.000e+00, 4.500e+00, 8.499e-01, 2.729e-02, 1.227e+00, 8.584e-01, 8.592e-01, 8.560e-01, 8.808e-01, 8.938e-01
7.500e-02, 6.000e+03, 1.000e+00, 1.800e+00, 1.000e+00, 4.500e+00, 7.714e-01, 5.276e-02, 1.365e+00, 8.127e-01, 8.079e-01, 7.998e-01, 8.292e-01, 8.894e-01
1.000e-01, 6.000e+03, 1.000e+00, 1.800e+00, 1.000e+00, 4.500e+00, 7.194e-01, 6.771e-02, 1.521e+00, 7.876e-01, 7.726e-01, 7.537e-01, 7.867e-01, 9.242e-01
2.500e-02, 6.000e+03, 1.000e+00, 1.900e+00, 1.000e+00, 4.500e+00, 9.352e-01, 2.296e-03, 1.107e+00, 9.330e-01, 9.336e-01, 9.323e-01, 9.470e-01, 9.419e-01
5.000e-02, 6.000e+03, 1.000e+00, 1.900e+00, 1.000e+00, 4.500e+00, 8.774e-01, 9.265e-03, 1.227e+00, 8.787e-01, 8.786e-01, 8.748e-01, 8.991e-01, 9.131e-01
7.500e-02, 6.000e+03, 1.000e+00, 1.900e+00, 1.000e+00, 4.500e+00, 8.235e-01, 3.113e-02, 1.365e+00, 8.426e-01, 8.369e-01, 8.273e-01, 8.574e-01, 9.180e-01
1.000e-01, 6.000e+03, 1.000e+00, 1.900e+00, 1.000e+00, 4.500e+00, 7.866e-01, 3.603e-02, 1.521e+00, 8.268e-01, 8.110e-01, 7.897e-01, 8.255e-01, 9.619e-01
2.500e-02, 6.000e+03, 1.000e+00, 2.000e+00, 1.000e+00, 4.500e+00, 9.448e-01, 1.091e-03, 1.107e+00, 9.421e-01, 9.422e-01, 9.408e-01, 9.550e-01, 9.505e-01
5.000e-02, 6.000e+03, 1.000e+00, 2.000e+00, 1.000e+00, 4.500e+00, 8.977e-01, 1.139e-02, 1.227e+00, 8.968e-01, 8.957e-01, 8.914e-01, 9.156e-01, 9.301e-01
7.500e-02, 6.000e+03, 1.000e+00, 2.000e+00, 1.000e+00, 4.500e+00, 8.526e-01, 2.020e-02, 1.365e+00, 8.692e-01, 8.624e-01, 8.516e-01, 8.829e-01, 9.433e-01
1.000e-01, 6.000e+03, 1.000e+00, 2.000e+00, 1.000e+00, 4.500e+00, 8.196e-01, 3.010e-02, 1.521e+00, 8.618e-01, 8.449e-01, 8.218e-01, 8.605e-01, 9.950e-01
2.500e-02, 6.000e+03, 1.000e+00, 2.100e+00, 1.000e+00, 4.500e+00, 9.543e-01, 7.874e-04, 1.107e+00, 9.503e-01, 9.499e-01, 9.484e-01, 9.622e-01, 9.582e-01
5.000e-02, 6.000e+03, 1.000e+00, 2.100e+00, 1.000e+00, 4.500e+00, 9.123e-01, 8.379e-03, 1.227e+00, 9.129e-01, 9.109e-01, 9.062e-01, 9.305e-01, 9.453e-01
7.500e-02, 6.000e+03, 1.000e+00, 2.100e+00, 1.000e+00, 4.500e+00, 8.803e-01, 1.210e-02, 1.365e+00, 8.931e-01, 8.850e-01, 8.734e-01, 9.059e-01, 9.657e-01
1.000e-01, 6.000e+03, 1.000e+00, 2.100e+00, 1.000e+00, 4.500e+00, 8.624e-01, 1.805e-02, 1.521e+00, 8.933e-01, 8.749e-01, 8.505e-01, 8.922e-01, 1.024e+00
2.500e-02, 6.000e+03, 1.000e+00, 2.200e+00, 1.000e+00, 4.500e+00, 9.600e-01, 1.214e-03, 1.107e+00, 9.577e-01, 9.567e-01, 9.552e-01, 9.688e-01, 9.650e-01
5.000e-02, 6.000e+03, 1.000e+00, 2.200e+00, 1.000e+00, 4.500e+00, 9.247e-01, 7.418e-03, 1.227e+00, 9.275e-01, 9.244e-01, 9.195e-01, 9.440e-01, 9.588e-01
7.500e-02, 6.000e+03, 1.000e+00, 2.200e+00, 1.000e+00, 4.500e+00, 8.981e-01, 1.613e-02, 1.365e+00, 9.147e-01, 9.052e-01, 8.930e-01, 9.268e-01, 9.857e-01
1.000e-01, 6.000e+03, 1.000e+00, 2.200e+00, 1.000e+00, 4.500e+00, 8.912e-01, 1.089e-02, 1.521e+00, 9.217e-01, 9.016e-01, 8.764e-01, 9.210e-01, 1.051e+00
2.500e-02, 6.000e+03, 1.000e+00, 2.300e+00, 1.000e+00, 4.500e+00, 9.652e-01, 7.300e-04, 1.107e+00, 9.643e-01, 9.629e-01, 9.613e-01, 9.748e-01, 9.711e-01
5.000e-02, 6.000e+03, 1.000e+00, 2.300e+00, 1.000e+00, 4.500e+00, 9.369e-01, 8.027e-03, 1.227e+00, 9.408e-01, 9.366e-01, 9.315e-01, 9.563e-01, 9.710e-01
7.500e-02, 6.000e+03, 1.000e+00, 2.300e+00, 1.000e+00, 4.500e+00, 9.174e-01, 7.774e-03, 1.365e+00, 9.343e-01, 9.234e-01, 9.107e-01, 9.460e-01, 1.004e+00
1.000e-01, 6.000e+03, 1.000e+00, 2.300e+00, 1.000e+00, 4.500e+00, 9.042e-01, 1.274e-02, 1.521e+00, 9.476e-01, 9.256e-01, 8.998e-01, 9.473e-01, 1.074e+00
2.500e-02, 6.000e+03, 1.000e+00, 2.400e+00, 1.000e+00, 4.500e+00, 9.717e-01, 2.656e-03, 1.107e+00, 9.704e-01, 9.684e-01, 9.669e-01, 9.803e-01, 9.767e-01
5.000e-02, 6.000e+03, 1.000e+00, 2.400e+00, 1.000e+00, 4.500e+00, 9.494e-01, 4.406e-03, 1.227e+00, 9.528e-01, 9.477e-01, 9.423e-01, 9.677e-01, 9.820e-01
7.500e-02, 6.000e+03, 1.000e+00, 2.400e+00, 1.000e+00, 4.500e+00, 9.347e-01, 1.151e-02, 1.365e+00, 9.522e-01, 9.398e-01, 9.268e-01, 9.635e-01, 1.020e+00
1.000e-01, 6.000e+03, 1.000e+00, 2.400e+00, 1.000e+00, 4.500e+00, 9.328e-01, 1.310e-02, 1.521e+00, 9.712e-01, 9.472e-01, 9.211e-01, 9.715e-01, 1.095e+00
2.500e-02, 6.000e+03, 1.000e+00, 2.500e+00, 1.000e+00, 4.500e+00, 9.757e-01, 9.435e-04, 1.107e+00, 9.759e-01, 9.735e-01, 9.719e-01, 9.854e-01, 9.818e-01
5.000e-02, 6.000e+03, 1.000e+00, 2.500e+00, 1.000e+00, 4.500e+00, 9.575e-01, 3.697e-03, 1.227e+00, 9.639e-01, 9.577e-01, 9.522e-01, 9.781e-01, 9.919e-01
7.500e-02, 6.000e+03, 1.000e+00, 2.500e+00, 1.000e+00, 4.500e+00, 9.498e-01, 6.706e-03, 1.365e+00, 9.686e-01, 9.546e-01, 9.414e-01, 9.797e-01, 1.035e+00
1.000e-01, 6.000e+03, 1.000e+00, 2.500e+00, 1.000e+00, 4.500e+00, 9.566e-01, 9.297e-03, 1.521e+00, 9.928e-01, 9.668e-01, 9.405e-01, 9.937e-01, 1.114e+00
2.500e-02, 6.000e+03, 1.000e+00, 2.600e+00, 1.000e+00, 4.500e+00, 9.795e-01, 6.850e-04, 1.107e+00, 9.810e-01, 9.781e-01, 9.765e-01, 9.900e-01, 9.863e-01
5.000e-02, 6.000e+03, 1.000e+00, 2.600e+00, 1.000e+00, 4.500e+00, 9.664e-01, 5.254e-03, 1.227e+00, 9.740e-01, 9.668e-01, 9.612e-01, 9.877e-01, 1.001e+00
7.500e-02, 6.000e+03, 1.000e+00, 2.600e+00, 1.000e+00, 4.500e+00, 9.649e-01, 2.959e-03, 1.365e+00, 9.837e-01, 9.681e-01, 9.548e-01, 9.946e-01, 1.048e+00
1.000e-01, 6.000e+03, 1.000e+00, 2.600e+00, 1.000e+00, 4.500e+00, 9.707e-01, 5.155e-03, 1.521e+00, 1.013e+00, 9.846e-01, 9.583e-01, 1.014e+00, 1.132e+00
2.500e-02, 6.000e+03, 1.000e+00, 2.700e+00, 1.000e+00, 4.500e+00, 9.838e-01, 2.538e-03, 1.107e+00, 9.857e-01, 9.823e-01, 9.807e-01, 9.944e-01, 9.906e-01
5.000e-02, 6.000e+03, 1.000e+00, 2.700e+00, 1.000e+00, 4.500e+00, 9.754e-01, 3.208e-03, 1.227e+00, 9.833e-01, 9.751e-01, 9.695e-01, 9.966e-01, 1.009e+00
7.500e-02, 6.000e+03, 1.000e+00, 2.700e+00, 1.000e+00, 4.500e+00, 9.752e-01, 3.084e-03, 1.365e+00, 9.975e-01, 9.805e-01, 9.671e-01, 1.008e+00, 1.060e+00
1.000e-01, 6.000e+03, 1.000e+00, 2.700e+00, 1.000e+00, 4.500e+00, 9.882e-01, 5.446e-03, 1.521e+00, 1.031e+00, 1.001e+00, 9.746e-01, 1.033e+00, 1.148e+00
2.500e-02, 6.000e+03, 1.000e+00, 2.800e+00, 1.000e+00, 4.500e+00, 9.885e-01, 1.437e-03, 1.107e+00, 9.900e-01, 9.862e-01, 9.846e-01, 9.984e-01, 9.944e-01
5.000e-02, 6.000e+03, 1.000e+00, 2.800e+00, 1.000e+00, 4.500e+00, 9.809e-01, 4.885e-03, 1.227e+00, 9.919e-01, 9.828e-01, 9.771e-01, 1.005e+00, 1.017e+00
7.500e-02, 6.000e+03, 1.000e+00, 2.800e+00, 1.000e+00, 4.500e+00, 9.854e-01, 2.817e-03, 1.365e+00, 1.010e+00, 9.918e-01, 9.784e-01, 1.021e+00, 1.071e+00
1.000e-01, 6.000e+03, 1.000e+00, 2.800e+00, 1.000e+00, 4.500e+00, 1.001e+00, 7.419e-03, 1.521e+00, 1.048e+00, 1.016e+00, 9.896e-01, 1.051e+00, 1.162e+00
2.500e-02, 6.000e+03, 1.000e+00, 2.900e+00, 1.000e+00, 4.500e+00, 9.911e-01, 1.136e-03, 1.107e+00, 9.940e-01, 9.897e-01, 9.882e-01, 1.002e+00, 9.980e-01
5.000e-02, 6.000e+03, 1.000e+00, 2.900e+00, 1.000e+00, 4.500e+00, 9.874e-01, 1.587e-03, 1.227e+00, 9.999e-01, 9.898e-01, 9.842e-01, 1.013e+00, 1.024e+00
7.500e-02, 6.000e+03, 1.000e+00, 2.900e+00, 1.000e+00, 4.500e+00, 9.972e-01, 3.380e-03, 1.365e+00, 1.022e+00, 1.002e+00, 9.889e-01, 1.033e+00, 1.082e+00
1.000e-01, 6.000e+03, 1.000e+00, 2.900e+00, 1.000e+00, 4.500e+00, 1.017e+00, 8.634e-03, 1.521e+00, 1.064e+00, 1.029e+00, 1.004e+00, 1.067e+00, 1.176e+00
2.500e-02, 6.000e+03, 1.000e+00, 3.000e+00, 1.000e+00, 4.500e+00, 9.941e-01, 9.155e-04, 1.107e+00, 9.977e-01, 9.930e-01, 9.915e-01, 1.006e+00, 1.001e+00
5.000e-02, 6.000e+03, 1.000e+00, 3.000e+00, 1.000e+00, 4.500e+00, 9.975e-01, 1.350e-03, 1.227e+00, 1.007e+00, 9.963e-01, 9.907e-01, 1.020e+00, 1.030e+00
7.500e-02, 6.000e+03, 1.000e+00, 3.000e+00, 1.000e+00, 4.500e+00, 1.008e+00, 3.232e-03, 1.365e+00, 1.033e+00, 1.012e+00, 9.985e-01, 1.044e+00, 1.091e+00
1.000e-01, 6.000e+03, 1.000e+00, 3.000e+00, 1.000e+00, 4.500e+00, 1.030e+00, 5.665e-03, 1.521e+00, 1.079e+00, 1.042e+00, 1.016e+00, 1.083e+00, 1.188e+00
2.500e-02, 6.000e+03, 1.000e+00, 3.100e+00, 1.000e+00, 4.500e+00, 9.979e-01, 2.998e-04, 1.107e+00, 1.001e+00, 9.961e-01, 9.945e-01, 1.009e+00, 1.004e+00
5.000e-02, 6.000e+03, 1.000e+00, 3.100e+00, 1.000e+00, 4.500e+00, 1.002e+00, 3.504e-04, 1.227e+00, 1.014e+00, 1.002e+00, 9.967e-01, 1.027e+00, 1.036e+00
7.500e-02, 6.000e+03, 1.000e+00, 3.100e+00, 1.000e+00, 4.500e+00, 1.014e+00, 3.957e-03, 1.365e+00, 1.044e+00, 1.021e+00, 1.008e+00, 1.055e+00, 1.100e+00
1.000e-01, 6.000e+03, 1.000e+00, 3.100e+00, 1.000e+00, 4.500e+00, 1.037e+00, 5.836e-03, 1.521e+00, 1.092e+00, 1.053e+00, 1.028e+00, 1.097e+00, 1.199e+00
2.500e-02, 6.000e+03, 1.000e+00, 3.200e+00, 1.000e+00, 4.500e+00, 1.000e+00, 1.711e-03, 1.107e+00, 1.004e+00, 9.989e-01, 9.974e-01, 1.012e+00, 1.007e+00
5.000e-02, 6.000e+03, 1.000e+00, 3.200e+00, 1.000e+00, 4.500e+00, 1.007e+00, 1.947e-03, 1.227e+00, 1.021e+00, 1.008e+00, 1.002e+00, 1.033e+00, 1.042e+00
7.500e-02, 6.000e+03, 1.000e+00, 3.200e+00, 1.000e+00, 4.500e+00, 1.025e+00, 2.043e-03, 1.365e+00, 1.053e+00, 1.029e+00, 1.016e+00, 1.065e+00, 1.108e+00
1.000e-01, 6.000e+03, 1.000e+00, 3.200e+00, 1.000e+00, 4.500e+00, 1.053e+00, 8.110e-03, 1.521e+00, 1.105e+00, 1.064e+00, 1.039e+00, 1.110e+00, 1.210e+00
2.500e-02, 6.000e+03, 1.000e+00, 3.300e+00, 1.000e+00, 4.500e+00, 1.003e+00, 1.345e-03, 1.107e+00, 1.007e+00, 1.002e+00, 1.000e+00, 1.015e+00, 1.010e+00
5.000e-02, 6.000e+03, 1.000e+00, 3.300e+00, 1.000e+00, 4.500e+00, 1.012e+00, 4.479e-04, 1.227e+00, 1.027e+00, 1.013e+00, 1.008e+00, 1.039e+00, 1.047e+00
7.500e-02, 6.000e+03, 1.000e+00, 3.300e+00, 1.000e+00, 4.500e+00, 1.031e+00, 2.600e-03, 1.365e+00, 1.063e+00, 1.036e+00, 1.024e+00, 1.074e+00, 1.115e+00
1.000e-01, 6.000e+03, 1.000e+00, 3.300e+00, 1.000e+00, 4.500e+00, 1.063e+00, 3.448e-03, 1.521e+00, 1.117e+00, 1.074e+00, 1.050e+00, 1.123e+00, 1.219e+00
2.500e-02, 6.000e+03, 1.000e+00, 3.400e+00, 1.000e+00, 4.500e+00, 1.006e+00, 1.751e-03, 1.107e+00, 1.010e+00, 1.004e+00, 1.002e+00, 1.017e+00, 1.012e+00
5.000e-02, 6.000e+03, 1.000e+00, 3.400e+00, 1.000e+00, 4.500e+00, 1.016e+00, 1.360e-03, 1.227e+00, 1.033e+00, 1.018e+00, 1.012e+00, 1.044e+00, 1.052e+00
7.500e-02, 6.000e+03, 1.000e+00, 3.400e+00, 1.000e+00, 4.500e+00, 1.040e+00, 4.432e-03, 1.365e+00, 1.071e+00, 1.043e+00, 1.031e+00, 1.082e+00, 1.122e+00
1.000e-01, 6.000e+03, 1.000e+00, 3.400e+00, 1.000e+00, 4.500e+00, 1.068e+00, 4.052e-03, 1.521e+00, 1.129e+00, 1.083e+00, 1.059e+00, 1.135e+00, 1.228e+00
2.500e-02, 6.000e+03, 1.000e+00, 3.500e+00, 1.000e+00, 4.500e+00, 1.009e+00, 1.148e-03, 1.107e+00, 1.013e+00, 1.006e+00, 1.005e+00, 1.020e+00, 1.014e+00
5.000e-02, 6.000e+03, 1.000e+00, 3.500e+00, 1.000e+00, 4.500e+00, 1.022e+00, 2.431e-03, 1.227e+00, 1.038e+00, 1.022e+00, 1.017e+00, 1.050e+00, 1.056e+00
7.500e-02, 6.000e+03, 1.000e+00, 3.500e+00, 1.000e+00, 4.500e+00, 1.046e+00, 3.067e-03, 1.365e+00, 1.079e+00, 1.050e+00, 1.038e+00, 1.091e+00, 1.129e+00
1.000e-01, 6.000e+03, 1.000e+00, 3.500e+00, 1.000e+00, 4.500e+00, 1.078e+00, 9.573e-04, 1.521e+00, 1.139e+00, 1.092e+00, 1.068e+00, 1.146e+00, 1.237e+00
2.500e-02, 6.000e+03, 1.000e+00, 3.600e+00, 1.000e+00, 4.500e+00, 1.009e+00, 1.272e-03, 1.107e+00, 1.015e+00, 1.008e+00, 1.007e+00, 1.022e+00, 1.017e+00
5.000e-02, 6.000e+03, 1.000e+00, 3.600e+00, 1.000e+00, 4.500e+00, 1.026e+00, 1.545e-03, 1.227e+00, 1.043e+00, 1.027e+00, 1.021e+00, 1.055e+00, 1.060e+00
7.500e-02, 6.000e+03, 1.000e+00, 3.600e+00, 1.000e+00, 4.500e+00, 1.052e+00, 5.530e-03, 1.365e+00, 1.087e+00, 1.056e+00, 1.044e+00, 1.098e+00, 1.135e+00
1.000e-01, 6.000e+03, 1.000e+00, 3.600e+00, 1.000e+00, 4.500e+00, 1.088e+00, 4.243e-03, 1.521e+00, 1.149e+00, 1.100e+00, 1.077e+00, 1.157e+00, 1.245e+00
2.500e-02, 6.000e+03, 1.000e+00, 3.700e+00, 1.000e+00, 4.500e+00, 1.012e+00, 9.208e-04, 1.107e+00, 1.018e+00, 1.010e+00, 1.009e+00, 1.025e+00, 1.019e+00
5.000e-02, 6.000e+03, 1.000e+00, 3.700e+00, 1.000e+00, 4.500e+00, 1.031e+00, 1.531e-03, 1.227e+00, 1.048e+00, 1.030e+00, 1.025e+00, 1.059e+00, 1.064e+00
7.500e-02, 6.000e+03, 1.000e+00, 3.700e+00, 1.000e+00, 4.500e+00, 1.058e+00, 1.285e-03, 1.365e+00, 1.094e+00, 1.062e+00, 1.050e+00, 1.106e+00, 1.141e+00
1.000e-01, 6.000e+03, 1.000e+00, 3.700e+00, 1.000e+00, 4.500e+00, 1.094e+00, 1.588e-03, 1.521e+00, 1.159e+00, 1.107e+00, 1.085e+00, 1.167e+00, 1.252e+00
2.500e-02, 6.000e+03, 1.000e+00, 3.800e+00, 1.000e+00, 4.500e+00, 1.013e+00, 1.439e-03, 1.107e+00, 1.020e+00, 1.012e+00, 1.011e+00, 1.027e+00, 1.021e+00
5.000e-02, 6.000e+03, 1.000e+00, 3.800e+00, 1.000e+00, 4.500e+00, 1.034e+00, 1.899e-03, 1.227e+00, 1.052e+00, 1.034e+00, 1.029e+00, 1.064e+00, 1.068e+00
7.500e-02, 6.000e+03, 1.000e+00, 3.800e+00, 1.000e+00, 4.500e+00, 1.065e+00, 1.385e-03, 1.365e+00, 1.101e+00, 1.067e+00, 1.056e+00, 1.113e+00, 1.146e+00
1.000e-01, 6.000e+03, 1.000e+00, 3.800e+00, 1.000e+00, 4.500e+00, 1.103e+00, 2.185e-03, 1.521e+00, 1.168e+00, 1.114e+00, 1.092e+00, 1.176e+00, 1.259e+00
2.500e-02, 6.000e+03, 1.000e+00, 3.900e+00, 1.000e+00, 4.500e+00, 1.015e+00, 7.835e-04, 1.107e+00, 1.022e+00, 1.014e+00, 1.013e+00, 1.029e+00, 1.022e+00
5.000e-02, 6.000e+03, 1.000e+00, 3.900e+00, 1.000e+00, 4.500e+00, 1.037e+00, 2.048e-03, 1.227e+00, 1.057e+00, 1.038e+00, 1.033e+00, 1.068e+00, 1.071e+00
7.500e-02, 6.000e+03, 1.000e+00, 3.900e+00, 1.000e+00, 4.500e+00, 1.069e+00, 9.089e-04, 1.365e+00, 1.107e+00, 1.072e+00, 1.061e+00, 1.119e+00, 1.151e+00
1.000e-01, 6.000e+03, 1.000e+00, 3.900e+00, 1.000e+00, 4.500e+00, 1.110e+00, 4.531e-03, 1.521e+00, 1.177e+00, 1.121e+00, 1.099e+00, 1.185e+00, 1.265e+00
2.500e-02, 6.000e+03, 1.000e+00, 4.000e+00, 1.000e+00, 4.500e+00, 1.016e+00, 1.641e-03, 1.107e+00, 1.024e+00, 1.016e+00, 1.014e+00, 1.031e+00, 1.024e+00
5.000e-02, 6.000e+03, 1.000e+00, 4.000e+00, 1.000e+00, 4.500e+00, 1.041e+00, 9.576e-04, 1.227e+00, 1.061e+00, 1.041e+00, 1.036e+00, 1.072e+00, 1.075e+00
7.500e-02, 6.000e+03, 1.000e+00, 4.000e+00, 1.000e+00, 4.500e+00, 1.073e+00, 2.446e-03, 1.365e+00, 1.113e+00, 1.077e+00, 1.066e+00, 1.125e+00, 1.156e+00
1.000e-01, 6.000e+03, 1.000e+00, 4.000e+00, 1.000e+00, 4.500e+00, 1.118e+00, 1.262e-03, 1.521e+00, 1.185e+00, 1.127e+00, 1.106e+00, 1.194e+00, 1.271e+00
