pf, N, m, T, sigma, cut, g_max, g_one, g_eff, error, RDF_CS, RDF_LJ
2.500e-02, 6.000e+03, 1.000e+00, 1.300e+00, 1.000e+00, 4.500e+00, 2.188e+00, 1.466e+00, 5.687e-01, 0.000e+00, 1.065e+00, 1.158e+00
2.500e-02, 6.000e+03, 1.000e+00, 1.400e+00, 1.000e+00, 4.500e+00, 2.049e+00, 1.391e+00, 6.217e-01, 0.000e+00, 1.065e+00, 1.158e+00
2.500e-02, 6.000e+03, 1.000e+00, 1.500e+00, 1.000e+00, 4.500e+00, 1.963e+00, 1.384e+00, 6.264e-01, 0.000e+00, 1.065e+00, 1.158e+00
2.500e-02, 6.000e+03, 1.000e+00, 1.600e+00, 1.000e+00, 4.500e+00, 1.869e+00, 1.355e+00, 6.329e-01, 0.000e+00, 1.065e+00, 1.158e+00
2.500e-02, 6.000e+03, 1.000e+00, 1.700e+00, 1.000e+00, 4.500e+00, 1.784e+00, 1.324e+00, 6.497e-01, 0.000e+00, 1.065e+00, 1.158e+00
2.500e-02, 6.000e+03, 1.000e+00, 1.800e+00, 1.000e+00, 4.500e+00, 1.745e+00, 1.303e+00, 6.806e-01, 0.000e+00, 1.065e+00, 1.158e+00
2.500e-02, 6.000e+03, 1.000e+00, 1.900e+00, 1.000e+00, 4.500e+00, 1.680e+00, 1.293e+00, 6.843e-01, 0.000e+00, 1.065e+00, 1.158e+00
2.500e-02, 6.000e+03, 1.000e+00, 2.000e+00, 1.000e+00, 4.500e+00, 1.655e+00, 1.265e+00, 7.069e-01, 0.000e+00, 1.065e+00, 1.158e+00
2.500e-02, 6.000e+03, 1.000e+00, 2.100e+00, 1.000e+00, 4.500e+00, 1.612e+00, 1.257e+00, 6.972e-01, 0.000e+00, 1.065e+00, 1.158e+00
2.500e-02, 6.000e+03, 1.000e+00, 2.200e+00, 1.000e+00, 4.500e+00, 1.580e+00, 1.240e+00, 7.211e-01, 0.000e+00, 1.065e+00, 1.158e+00
2.500e-02, 6.000e+03, 1.000e+00, 2.300e+00, 1.000e+00, 4.500e+00, 1.535e+00, 1.212e+00, 7.302e-01, 0.000e+00, 1.065e+00, 1.158e+00
2.500e-02, 6.000e+03, 1.000e+00, 2.400e+00, 1.000e+00, 4.500e+00, 1.516e+00, 1.226e+00, 7.349e-01, 0.000e+00, 1.065e+00, 1.158e+00
2.500e-02, 6.000e+03, 1.000e+00, 2.500e+00, 1.000e+00, 4.500e+00, 1.495e+00, 1.211e+00, 7.358e-01, 0.000e+00, 1.065e+00, 1.158e+00
2.500e-02, 6.000e+03, 1.000e+00, 2.600e+00, 1.000e+00, 4.500e+00, 1.469e+00, 1.217e+00, 7.787e-01, 0.000e+00, 1.065e+00, 1.158e+00
2.500e-02, 6.000e+03, 1.000e+00, 2.700e+00, 1.000e+00, 4.500e+00, 1.435e+00, 1.183e+00, 7.695e-01, 0.000e+00, 1.065e+00, 1.158e+00
2.500e-02, 6.000e+03, 1.000e+00, 2.800e+00, 1.000e+00, 4.500e+00, 1.430e+00, 1.187e+00, 7.507e-01, 0.000e+00, 1.065e+00, 1.158e+00
2.500e-02, 6.000e+03, 1.000e+00, 2.900e+00, 1.000e+00, 4.500e+00, 1.412e+00, 1.183e+00, 7.773e-01, 0.000e+00, 1.065e+00, 1.158e+00
2.500e-02, 6.000e+03, 1.000e+00, 3.000e+00, 1.000e+00, 4.500e+00, 1.433e+00, 1.197e+00, 3.147e-01, 0.000e+00, 1.065e+00, 1.158e+00
2.500e-02, 6.000e+03, 1.000e+00, 3.100e+00, 1.000e+00, 4.500e+00, 1.406e+00, 1.175e+00, 3.037e-01, 0.000e+00, 1.065e+00, 1.158e+00
2.500e-02, 6.000e+03, 1.000e+00, 3.200e+00, 1.000e+00, 4.500e+00, 1.370e+00, 1.158e+00, 3.261e-01, 0.000e+00, 1.065e+00, 1.158e+00
2.500e-02, 6.000e+03, 1.000e+00, 3.300e+00, 1.000e+00, 4.500e+00, 1.353e+00, 1.152e+00, 3.338e-01, 0.000e+00, 1.065e+00, 1.158e+00
2.500e-02, 6.000e+03, 1.000e+00, 3.400e+00, 1.000e+00, 4.500e+00, 1.340e+00, 1.159e+00, 3.453e-01, 0.000e+00, 1.065e+00, 1.158e+00
2.500e-02, 6.000e+03, 1.000e+00, 3.500e+00, 1.000e+00, 4.500e+00, 1.355e+00, 1.166e+00, 3.622e-01, 0.000e+00, 1.065e+00, 1.158e+00
2.500e-02, 6.000e+03, 1.000e+00, 3.600e+00, 1.000e+00, 4.500e+00, 1.353e+00, 1.175e+00, 3.633e-01, 0.000e+00, 1.065e+00, 1.158e+00
2.500e-02, 6.000e+03, 1.000e+00, 3.700e+00, 1.000e+00, 4.500e+00, 1.312e+00, 1.142e+00, 3.807e-01, 0.000e+00, 1.065e+00, 1.158e+00
2.500e-02, 6.000e+03, 1.000e+00, 3.800e+00, 1.000e+00, 4.500e+00, 1.331e+00, 1.157e+00, 3.805e-01, 0.000e+00, 1.065e+00, 1.158e+00
2.500e-02, 6.000e+03, 1.000e+00, 3.900e+00, 1.000e+00, 4.500e+00, 1.296e+00, 1.160e+00, 4.001e-01, 0.000e+00, 1.065e+00, 1.158e+00
2.500e-02, 6.000e+03, 1.000e+00, 4.000e+00, 1.000e+00, 4.500e+00, 1.322e+00, 1.143e+00, 3.943e-01, 0.000e+00, 1.065e+00, 1.158e+00
5.000e-02, 6.000e+03, 1.000e+00, 1.300e+00, 1.000e+00, 4.500e+00, 2.216e+00, 1.494e+00, 6.029e-01, 0.000e+00, 1.137e+00, 1.197e+00
5.000e-02, 6.000e+03, 1.000e+00, 1.400e+00, 1.000e+00, 4.500e+00, 2.032e+00, 1.430e+00, 6.197e-01, 0.000e+00, 1.137e+00, 1.197e+00
5.000e-02, 6.000e+03, 1.000e+00, 1.500e+00, 1.000e+00, 4.500e+00, 1.956e+00, 1.392e+00, 6.233e-01, 0.000e+00, 1.137e+00, 1.197e+00
5.000e-02, 6.000e+03, 1.000e+00, 1.600e+00, 1.000e+00, 4.500e+00, 1.851e+00, 1.349e+00, 6.508e-01, 0.000e+00, 1.137e+00, 1.197e+00
5.000e-02, 6.000e+03, 1.000e+00, 1.700e+00, 1.000e+00, 4.500e+00, 1.809e+00, 1.342e+00, 6.557e-01, 0.000e+00, 1.137e+00, 1.197e+00
5.000e-02, 6.000e+03, 1.000e+00, 1.800e+00, 1.000e+00, 4.500e+00, 1.719e+00, 1.309e+00, 6.781e-01, 0.000e+00, 1.137e+00, 1.197e+00
5.000e-02, 6.000e+03, 1.000e+00, 1.900e+00, 1.000e+00, 4.500e+00, 1.700e+00, 1.303e+00, 6.902e-01, 0.000e+00, 1.137e+00, 1.197e+00
5.000e-02, 6.000e+03, 1.000e+00, 2.000e+00, 1.000e+00, 4.500e+00, 1.646e+00, 1.278e+00, 7.004e-01, 0.000e+00, 1.137e+00, 1.197e+00
5.000e-02, 6.000e+03, 1.000e+00, 2.100e+00, 1.000e+00, 4.500e+00, 1.592e+00, 1.273e+00, 7.239e-01, 0.000e+00, 1.137e+00, 1.197e+00
5.000e-02, 6.000e+03, 1.000e+00, 2.200e+00, 1.000e+00, 4.500e+00, 1.575e+00, 1.263e+00, 7.252e-01, 0.000e+00, 1.137e+00, 1.197e+00
5.000e-02, 6.000e+03, 1.000e+00, 2.300e+00, 1.000e+00, 4.500e+00, 1.555e+00, 1.248e+00, 7.447e-01, 0.000e+00, 1.137e+00, 1.197e+00
5.000e-02, 6.000e+03, 1.000e+00, 2.400e+00, 1.000e+00, 4.500e+00, 1.536e+00, 1.246e+00, 7.659e-01, 0.000e+00, 1.137e+00, 1.197e+00
5.000e-02, 6.000e+03, 1.000e+00, 2.500e+00, 1.000e+00, 4.500e+00, 1.491e+00, 1.227e+00, 7.737e-01, 0.000e+00, 1.137e+00, 1.197e+00
5.000e-02, 6.000e+03, 1.000e+00, 2.600e+00, 1.000e+00, 4.500e+00, 1.492e+00, 1.223e+00, 7.584e-01, 0.000e+00, 1.137e+00, 1.197e+00
5.000e-02, 6.000e+03, 1.000e+00, 2.700e+00, 1.000e+00, 4.500e+00, 1.460e+00, 1.222e+00, 7.842e-01, 0.000e+00, 1.137e+00, 1.197e+00
5.000e-02, 6.000e+03, 1.000e+00, 2.800e+00, 1.000e+00, 4.500e+00, 1.435e+00, 1.202e+00, 7.885e-01, 0.000e+00, 1.137e+00, 1.197e+00
5.000e-02, 6.000e+03, 1.000e+00, 2.900e+00, 1.000e+00, 4.500e+00, 1.427e+00, 1.199e+00, 7.988e-01, 0.000e+00, 1.137e+00, 1.197e+00
5.000e-02, 6.000e+03, 1.000e+00, 3.000e+00, 1.000e+00, 4.500e+00, 1.422e+00, 1.201e+00, 3.071e-01, 0.000e+00, 1.137e+00, 1.197e+00
5.000e-02, 6.000e+03, 1.000e+00, 3.100e+00, 1.000e+00, 4.500e+00, 1.401e+00, 1.191e+00, 3.248e-01, 0.000e+00, 1.137e+00, 1.197e+00
5.000e-02, 6.000e+03, 1.000e+00, 3.200e+00, 1.000e+00, 4.500e+00, 1.390e+00, 1.206e+00, 3.359e-01, 0.000e+00, 1.137e+00, 1.197e+00
5.000e-02, 6.000e+03, 1.000e+00, 3.300e+00, 1.000e+00, 4.500e+00, 1.372e+00, 1.182e+00, 3.525e-01, 0.000e+00, 1.137e+00, 1.197e+00
5.000e-02, 6.000e+03, 1.000e+00, 3.400e+00, 1.000e+00, 4.500e+00, 1.380e+00, 1.193e+00, 3.472e-01, 0.000e+00, 1.137e+00, 1.197e+00
5.000e-02, 6.000e+03, 1.000e+00, 3.500e+00, 1.000e+00, 4.500e+00, 1.353e+00, 1.180e+00, 3.758e-01, 0.000e+00, 1.137e+00, 1.197e+00
5.000e-02, 6.000e+03, 1.000e+00, 3.600e+00, 1.000e+00, 4.500e+00, 1.334e+00, 1.179e+00, 3.803e-01, 0.000e+00, 1.137e+00, 1.197e+00
5.000e-02, 6.000e+03, 1.000e+00, 3.700e+00, 1.000e+00, 4.500e+00, 1.342e+00, 1.177e+00, 3.977e-01, 0.000e+00, 1.137e+00, 1.197e+00
5.000e-02, 6.000e+03, 1.000e+00, 3.800e+00, 1.000e+00, 4.500e+00, 1.332e+00, 1.169e+00, 3.997e-01, 0.000e+00, 1.137e+00, 1.197e+00
5.000e-02, 6.000e+03, 1.000e+00, 3.900e+00, 1.000e+00, 4.500e+00, 1.314e+00, 1.157e+00, 4.133e-01, 0.000e+00, 1.137e+00, 1.197e+00
5.000e-02, 6.000e+03, 1.000e+00, 4.000e+00, 1.000e+00, 4.500e+00, 1.311e+00, 1.181e+00, 4.188e-01, 0.000e+00, 1.137e+00, 1.197e+00
7.500e-02, 6.000e+03, 1.000e+00, 1.300e+00, 1.000e+00, 4.500e+00, 2.228e+00, 1.532e+00, 6.246e-01, 0.000e+00, 1.216e+00, 1.240e+00
7.500e-02, 6.000e+03, 1.000e+00, 1.400e+00, 1.000e+00, 4.500e+00, 2.055e+00, 1.456e+00, 6.269e-01, 0.000e+00, 1.216e+00, 1.240e+00
7.500e-02, 6.000e+03, 1.000e+00, 1.500e+00, 1.000e+00, 4.500e+00, 1.936e+00, 1.411e+00, 6.468e-01, 0.000e+00, 1.216e+00, 1.240e+00
7.500e-02, 6.000e+03, 1.000e+00, 1.600e+00, 1.000e+00, 4.500e+00, 1.859e+00, 1.375e+00, 6.548e-01, 0.000e+00, 1.216e+00, 1.240e+00
7.500e-02, 6.000e+03, 1.000e+00, 1.700e+00, 1.000e+00, 4.500e+00, 1.790e+00, 1.342e+00, 6.686e-01, 0.000e+00, 1.216e+00, 1.240e+00
7.500e-02, 6.000e+03, 1.000e+00, 1.800e+00, 1.000e+00, 4.500e+00, 1.730e+00, 1.316e+00, 6.886e-01, 0.000e+00, 1.216e+00, 1.240e+00
7.500e-02, 6.000e+03, 1.000e+00, 1.900e+00, 1.000e+00, 4.500e+00, 1.677e+00, 1.295e+00, 7.052e-01, 0.000e+00, 1.216e+00, 1.240e+00
7.500e-02, 6.000e+03, 1.000e+00, 2.000e+00, 1.000e+00, 4.500e+00, 1.637e+00, 1.290e+00, 7.249e-01, 0.000e+00, 1.216e+00, 1.240e+00
7.500e-02, 6.000e+03, 1.000e+00, 2.100e+00, 1.000e+00, 4.500e+00, 1.610e+00, 1.291e+00, 7.298e-01, 0.000e+00, 1.216e+00, 1.240e+00
7.500e-02, 6.000e+03, 1.000e+00, 2.200e+00, 1.000e+00, 4.500e+00, 1.585e+00, 1.267e+00, 7.430e-01, 0.000e+00, 1.216e+00, 1.240e+00
7.500e-02, 6.000e+03, 1.000e+00, 2.300e+00, 1.000e+00, 4.500e+00, 1.547e+00, 1.274e+00, 7.688e-01, 0.000e+00, 1.216e+00, 1.240e+00
7.500e-02, 6.000e+03, 1.000e+00, 2.400e+00, 1.000e+00, 4.500e+00, 1.526e+00, 1.271e+00, 7.750e-01, 0.000e+00, 1.216e+00, 1.240e+00
7.500e-02, 6.000e+03, 1.000e+00, 2.500e+00, 1.000e+00, 4.500e+00, 1.515e+00, 1.260e+00, 7.769e-01, 0.000e+00, 1.216e+00, 1.240e+00
7.500e-02, 6.000e+03, 1.000e+00, 2.600e+00, 1.000e+00, 4.500e+00, 1.499e+00, 1.245e+00, 7.875e-01, 0.000e+00, 1.216e+00, 1.240e+00
7.500e-02, 6.000e+03, 1.000e+00, 2.700e+00, 1.000e+00, 4.500e+00, 1.480e+00, 1.246e+00, 7.930e-01, 0.000e+00, 1.216e+00, 1.240e+00
7.500e-02, 6.000e+03, 1.000e+00, 2.800e+00, 1.000e+00, 4.500e+00, 1.460e+00, 1.231e+00, 8.081e-01, 0.000e+00, 1.216e+00, 1.240e+00
7.500e-02, 6.000e+03, 1.000e+00, 2.900e+00, 1.000e+00, 4.500e+00, 1.445e+00, 1.227e+00, 8.156e-01, 0.000e+00, 1.216e+00, 1.240e+00
7.500e-02, 6.000e+03, 1.000e+00, 3.000e+00, 1.000e+00, 4.500e+00, 1.429e+00, 1.226e+00, 3.202e-01, 0.000e+00, 1.216e+00, 1.240e+00
7.500e-02, 6.000e+03, 1.000e+00, 3.100e+00, 1.000e+00, 4.500e+00, 1.412e+00, 1.222e+00, 3.245e-01, 0.000e+00, 1.216e+00, 1.240e+00
7.500e-02, 6.000e+03, 1.000e+00, 3.200e+00, 1.000e+00, 4.500e+00, 1.394e+00, 1.216e+00, 3.482e-01, 0.000e+00, 1.216e+00, 1.240e+00
7.500e-02, 6.000e+03, 1.000e+00, 3.300e+00, 1.000e+00, 4.500e+00, 1.388e+00, 1.217e+00, 3.562e-01, 0.000e+00, 1.216e+00, 1.240e+00
7.500e-02, 6.000e+03, 1.000e+00, 3.400e+00, 1.000e+00, 4.500e+00, 1.381e+00, 1.216e+00, 3.675e-01, 0.000e+00, 1.216e+00, 1.240e+00
7.500e-02, 6.000e+03, 1.000e+00, 3.500e+00, 1.000e+00, 4.500e+00, 1.379e+00, 1.203e+00, 3.827e-01, 0.000e+00, 1.216e+00, 1.240e+00
7.500e-02, 6.000e+03, 1.000e+00, 3.600e+00, 1.000e+00, 4.500e+00, 1.366e+00, 1.197e+00, 3.919e-01, 0.000e+00, 1.216e+00, 1.240e+00
7.500e-02, 6.000e+03, 1.000e+00, 3.700e+00, 1.000e+00, 4.500e+00, 1.346e+00, 1.199e+00, 4.023e-01, 0.000e+00, 1.216e+00, 1.240e+00
7.500e-02, 6.000e+03, 1.000e+00, 3.800e+00, 1.000e+00, 4.500e+00, 1.347e+00, 1.204e+00, 4.099e-01, 0.000e+00, 1.216e+00, 1.240e+00
7.500e-02, 6.000e+03, 1.000e+00, 3.900e+00, 1.000e+00, 4.500e+00, 1.339e+00, 1.197e+00, 4.167e-01, 0.000e+00, 1.216e+00, 1.240e+00
7.500e-02, 6.000e+03, 1.000e+00, 4.000e+00, 1.000e+00, 4.500e+00, 1.334e+00, 1.199e+00, 4.320e-01, 0.000e+00, 1.216e+00, 1.240e+00
1.000e-01, 6.000e+03, 1.000e+00, 1.300e+00, 1.000e+00, 4.500e+00, 2.192e+00, 1.522e+00, 6.365e-01, 0.000e+00, 1.303e+00, 1.286e+00
1.000e-01, 6.000e+03, 1.000e+00, 1.400e+00, 1.000e+00, 4.500e+00, 2.019e+00, 1.457e+00, 6.385e-01, 0.000e+00, 1.303e+00, 1.286e+00
1.000e-01, 6.000e+03, 1.000e+00, 1.500e+00, 1.000e+00, 4.500e+00, 1.923e+00, 1.420e+00, 6.460e-01, 0.000e+00, 1.303e+00, 1.286e+00
1.000e-01, 6.000e+03, 1.000e+00, 1.600e+00, 1.000e+00, 4.500e+00, 1.846e+00, 1.375e+00, 6.562e-01, 0.000e+00, 1.303e+00, 1.286e+00
1.000e-01, 6.000e+03, 1.000e+00, 1.700e+00, 1.000e+00, 4.500e+00, 1.779e+00, 1.356e+00, 6.916e-01, 0.000e+00, 1.303e+00, 1.286e+00
1.000e-01, 6.000e+03, 1.000e+00, 1.800e+00, 1.000e+00, 4.500e+00, 1.731e+00, 1.331e+00, 6.992e-01, 0.000e+00, 1.303e+00, 1.286e+00
1.000e-01, 6.000e+03, 1.000e+00, 1.900e+00, 1.000e+00, 4.500e+00, 1.692e+00, 1.336e+00, 7.134e-01, 0.000e+00, 1.303e+00, 1.286e+00
1.000e-01, 6.000e+03, 1.000e+00, 2.000e+00, 1.000e+00, 4.500e+00, 1.642e+00, 1.315e+00, 7.292e-01, 0.000e+00, 1.303e+00, 1.286e+00
1.000e-01, 6.000e+03, 1.000e+00, 2.100e+00, 1.000e+00, 4.500e+00, 1.606e+00, 1.294e+00, 7.453e-01, 0.000e+00, 1.303e+00, 1.286e+00
1.000e-01, 6.000e+03, 1.000e+00, 2.200e+00, 1.000e+00, 4.500e+00, 1.585e+00, 1.299e+00, 7.583e-01, 0.000e+00, 1.303e+00, 1.286e+00
1.000e-01, 6.000e+03, 1.000e+00, 2.300e+00, 1.000e+00, 4.500e+00, 1.559e+00, 1.286e+00, 7.771e-01, 0.000e+00, 1.303e+00, 1.286e+00
1.000e-01, 6.000e+03, 1.000e+00, 2.400e+00, 1.000e+00, 4.500e+00, 1.535e+00, 1.283e+00, 7.835e-01, 0.000e+00, 1.303e+00, 1.286e+00
1.000e-01, 6.000e+03, 1.000e+00, 2.500e+00, 1.000e+00, 4.500e+00, 1.521e+00, 1.273e+00, 7.957e-01, 0.000e+00, 1.303e+00, 1.286e+00
1.000e-01, 6.000e+03, 1.000e+00, 2.600e+00, 1.000e+00, 4.500e+00, 1.504e+00, 1.265e+00, 8.114e-01, 0.000e+00, 1.303e+00, 1.286e+00
1.000e-01, 6.000e+03, 1.000e+00, 2.700e+00, 1.000e+00, 4.500e+00, 1.476e+00, 1.262e+00, 8.192e-01, 0.000e+00, 1.303e+00, 1.286e+00
1.000e-01, 6.000e+03, 1.000e+00, 2.800e+00, 1.000e+00, 4.500e+00, 1.467e+00, 1.258e+00, 8.292e-01, 0.000e+00, 1.303e+00, 1.286e+00
1.000e-01, 6.000e+03, 1.000e+00, 2.900e+00, 1.000e+00, 4.500e+00, 1.460e+00, 1.256e+00, 8.400e-01, 0.000e+00, 1.303e+00, 1.286e+00
1.000e-01, 6.000e+03, 1.000e+00, 3.000e+00, 1.000e+00, 4.500e+00, 1.442e+00, 1.251e+00, 3.259e-01, 0.000e+00, 1.303e+00, 1.286e+00
1.000e-01, 6.000e+03, 1.000e+00, 3.100e+00, 1.000e+00, 4.500e+00, 1.441e+00, 1.237e+00, 3.414e-01, 0.000e+00, 1.303e+00, 1.286e+00
1.000e-01, 6.000e+03, 1.000e+00, 3.200e+00, 1.000e+00, 4.500e+00, 1.420e+00, 1.247e+00, 3.615e-01, 0.000e+00, 1.303e+00, 1.286e+00
1.000e-01, 6.000e+03, 1.000e+00, 3.300e+00, 1.000e+00, 4.500e+00, 1.409e+00, 1.225e+00, 3.720e-01, 0.000e+00, 1.303e+00, 1.286e+00
1.000e-01, 6.000e+03, 1.000e+00, 3.400e+00, 1.000e+00, 4.500e+00, 1.390e+00, 1.247e+00, 3.773e-01, 0.000e+00, 1.303e+00, 1.286e+00
1.000e-01, 6.000e+03, 1.000e+00, 3.500e+00, 1.000e+00, 4.500e+00, 1.389e+00, 1.237e+00, 3.944e-01, 0.000e+00, 1.303e+00, 1.286e+00
1.000e-01, 6.000e+03, 1.000e+00, 3.600e+00, 1.000e+00, 4.500e+00, 1.386e+00, 1.229e+00, 3.991e-01, 0.000e+00, 1.303e+00, 1.286e+00
1.000e-01, 6.000e+03, 1.000e+00, 3.700e+00, 1.000e+00, 4.500e+00, 1.369e+00, 1.221e+00, 4.127e-01, 0.000e+00, 1.303e+00, 1.286e+00
1.000e-01, 6.000e+03, 1.000e+00, 3.800e+00, 1.000e+00, 4.500e+00, 1.366e+00, 1.228e+00, 4.276e-01, 0.000e+00, 1.303e+00, 1.286e+00
1.000e-01, 6.000e+03, 1.000e+00, 3.900e+00, 1.000e+00, 4.500e+00, 1.363e+00, 1.231e+00, 4.359e-01, 0.000e+00, 1.303e+00, 1.286e+00
1.000e-01, 6.000e+03, 1.000e+00, 4.000e+00, 1.000e+00, 4.500e+00, 1.344e+00, 1.233e+00, 4.544e-01, 0.000e+00, 1.303e+00, 1.286e+00
1.500e-01, 3.000e+03, 1.000e+00, 1.300e+00, 1.000e+00, 4.500e+00, 2.268e+00, 1.646e+00, 6.956e-01, 0.000e+00, 1.506e+00, 1.393e+00
1.500e-01, 3.000e+03, 1.000e+00, 1.400e+00, 1.000e+00, 4.500e+00, 1.981e+00, 1.454e+00, 6.397e-01, 0.000e+00, 1.506e+00, 1.393e+00
1.500e-01, 3.000e+03, 1.000e+00, 1.500e+00, 1.000e+00, 4.500e+00, 1.903e+00, 1.423e+00, 6.620e-01, 0.000e+00, 1.506e+00, 1.393e+00
1.500e-01, 3.000e+03, 1.000e+00, 1.600e+00, 1.000e+00, 4.500e+00, 1.818e+00, 1.389e+00, 6.862e-01, 0.000e+00, 1.506e+00, 1.393e+00
1.500e-01, 3.000e+03, 1.000e+00, 1.700e+00, 1.000e+00, 4.500e+00, 1.768e+00, 1.389e+00, 7.026e-01, 0.000e+00, 1.506e+00, 1.393e+00
1.500e-01, 3.000e+03, 1.000e+00, 1.800e+00, 1.000e+00, 4.500e+00, 1.738e+00, 1.369e+00, 7.298e-01, 0.000e+00, 1.506e+00, 1.393e+00
1.500e-01, 3.000e+03, 1.000e+00, 1.900e+00, 1.000e+00, 4.500e+00, 1.684e+00, 1.369e+00, 7.450e-01, 0.000e+00, 1.506e+00, 1.393e+00
1.500e-01, 3.000e+03, 1.000e+00, 2.000e+00, 1.000e+00, 4.500e+00, 1.651e+00, 1.355e+00, 7.683e-01, 0.000e+00, 1.506e+00, 1.393e+00
1.500e-01, 3.000e+03, 1.000e+00, 2.100e+00, 1.000e+00, 4.500e+00, 1.625e+00, 1.356e+00, 7.781e-01, 0.000e+00, 1.506e+00, 1.393e+00
1.500e-01, 3.000e+03, 1.000e+00, 2.200e+00, 1.000e+00, 4.500e+00, 1.612e+00, 1.345e+00, 7.972e-01, 0.000e+00, 1.506e+00, 1.393e+00
1.500e-01, 3.000e+03, 1.000e+00, 2.300e+00, 1.000e+00, 4.500e+00, 1.574e+00, 1.332e+00, 8.174e-01, 0.000e+00, 1.506e+00, 1.393e+00
1.500e-01, 3.000e+03, 1.000e+00, 2.400e+00, 1.000e+00, 4.500e+00, 1.568e+00, 1.332e+00, 8.191e-01, 0.000e+00, 1.506e+00, 1.393e+00
1.500e-01, 3.000e+03, 1.000e+00, 2.500e+00, 1.000e+00, 4.500e+00, 1.546e+00, 1.330e+00, 8.375e-01, 0.000e+00, 1.506e+00, 1.393e+00
1.500e-01, 3.000e+03, 1.000e+00, 2.600e+00, 1.000e+00, 4.500e+00, 1.529e+00, 1.322e+00, 8.564e-01, 0.000e+00, 1.506e+00, 1.393e+00
1.500e-01, 3.000e+03, 1.000e+00, 2.700e+00, 1.000e+00, 4.500e+00, 1.520e+00, 1.322e+00, 8.667e-01, 0.000e+00, 1.506e+00, 1.393e+00
1.500e-01, 3.000e+03, 1.000e+00, 2.800e+00, 1.000e+00, 4.500e+00, 1.512e+00, 1.320e+00, 8.752e-01, 0.000e+00, 1.506e+00, 1.393e+00
1.500e-01, 3.000e+03, 1.000e+00, 2.900e+00, 1.000e+00, 4.500e+00, 1.499e+00, 1.321e+00, 8.889e-01, 0.000e+00, 1.506e+00, 1.393e+00
1.500e-01, 3.000e+03, 1.000e+00, 3.000e+00, 1.000e+00, 4.500e+00, 1.473e+00, 1.317e+00, 3.591e-01, 0.000e+00, 1.506e+00, 1.393e+00
1.500e-01, 3.000e+03, 1.000e+00, 3.100e+00, 1.000e+00, 4.500e+00, 1.467e+00, 1.310e+00, 3.733e-01, 0.000e+00, 1.506e+00, 1.393e+00
1.500e-01, 3.000e+03, 1.000e+00, 3.200e+00, 1.000e+00, 4.500e+00, 1.462e+00, 1.318e+00, 3.777e-01, 0.000e+00, 1.506e+00, 1.393e+00
1.500e-01, 3.000e+03, 1.000e+00, 3.300e+00, 1.000e+00, 4.500e+00, 1.455e+00, 1.315e+00, 4.033e-01, 0.000e+00, 1.506e+00, 1.393e+00
1.500e-01, 3.000e+03, 1.000e+00, 3.400e+00, 1.000e+00, 4.500e+00, 1.456e+00, 1.314e+00, 4.122e-01, 0.000e+00, 1.506e+00, 1.393e+00
1.500e-01, 3.000e+03, 1.000e+00, 3.500e+00, 1.000e+00, 4.500e+00, 1.432e+00, 1.319e+00, 4.337e-01, 0.000e+00, 1.506e+00, 1.393e+00
1.500e-01, 3.000e+03, 1.000e+00, 3.600e+00, 1.000e+00, 4.500e+00, 1.437e+00, 1.299e+00, 4.379e-01, 0.000e+00, 1.506e+00, 1.393e+00
1.500e-01, 3.000e+03, 1.000e+00, 3.700e+00, 1.000e+00, 4.500e+00, 1.431e+00, 1.304e+00, 4.542e-01, 0.000e+00, 1.506e+00, 1.393e+00
1.500e-01, 3.000e+03, 1.000e+00, 3.800e+00, 1.000e+00, 4.500e+00, 1.409e+00, 1.290e+00, 4.705e-01, 0.000e+00, 1.506e+00, 1.393e+00
1.500e-01, 3.000e+03, 1.000e+00, 3.900e+00, 1.000e+00, 4.500e+00, 1.408e+00, 1.291e+00, 4.778e-01, 0.000e+00, 1.506e+00, 1.393e+00
1.500e-01, 3.000e+03, 1.000e+00, 4.000e+00, 1.000e+00, 4.500e+00, 1.407e+00, 1.296e+00, 4.817e-01, 0.000e+00, 1.506e+00, 1.393e+00
2.000e-01, 3.000e+03, 1.000e+00, 1.300e+00, 1.000e+00, 4.500e+00, 2.036e+00, 1.492e+00, 6.335e-01, 0.000e+00, 1.758e+00, 1.522e+00
2.000e-01, 3.000e+03, 1.000e+00, 1.400e+00, 1.000e+00, 4.500e+00, 1.941e+00, 1.446e+00, 6.543e-01, 0.000e+00, 1.758e+00, 1.522e+00
2.000e-01, 3.000e+03, 1.000e+00, 1.500e+00, 1.000e+00, 4.500e+00, 1.875e+00, 1.439e+00, 6.758e-01, 0.000e+00, 1.758e+00, 1.522e+00
2.000e-01, 3.000e+03, 1.000e+00, 1.600e+00, 1.000e+00, 4.500e+00, 1.813e+00, 1.427e+00, 7.119e-01, 0.000e+00, 1.758e+00, 1.522e+00
2.000e-01, 3.000e+03, 1.000e+00, 1.700e+00, 1.000e+00, 4.500e+00, 1.763e+00, 1.423e+00, 7.453e-01, 0.000e+00, 1.758e+00, 1.522e+00
2.000e-01, 3.000e+03, 1.000e+00, 1.800e+00, 1.000e+00, 4.500e+00, 1.739e+00, 1.422e+00, 7.658e-01, 0.000e+00, 1.758e+00, 1.522e+00
2.000e-01, 3.000e+03, 1.000e+00, 1.900e+00, 1.000e+00, 4.500e+00, 1.714e+00, 1.414e+00, 7.890e-01, 0.000e+00, 1.758e+00, 1.522e+00
2.000e-01, 3.000e+03, 1.000e+00, 2.000e+00, 1.000e+00, 4.500e+00, 1.685e+00, 1.419e+00, 8.127e-01, 0.000e+00, 1.758e+00, 1.522e+00
2.000e-01, 3.000e+03, 1.000e+00, 2.100e+00, 1.000e+00, 4.500e+00, 1.670e+00, 1.403e+00, 8.352e-01, 0.000e+00, 1.758e+00, 1.522e+00
2.000e-01, 3.000e+03, 1.000e+00, 2.200e+00, 1.000e+00, 4.500e+00, 1.649e+00, 1.417e+00, 8.515e-01, 0.000e+00, 1.758e+00, 1.522e+00
2.000e-01, 3.000e+03, 1.000e+00, 2.300e+00, 1.000e+00, 4.500e+00, 1.636e+00, 1.417e+00, 8.728e-01, 0.000e+00, 1.758e+00, 1.522e+00
2.000e-01, 3.000e+03, 1.000e+00, 2.400e+00, 1.000e+00, 4.500e+00, 1.618e+00, 1.409e+00, 8.846e-01, 0.000e+00, 1.758e+00, 1.522e+00
2.000e-01, 3.000e+03, 1.000e+00, 2.500e+00, 1.000e+00, 4.500e+00, 1.607e+00, 1.403e+00, 9.095e-01, 0.000e+00, 1.758e+00, 1.522e+00
2.000e-01, 3.000e+03, 1.000e+00, 2.600e+00, 1.000e+00, 4.500e+00, 1.581e+00, 1.412e+00, 9.238e-01, 0.000e+00, 1.758e+00, 1.522e+00
2.000e-01, 3.000e+03, 1.000e+00, 2.700e+00, 1.000e+00, 4.500e+00, 1.568e+00, 1.411e+00, 9.368e-01, 0.000e+00, 1.758e+00, 1.522e+00
2.000e-01, 3.000e+03, 1.000e+00, 2.800e+00, 1.000e+00, 4.500e+00, 1.571e+00, 1.409e+00, 9.441e-01, 0.000e+00, 1.758e+00, 1.522e+00
2.000e-01, 3.000e+03, 1.000e+00, 2.900e+00, 1.000e+00, 4.500e+00, 1.543e+00, 1.404e+00, 9.695e-01, 0.000e+00, 1.758e+00, 1.522e+00
2.000e-01, 3.000e+03, 1.000e+00, 3.000e+00, 1.000e+00, 4.500e+00, 1.549e+00, 1.392e+00, 3.850e-01, 0.000e+00, 1.758e+00, 1.522e+00
2.000e-01, 3.000e+03, 1.000e+00, 3.100e+00, 1.000e+00, 4.500e+00, 1.540e+00, 1.395e+00, 4.129e-01, 0.000e+00, 1.758e+00, 1.522e+00
2.000e-01, 3.000e+03, 1.000e+00, 3.200e+00, 1.000e+00, 4.500e+00, 1.534e+00, 1.390e+00, 4.293e-01, 0.000e+00, 1.758e+00, 1.522e+00
2.000e-01, 3.000e+03, 1.000e+00, 3.300e+00, 1.000e+00, 4.500e+00, 1.532e+00, 1.392e+00, 4.400e-01, 0.000e+00, 1.758e+00, 1.522e+00
2.000e-01, 3.000e+03, 1.000e+00, 3.400e+00, 1.000e+00, 4.500e+00, 1.508e+00, 1.394e+00, 4.626e-01, 0.000e+00, 1.758e+00, 1.522e+00
2.000e-01, 3.000e+03, 1.000e+00, 3.500e+00, 1.000e+00, 4.500e+00, 1.499e+00, 1.385e+00, 4.752e-01, 0.000e+00, 1.758e+00, 1.522e+00
2.000e-01, 3.000e+03, 1.000e+00, 3.600e+00, 1.000e+00, 4.500e+00, 1.504e+00, 1.391e+00, 4.814e-01, 0.000e+00, 1.758e+00, 1.522e+00
2.000e-01, 3.000e+03, 1.000e+00, 3.700e+00, 1.000e+00, 4.500e+00, 1.494e+00, 1.396e+00, 4.928e-01, 0.000e+00, 1.758e+00, 1.522e+00
2.000e-01, 3.000e+03, 1.000e+00, 3.800e+00, 1.000e+00, 4.500e+00, 1.495e+00, 1.390e+00, 5.084e-01, 0.000e+00, 1.758e+00, 1.522e+00
2.000e-01, 3.000e+03, 1.000e+00, 3.900e+00, 1.000e+00, 4.500e+00, 1.489e+00, 1.387e+00, 5.253e-01, 0.000e+00, 1.758e+00, 1.522e+00
2.000e-01, 3.000e+03, 1.000e+00, 4.000e+00, 1.000e+00, 4.500e+00, 1.470e+00, 1.383e+00, 5.348e-01, 0.000e+00, 1.758e+00, 1.522e+00
2.500e-01, 3.000e+03, 1.000e+00, 1.300e+00, 1.000e+00, 4.500e+00, 1.979e+00, 1.502e+00, 6.530e-01, 0.000e+00, 2.074e+00, 1.678e+00
2.500e-01, 3.000e+03, 1.000e+00, 1.400e+00, 1.000e+00, 4.500e+00, 1.918e+00, 1.496e+00, 6.866e-01, 0.000e+00, 2.074e+00, 1.678e+00
2.500e-01, 3.000e+03, 1.000e+00, 1.500e+00, 1.000e+00, 4.500e+00, 1.889e+00, 1.500e+00, 7.233e-01, 0.000e+00, 2.074e+00, 1.678e+00
2.500e-01, 3.000e+03, 1.000e+00, 1.600e+00, 1.000e+00, 4.500e+00, 1.853e+00, 1.500e+00, 7.607e-01, 0.000e+00, 2.074e+00, 1.678e+00
2.500e-01, 3.000e+03, 1.000e+00, 1.700e+00, 1.000e+00, 4.500e+00, 1.824e+00, 1.504e+00, 7.996e-01, 0.000e+00, 2.074e+00, 1.678e+00
2.500e-01, 3.000e+03, 1.000e+00, 1.800e+00, 1.000e+00, 4.500e+00, 1.804e+00, 1.512e+00, 8.236e-01, 0.000e+00, 2.074e+00, 1.678e+00
2.500e-01, 3.000e+03, 1.000e+00, 1.900e+00, 1.000e+00, 4.500e+00, 1.776e+00, 1.508e+00, 8.593e-01, 0.000e+00, 2.074e+00, 1.678e+00
2.500e-01, 3.000e+03, 1.000e+00, 2.000e+00, 1.000e+00, 4.500e+00, 1.760e+00, 1.513e+00, 8.862e-01, 0.000e+00, 2.074e+00, 1.678e+00
2.500e-01, 3.000e+03, 1.000e+00, 2.100e+00, 1.000e+00, 4.500e+00, 1.746e+00, 1.518e+00, 9.064e-01, 0.000e+00, 2.074e+00, 1.678e+00
2.500e-01, 3.000e+03, 1.000e+00, 2.200e+00, 1.000e+00, 4.500e+00, 1.715e+00, 1.523e+00, 9.356e-01, 0.000e+00, 2.074e+00, 1.678e+00
2.500e-01, 3.000e+03, 1.000e+00, 2.300e+00, 1.000e+00, 4.500e+00, 1.726e+00, 1.515e+00, 9.544e-01, 0.000e+00, 2.074e+00, 1.678e+00
2.500e-01, 3.000e+03, 1.000e+00, 2.400e+00, 1.000e+00, 4.500e+00, 1.713e+00, 1.522e+00, 9.760e-01, 0.000e+00, 2.074e+00, 1.678e+00
2.500e-01, 3.000e+03, 1.000e+00, 2.500e+00, 1.000e+00, 4.500e+00, 1.699e+00, 1.508e+00, 9.958e-01, 0.000e+00, 2.074e+00, 1.678e+00
2.500e-01, 3.000e+03, 1.000e+00, 2.600e+00, 1.000e+00, 4.500e+00, 1.682e+00, 1.518e+00, 1.017e+00, 0.000e+00, 2.074e+00, 1.678e+00
2.500e-01, 3.000e+03, 1.000e+00, 2.700e+00, 1.000e+00, 4.500e+00, 1.672e+00, 1.509e+00, 1.037e+00, 0.000e+00, 2.074e+00, 1.678e+00
2.500e-01, 3.000e+03, 1.000e+00, 2.800e+00, 1.000e+00, 4.500e+00, 1.656e+00, 1.505e+00, 1.056e+00, 0.000e+00, 2.074e+00, 1.678e+00
2.500e-01, 3.000e+03, 1.000e+00, 2.900e+00, 1.000e+00, 4.500e+00, 1.653e+00, 1.513e+00, 1.062e+00, 0.000e+00, 2.074e+00, 1.678e+00
2.500e-01, 3.000e+03, 1.000e+00, 3.000e+00, 1.000e+00, 4.500e+00, 1.641e+00, 1.507e+00, 4.360e-01, 0.000e+00, 2.074e+00, 1.678e+00
2.500e-01, 3.000e+03, 1.000e+00, 3.100e+00, 1.000e+00, 4.500e+00, 1.625e+00, 1.507e+00, 4.653e-01, 0.000e+00, 2.074e+00, 1.678e+00
2.500e-01, 3.000e+03, 1.000e+00, 3.200e+00, 1.000e+00, 4.500e+00, 1.619e+00, 1.511e+00, 4.830e-01, 0.000e+00, 2.074e+00, 1.678e+00
2.500e-01, 3.000e+03, 1.000e+00, 3.300e+00, 1.000e+00, 4.500e+00, 1.608e+00, 1.505e+00, 4.919e-01, 0.000e+00, 2.074e+00, 1.678e+00
2.500e-01, 3.000e+03, 1.000e+00, 3.400e+00, 1.000e+00, 4.500e+00, 1.602e+00, 1.500e+00, 5.180e-01, 0.000e+00, 2.074e+00, 1.678e+00
2.500e-01, 3.000e+03, 1.000e+00, 3.500e+00, 1.000e+00, 4.500e+00, 1.591e+00, 1.509e+00, 5.297e-01, 0.000e+00, 2.074e+00, 1.678e+00
2.500e-01, 3.000e+03, 1.000e+00, 3.600e+00, 1.000e+00, 4.500e+00, 1.598e+00, 1.499e+00, 5.468e-01, 0.000e+00, 2.074e+00, 1.678e+00
2.500e-01, 3.000e+03, 1.000e+00, 3.700e+00, 1.000e+00, 4.500e+00, 1.589e+00, 1.498e+00, 5.629e-01, 0.000e+00, 2.074e+00, 1.678e+00
2.500e-01, 3.000e+03, 1.000e+00, 3.800e+00, 1.000e+00, 4.500e+00, 1.575e+00, 1.495e+00, 5.786e-01, 0.000e+00, 2.074e+00, 1.678e+00
2.500e-01, 3.000e+03, 1.000e+00, 3.900e+00, 1.000e+00, 4.500e+00, 1.558e+00, 1.506e+00, 5.964e-01, 0.000e+00, 2.074e+00, 1.678e+00
2.500e-01, 3.000e+03, 1.000e+00, 4.000e+00, 1.000e+00, 4.500e+00, 1.564e+00, 1.498e+00, 6.065e-01, 0.000e+00, 2.074e+00, 1.678e+00
3.000e-01, 3.000e+03, 1.000e+00, 1.300e+00, 1.000e+00, 4.500e+00, 2.037e+00, 1.587e+00, 7.171e-01, 0.000e+00, 2.478e+00, 1.872e+00
3.000e-01, 3.000e+03, 1.000e+00, 1.400e+00, 1.000e+00, 4.500e+00, 2.010e+00, 1.607e+00, 7.566e-01, 0.000e+00, 2.478e+00, 1.872e+00
3.000e-01, 3.000e+03, 1.000e+00, 1.500e+00, 1.000e+00, 4.500e+00, 1.975e+00, 1.620e+00, 8.042e-01, 0.000e+00, 2.478e+00, 1.872e+00
3.000e-01, 3.000e+03, 1.000e+00, 1.600e+00, 1.000e+00, 4.500e+00, 1.955e+00, 1.628e+00, 8.512e-01, 0.000e+00, 2.478e+00, 1.872e+00
3.000e-01, 3.000e+03, 1.000e+00, 1.700e+00, 1.000e+00, 4.500e+00, 1.936e+00, 1.631e+00, 8.896e-01, 0.000e+00, 2.478e+00, 1.872e+00
3.000e-01, 3.000e+03, 1.000e+00, 1.800e+00, 1.000e+00, 4.500e+00, 1.908e+00, 1.643e+00, 9.365e-01, 0.000e+00, 2.478e+00, 1.872e+00
3.000e-01, 3.000e+03, 1.000e+00, 1.900e+00, 1.000e+00, 4.500e+00, 1.896e+00, 1.648e+00, 9.631e-01, 0.000e+00, 2.478e+00, 1.872e+00
3.000e-01, 3.000e+03, 1.000e+00, 2.000e+00, 1.000e+00, 4.500e+00, 1.880e+00, 1.651e+00, 9.924e-01, 0.000e+00, 2.478e+00, 1.872e+00
3.000e-01, 3.000e+03, 1.000e+00, 2.100e+00, 1.000e+00, 4.500e+00, 1.844e+00, 1.659e+00, 1.019e+00, 0.000e+00, 2.478e+00, 1.872e+00
3.000e-01, 3.000e+03, 1.000e+00, 2.200e+00, 1.000e+00, 4.500e+00, 1.841e+00, 1.658e+00, 1.052e+00, 0.000e+00, 2.478e+00, 1.872e+00
3.000e-01, 3.000e+03, 1.000e+00, 2.300e+00, 1.000e+00, 4.500e+00, 1.834e+00, 1.650e+00, 1.067e+00, 0.000e+00, 2.478e+00, 1.872e+00
3.000e-01, 3.000e+03, 1.000e+00, 2.400e+00, 1.000e+00, 4.500e+00, 1.813e+00, 1.646e+00, 1.095e+00, 0.000e+00, 2.478e+00, 1.872e+00
3.000e-01, 3.000e+03, 1.000e+00, 2.500e+00, 1.000e+00, 4.500e+00, 1.802e+00, 1.656e+00, 1.121e+00, 0.000e+00, 2.478e+00, 1.872e+00
3.000e-01, 3.000e+03, 1.000e+00, 2.600e+00, 1.000e+00, 4.500e+00, 1.784e+00, 1.653e+00, 1.138e+00, 0.000e+00, 2.478e+00, 1.872e+00
3.000e-01, 3.000e+03, 1.000e+00, 2.700e+00, 1.000e+00, 4.500e+00, 1.780e+00, 1.655e+00, 1.160e+00, 0.000e+00, 2.478e+00, 1.872e+00
3.000e-01, 3.000e+03, 1.000e+00, 2.800e+00, 1.000e+00, 4.500e+00, 1.781e+00, 1.655e+00, 1.165e+00, 0.000e+00, 2.478e+00, 1.872e+00
3.000e-01, 3.000e+03, 1.000e+00, 2.900e+00, 1.000e+00, 4.500e+00, 1.747e+00, 1.648e+00, 1.190e+00, 0.000e+00, 2.478e+00, 1.872e+00
3.000e-01, 3.000e+03, 1.000e+00, 3.000e+00, 1.000e+00, 4.500e+00, 1.753e+00, 1.646e+00, 5.070e-01, 0.000e+00, 2.478e+00, 1.872e+00
3.000e-01, 3.000e+03, 1.000e+00, 3.100e+00, 1.000e+00, 4.500e+00, 1.733e+00, 1.646e+00, 5.287e-01, 0.000e+00, 2.478e+00, 1.872e+00
3.000e-01, 3.000e+03, 1.000e+00, 3.200e+00, 1.000e+00, 4.500e+00, 1.723e+00, 1.645e+00, 5.440e-01, 0.000e+00, 2.478e+00, 1.872e+00
3.000e-01, 3.000e+03, 1.000e+00, 3.300e+00, 1.000e+00, 4.500e+00, 1.715e+00, 1.644e+00, 5.847e-01, 0.000e+00, 2.478e+00, 1.872e+00
3.000e-01, 3.000e+03, 1.000e+00, 3.400e+00, 1.000e+00, 4.500e+00, 1.707e+00, 1.633e+00, 5.888e-01, 0.000e+00, 2.478e+00, 1.872e+00
3.000e-01, 3.000e+03, 1.000e+00, 3.500e+00, 1.000e+00, 4.500e+00, 1.701e+00, 1.632e+00, 6.109e-01, 0.000e+00, 2.478e+00, 1.872e+00
3.000e-01, 3.000e+03, 1.000e+00, 3.600e+00, 1.000e+00, 4.500e+00, 1.694e+00, 1.638e+00, 6.197e-01, 0.000e+00, 2.478e+00, 1.872e+00
3.000e-01, 3.000e+03, 1.000e+00, 3.700e+00, 1.000e+00, 4.500e+00, 1.693e+00, 1.622e+00, 6.391e-01, 0.000e+00, 2.478e+00, 1.872e+00
3.000e-01, 3.000e+03, 1.000e+00, 3.800e+00, 1.000e+00, 4.500e+00, 1.672e+00, 1.621e+00, 6.661e-01, 0.000e+00, 2.478e+00, 1.872e+00
3.000e-01, 3.000e+03, 1.000e+00, 3.900e+00, 1.000e+00, 4.500e+00, 1.667e+00, 1.629e+00, 6.758e-01, 0.000e+00, 2.478e+00, 1.872e+00
3.000e-01, 3.000e+03, 1.000e+00, 4.000e+00, 1.000e+00, 4.500e+00, 1.655e+00, 1.620e+00, 6.883e-01, 0.000e+00, 2.478e+00, 1.872e+00
3.500e-01, 3.000e+03, 1.000e+00, 1.300e+00, 1.000e+00, 4.500e+00, 2.173e+00, 1.778e+00, 8.173e-01, 0.000e+00, 3.004e+00, 2.115e+00
3.500e-01, 3.000e+03, 1.000e+00, 1.400e+00, 1.000e+00, 4.500e+00, 2.154e+00, 1.786e+00, 8.802e-01, 0.000e+00, 3.004e+00, 2.115e+00
3.500e-01, 3.000e+03, 1.000e+00, 1.500e+00, 1.000e+00, 4.500e+00, 2.129e+00, 1.805e+00, 9.326e-01, 0.000e+00, 3.004e+00, 2.115e+00
3.500e-01, 3.000e+03, 1.000e+00, 1.600e+00, 1.000e+00, 4.500e+00, 2.094e+00, 1.817e+00, 9.874e-01, 0.000e+00, 3.004e+00, 2.115e+00
3.500e-01, 3.000e+03, 1.000e+00, 1.700e+00, 1.000e+00, 4.500e+00, 2.087e+00, 1.819e+00, 1.031e+00, 0.000e+00, 3.004e+00, 2.115e+00
3.500e-01, 3.000e+03, 1.000e+00, 1.800e+00, 1.000e+00, 4.500e+00, 2.066e+00, 1.828e+00, 1.072e+00, 0.000e+00, 3.004e+00, 2.115e+00
3.500e-01, 3.000e+03, 1.000e+00, 1.900e+00, 1.000e+00, 4.500e+00, 2.029e+00, 1.836e+00, 1.118e+00, 0.000e+00, 3.004e+00, 2.115e+00
3.500e-01, 3.000e+03, 1.000e+00, 2.000e+00, 1.000e+00, 4.500e+00, 2.024e+00, 1.825e+00, 1.146e+00, 0.000e+00, 3.004e+00, 2.115e+00
3.500e-01, 3.000e+03, 1.000e+00, 2.100e+00, 1.000e+00, 4.500e+00, 2.001e+00, 1.845e+00, 1.169e+00, 0.000e+00, 3.004e+00, 2.115e+00
3.500e-01, 3.000e+03, 1.000e+00, 2.200e+00, 1.000e+00, 4.500e+00, 1.973e+00, 1.838e+00, 1.206e+00, 0.000e+00, 3.004e+00, 2.115e+00
3.500e-01, 3.000e+03, 1.000e+00, 2.300e+00, 1.000e+00, 4.500e+00, 1.967e+00, 1.834e+00, 1.226e+00, 0.000e+00, 3.004e+00, 2.115e+00
3.500e-01, 3.000e+03, 1.000e+00, 2.400e+00, 1.000e+00, 4.500e+00, 1.937e+00, 1.835e+00, 1.268e+00, 0.000e+00, 3.004e+00, 2.115e+00
3.500e-01, 3.000e+03, 1.000e+00, 2.500e+00, 1.000e+00, 4.500e+00, 1.926e+00, 1.831e+00, 1.287e+00, 0.000e+00, 3.004e+00, 2.115e+00
3.500e-01, 3.000e+03, 1.000e+00, 2.600e+00, 1.000e+00, 4.500e+00, 1.916e+00, 1.826e+00, 1.307e+00, 0.000e+00, 3.004e+00, 2.115e+00
3.500e-01, 3.000e+03, 1.000e+00, 2.700e+00, 1.000e+00, 4.500e+00, 1.905e+00, 1.821e+00, 1.333e+00, 0.000e+00, 3.004e+00, 2.115e+00
3.500e-01, 3.000e+03, 1.000e+00, 2.800e+00, 1.000e+00, 4.500e+00, 1.889e+00, 1.823e+00, 1.340e+00, 0.000e+00, 3.004e+00, 2.115e+00
3.500e-01, 3.000e+03, 1.000e+00, 2.900e+00, 1.000e+00, 4.500e+00, 1.881e+00, 1.812e+00, 1.357e+00, 0.000e+00, 3.004e+00, 2.115e+00
3.500e-01, 3.000e+03, 1.000e+00, 3.000e+00, 1.000e+00, 4.500e+00, 1.862e+00, 1.808e+00, 6.033e-01, 0.000e+00, 3.004e+00, 2.115e+00
3.500e-01, 3.000e+03, 1.000e+00, 3.100e+00, 1.000e+00, 4.500e+00, 1.855e+00, 1.805e+00, 6.247e-01, 0.000e+00, 3.004e+00, 2.115e+00
3.500e-01, 3.000e+03, 1.000e+00, 3.200e+00, 1.000e+00, 4.500e+00, 1.832e+00, 1.805e+00, 6.549e-01, 0.000e+00, 3.004e+00, 2.115e+00
3.500e-01, 3.000e+03, 1.000e+00, 3.300e+00, 1.000e+00, 4.500e+00, 1.827e+00, 1.801e+00, 6.716e-01, 0.000e+00, 3.004e+00, 2.115e+00
3.500e-01, 3.000e+03, 1.000e+00, 3.400e+00, 1.000e+00, 4.500e+00, 1.823e+00, 1.799e+00, 6.884e-01, 0.000e+00, 3.004e+00, 2.115e+00
3.500e-01, 3.000e+03, 1.000e+00, 3.500e+00, 1.000e+00, 4.500e+00, 1.800e+00, 1.789e+00, 7.090e-01, 0.000e+00, 3.004e+00, 2.115e+00
3.500e-01, 3.000e+03, 1.000e+00, 3.600e+00, 1.000e+00, 4.500e+00, 1.796e+00, 1.785e+00, 7.335e-01, 0.000e+00, 3.004e+00, 2.115e+00
3.500e-01, 3.000e+03, 1.000e+00, 3.700e+00, 1.000e+00, 4.500e+00, 1.791e+00, 1.780e+00, 7.519e-01, 0.000e+00, 3.004e+00, 2.115e+00
3.500e-01, 3.000e+03, 1.000e+00, 3.800e+00, 1.000e+00, 4.500e+00, 1.781e+00, 1.781e+00, 7.613e-01, 0.000e+00, 3.004e+00, 2.115e+00
3.500e-01, 3.000e+03, 1.000e+00, 3.900e+00, 1.000e+00, 4.500e+00, 1.772e+00, 1.772e+00, 7.914e-01, 0.000e+00, 3.004e+00, 2.115e+00
3.500e-01, 3.000e+03, 1.000e+00, 4.000e+00, 1.000e+00, 4.500e+00, 1.767e+00, 1.767e+00, 7.987e-01, 0.000e+00, 3.004e+00, 2.115e+00
4.000e-01, 3.000e+03, 1.000e+00, 1.300e+00, 1.000e+00, 4.500e+00, 2.390e+00, 2.041e+00, 9.900e-01, 0.000e+00, 3.704e+00, 2.424e+00
4.000e-01, 3.000e+03, 1.000e+00, 1.400e+00, 1.000e+00, 4.500e+00, 2.351e+00, 2.046e+00, 1.061e+00, 0.000e+00, 3.704e+00, 2.424e+00
4.000e-01, 3.000e+03, 1.000e+00, 1.500e+00, 1.000e+00, 4.500e+00, 2.319e+00, 2.064e+00, 1.128e+00, 0.000e+00, 3.704e+00, 2.424e+00
4.000e-01, 3.000e+03, 1.000e+00, 1.600e+00, 1.000e+00, 4.500e+00, 2.288e+00, 2.066e+00, 1.179e+00, 0.000e+00, 3.704e+00, 2.424e+00
4.000e-01, 3.000e+03, 1.000e+00, 1.700e+00, 1.000e+00, 4.500e+00, 2.250e+00, 2.064e+00, 1.225e+00, 0.000e+00, 3.704e+00, 2.424e+00
4.000e-01, 3.000e+03, 1.000e+00, 1.800e+00, 1.000e+00, 4.500e+00, 2.223e+00, 2.073e+00, 1.280e+00, 0.000e+00, 3.704e+00, 2.424e+00
4.000e-01, 3.000e+03, 1.000e+00, 1.900e+00, 1.000e+00, 4.500e+00, 2.193e+00, 2.065e+00, 1.322e+00, 0.000e+00, 3.704e+00, 2.424e+00
4.000e-01, 3.000e+03, 1.000e+00, 2.000e+00, 1.000e+00, 4.500e+00, 2.178e+00, 2.067e+00, 1.358e+00, 0.000e+00, 3.704e+00, 2.424e+00
4.000e-01, 3.000e+03, 1.000e+00, 2.100e+00, 1.000e+00, 4.500e+00, 2.146e+00, 2.061e+00, 1.386e+00, 0.000e+00, 3.704e+00, 2.424e+00
4.000e-01, 3.000e+03, 1.000e+00, 2.200e+00, 1.000e+00, 4.500e+00, 2.123e+00, 2.065e+00, 1.414e+00, 0.000e+00, 3.704e+00, 2.424e+00
4.000e-01, 3.000e+03, 1.000e+00, 2.300e+00, 1.000e+00, 4.500e+00, 2.114e+00, 2.045e+00, 1.442e+00, 0.000e+00, 3.704e+00, 2.424e+00
4.000e-01, 3.000e+03, 1.000e+00, 2.400e+00, 1.000e+00, 4.500e+00, 2.095e+00, 2.047e+00, 1.464e+00, 0.000e+00, 3.704e+00, 2.424e+00
4.000e-01, 3.000e+03, 1.000e+00, 2.500e+00, 1.000e+00, 4.500e+00, 2.071e+00, 2.040e+00, 1.496e+00, 0.000e+00, 3.704e+00, 2.424e+00
4.000e-01, 3.000e+03, 1.000e+00, 2.600e+00, 1.000e+00, 4.500e+00, 2.053e+00, 2.036e+00, 1.512e+00, 0.000e+00, 3.704e+00, 2.424e+00
4.000e-01, 3.000e+03, 1.000e+00, 2.700e+00, 1.000e+00, 4.500e+00, 2.029e+00, 2.021e+00, 1.534e+00, 0.000e+00, 3.704e+00, 2.424e+00
4.000e-01, 3.000e+03, 1.000e+00, 2.800e+00, 1.000e+00, 4.500e+00, 2.021e+00, 2.021e+00, 1.546e+00, 0.000e+00, 3.704e+00, 2.424e+00
4.000e-01, 3.000e+03, 1.000e+00, 2.900e+00, 1.000e+00, 4.500e+00, 2.010e+00, 2.010e+00, 1.566e+00, 0.000e+00, 3.704e+00, 2.424e+00
4.000e-01, 3.000e+03, 1.000e+00, 3.000e+00, 1.000e+00, 4.500e+00, 2.004e+00, 2.004e+00, 7.252e-01, 0.000e+00, 3.704e+00, 2.424e+00
4.000e-01, 3.000e+03, 1.000e+00, 3.100e+00, 1.000e+00, 4.500e+00, 1.997e+00, 1.997e+00, 7.489e-01, 0.000e+00, 3.704e+00, 2.424e+00
4.000e-01, 3.000e+03, 1.000e+00, 3.200e+00, 1.000e+00, 4.500e+00, 1.987e+00, 1.987e+00, 7.679e-01, 0.000e+00, 3.704e+00, 2.424e+00
4.000e-01, 3.000e+03, 1.000e+00, 3.300e+00, 1.000e+00, 4.500e+00, 1.977e+00, 1.977e+00, 7.965e-01, 0.000e+00, 3.704e+00, 2.424e+00
4.000e-01, 3.000e+03, 1.000e+00, 3.400e+00, 1.000e+00, 4.500e+00, 1.981e+00, 1.981e+00, 8.262e-01, 0.000e+00, 3.704e+00, 2.424e+00
4.000e-01, 3.000e+03, 1.000e+00, 3.500e+00, 1.000e+00, 4.500e+00, 1.968e+00, 1.968e+00, 8.432e-01, 0.000e+00, 3.704e+00, 2.424e+00
4.000e-01, 3.000e+03, 1.000e+00, 3.600e+00, 1.000e+00, 4.500e+00, 1.962e+00, 1.962e+00, 8.702e-01, 0.000e+00, 3.704e+00, 2.424e+00
4.000e-01, 3.000e+03, 1.000e+00, 3.700e+00, 1.000e+00, 4.500e+00, 1.952e+00, 1.952e+00, 8.875e-01, 0.000e+00, 3.704e+00, 2.424e+00
4.000e-01, 3.000e+03, 1.000e+00, 3.800e+00, 1.000e+00, 4.500e+00, 1.942e+00, 1.942e+00, 9.090e-01, 0.000e+00, 3.704e+00, 2.424e+00
4.000e-01, 3.000e+03, 1.000e+00, 3.900e+00, 1.000e+00, 4.500e+00, 1.933e+00, 1.933e+00, 9.288e-01, 0.000e+00, 3.704e+00, 2.424e+00
4.000e-01, 3.000e+03, 1.000e+00, 4.000e+00, 1.000e+00, 4.500e+00, 1.935e+00, 1.935e+00, 9.508e-01, 0.000e+00, 3.704e+00, 2.424e+00
4.500e-01, 3.000e+03, 1.000e+00, 1.300e+00, 1.000e+00, 4.500e+00, 2.621e+00, 2.385e+00, 1.254e+00, 0.000e+00, 4.658e+00, 2.826e+00
4.500e-01, 3.000e+03, 1.000e+00, 1.400e+00, 1.000e+00, 4.500e+00, 2.561e+00, 2.386e+00, 1.330e+00, 0.000e+00, 4.658e+00, 2.826e+00
4.500e-01, 3.000e+03, 1.000e+00, 1.500e+00, 1.000e+00, 4.500e+00, 2.512e+00, 2.376e+00, 1.405e+00, 0.000e+00, 4.658e+00, 2.826e+00
4.500e-01, 3.000e+03, 1.000e+00, 1.600e+00, 1.000e+00, 4.500e+00, 2.474e+00, 2.385e+00, 1.448e+00, 0.000e+00, 4.658e+00, 2.826e+00
4.500e-01, 3.000e+03, 1.000e+00, 1.700e+00, 1.000e+00, 4.500e+00, 2.440e+00, 2.366e+00, 1.501e+00, 0.000e+00, 4.658e+00, 2.826e+00
4.500e-01, 3.000e+03, 1.000e+00, 1.800e+00, 1.000e+00, 4.500e+00, 2.403e+00, 2.365e+00, 1.550e+00, 0.000e+00, 4.658e+00, 2.826e+00
4.500e-01, 3.000e+03, 1.000e+00, 1.900e+00, 1.000e+00, 4.500e+00, 2.358e+00, 2.348e+00, 1.601e+00, 0.000e+00, 4.658e+00, 2.826e+00
4.500e-01, 3.000e+03, 1.000e+00, 2.000e+00, 1.000e+00, 4.500e+00, 2.333e+00, 2.333e+00, 1.635e+00, 0.000e+00, 4.658e+00, 2.826e+00
4.500e-01, 3.000e+03, 1.000e+00, 2.100e+00, 1.000e+00, 4.500e+00, 2.319e+00, 2.319e+00, 1.670e+00, 0.000e+00, 4.658e+00, 2.826e+00
4.500e-01, 3.000e+03, 1.000e+00, 2.200e+00, 1.000e+00, 4.500e+00, 2.321e+00, 2.321e+00, 1.694e+00, 0.000e+00, 4.658e+00, 2.826e+00
4.500e-01, 3.000e+03, 1.000e+00, 2.300e+00, 1.000e+00, 4.500e+00, 2.295e+00, 2.295e+00, 1.718e+00, 0.000e+00, 4.658e+00, 2.826e+00
4.500e-01, 3.000e+03, 1.000e+00, 2.400e+00, 1.000e+00, 4.500e+00, 2.287e+00, 2.287e+00, 1.749e+00, 0.000e+00, 4.658e+00, 2.826e+00
4.500e-01, 3.000e+03, 1.000e+00, 2.500e+00, 1.000e+00, 4.500e+00, 2.272e+00, 2.272e+00, 1.770e+00, 0.000e+00, 4.658e+00, 2.826e+00
4.500e-01, 3.000e+03, 1.000e+00, 2.600e+00, 1.000e+00, 4.500e+00, 2.253e+00, 2.253e+00, 1.780e+00, 0.000e+00, 4.658e+00, 2.826e+00
4.500e-01, 3.000e+03, 1.000e+00, 2.700e+00, 1.000e+00, 4.500e+00, 2.250e+00, 2.250e+00, 1.796e+00, 0.000e+00, 4.658e+00, 2.826e+00
4.500e-01, 3.000e+03, 1.000e+00, 2.800e+00, 1.000e+00, 4.500e+00, 2.236e+00, 2.236e+00, 1.805e+00, 0.000e+00, 4.658e+00, 2.826e+00
4.500e-01, 3.000e+03, 1.000e+00, 2.900e+00, 1.000e+00, 4.500e+00, 2.222e+00, 2.222e+00, 1.828e+00, 0.000e+00, 4.658e+00, 2.826e+00
4.500e-01, 3.000e+03, 1.000e+00, 3.000e+00, 1.000e+00, 4.500e+00, 2.218e+00, 2.218e+00, 8.889e-01, 0.000e+00, 4.658e+00, 2.826e+00
4.500e-01, 3.000e+03, 1.000e+00, 3.100e+00, 1.000e+00, 4.500e+00, 2.195e+00, 2.195e+00, 9.240e-01, 0.000e+00, 4.658e+00, 2.826e+00
4.500e-01, 3.000e+03, 1.000e+00, 3.200e+00, 1.000e+00, 4.500e+00, 2.195e+00, 2.195e+00, 9.437e-01, 0.000e+00, 4.658e+00, 2.826e+00
4.500e-01, 3.000e+03, 1.000e+00, 3.300e+00, 1.000e+00, 4.500e+00, 2.167e+00, 2.167e+00, 9.732e-01, 0.000e+00, 4.658e+00, 2.826e+00
4.500e-01, 3.000e+03, 1.000e+00, 3.400e+00, 1.000e+00, 4.500e+00, 2.159e+00, 2.159e+00, 9.960e-01, 0.000e+00, 4.658e+00, 2.826e+00
4.500e-01, 3.000e+03, 1.000e+00, 3.500e+00, 1.000e+00, 4.500e+00, 2.150e+00, 2.150e+00, 1.023e+00, 0.000e+00, 4.658e+00, 2.826e+00
4.500e-01, 3.000e+03, 1.000e+00, 3.600e+00, 1.000e+00, 4.500e+00, 2.137e+00, 2.137e+00, 1.041e+00, 0.000e+00, 4.658e+00, 2.826e+00
4.500e-01, 3.000e+03, 1.000e+00, 3.700e+00, 1.000e+00, 4.500e+00, 2.128e+00, 2.128e+00, 1.072e+00, 0.000e+00, 4.658e+00, 2.826e+00
4.500e-01, 3.000e+03, 1.000e+00, 3.800e+00, 1.000e+00, 4.500e+00, 2.113e+00, 2.113e+00, 1.097e+00, 0.000e+00, 4.658e+00, 2.826e+00
4.500e-01, 3.000e+03, 1.000e+00, 3.900e+00, 1.000e+00, 4.500e+00, 2.117e+00, 2.117e+00, 1.105e+00, 0.000e+00, 4.658e+00, 2.826e+00
4.500e-01, 3.000e+03, 1.000e+00, 4.000e+00, 1.000e+00, 4.500e+00, 2.096e+00, 2.096e+00, 1.128e+00, 0.000e+00, 4.658e+00, 2.826e+00
5.000e-01, 3.000e+03, 1.000e+00, 1.300e+00, 1.000e+00, 4.500e+00, 2.803e+00, 2.803e+00, 1.641e+00, 0.000e+00, 6.000e+00, 3.361e+00
5.000e-01, 3.000e+03, 1.000e+00, 1.400e+00, 1.000e+00, 4.500e+00, 2.780e+00, 2.780e+00, 1.710e+00, 0.000e+00, 6.000e+00, 3.361e+00
5.000e-01, 3.000e+03, 1.000e+00, 1.500e+00, 1.000e+00, 4.500e+00, 2.749e+00, 2.749e+00, 1.769e+00, 0.000e+00, 6.000e+00, 3.361e+00
5.000e-01, 3.000e+03, 1.000e+00, 1.600e+00, 1.000e+00, 4.500e+00, 2.731e+00, 2.731e+00, 1.832e+00, 0.000e+00, 6.000e+00, 3.361e+00
5.000e-01, 3.000e+03, 1.000e+00, 1.700e+00, 1.000e+00, 4.500e+00, 2.704e+00, 2.704e+00, 1.876e+00, 0.000e+00, 6.000e+00, 3.361e+00
5.000e-01, 3.000e+03, 1.000e+00, 1.800e+00, 1.000e+00, 4.500e+00, 2.682e+00, 2.682e+00, 1.932e+00, 0.000e+00, 6.000e+00, 3.361e+00
5.000e-01, 3.000e+03, 1.000e+00, 1.900e+00, 1.000e+00, 4.500e+00, 2.660e+00, 2.660e+00, 1.963e+00, 0.000e+00, 6.000e+00, 3.361e+00
5.000e-01, 3.000e+03, 1.000e+00, 2.000e+00, 1.000e+00, 4.500e+00, 2.644e+00, 2.644e+00, 1.983e+00, 0.000e+00, 6.000e+00, 3.361e+00
5.000e-01, 3.000e+03, 1.000e+00, 2.100e+00, 1.000e+00, 4.500e+00, 2.603e+00, 2.603e+00, 2.023e+00, 0.000e+00, 6.000e+00, 3.361e+00
5.000e-01, 3.000e+03, 1.000e+00, 2.200e+00, 1.000e+00, 4.500e+00, 2.581e+00, 2.581e+00, 2.045e+00, 0.000e+00, 6.000e+00, 3.361e+00
5.000e-01, 3.000e+03, 1.000e+00, 2.300e+00, 1.000e+00, 4.500e+00, 2.564e+00, 2.564e+00, 2.069e+00, 0.000e+00, 6.000e+00, 3.361e+00
5.000e-01, 3.000e+03, 1.000e+00, 2.400e+00, 1.000e+00, 4.500e+00, 2.543e+00, 2.543e+00, 2.080e+00, 0.000e+00, 6.000e+00, 3.361e+00
5.000e-01, 3.000e+03, 1.000e+00, 2.500e+00, 1.000e+00, 4.500e+00, 2.512e+00, 2.512e+00, 2.101e+00, 0.000e+00, 6.000e+00, 3.361e+00
5.000e-01, 3.000e+03, 1.000e+00, 2.600e+00, 1.000e+00, 4.500e+00, 2.499e+00, 2.499e+00, 2.105e+00, 0.000e+00, 6.000e+00, 3.361e+00
5.000e-01, 3.000e+03, 1.000e+00, 2.700e+00, 1.000e+00, 4.500e+00, 2.472e+00, 2.472e+00, 2.122e+00, 0.000e+00, 6.000e+00, 3.361e+00
5.000e-01, 3.000e+03, 1.000e+00, 2.800e+00, 1.000e+00, 4.500e+00, 2.451e+00, 2.451e+00, 2.127e+00, 0.000e+00, 6.000e+00, 3.361e+00
5.000e-01, 3.000e+03, 1.000e+00, 2.900e+00, 1.000e+00, 4.500e+00, 2.436e+00, 2.436e+00, 2.133e+00, 0.000e+00, 6.000e+00, 3.361e+00
5.000e-01, 3.000e+03, 1.000e+00, 3.000e+00, 1.000e+00, 4.500e+00, 2.415e+00, 2.415e+00, 1.112e+00, 0.000e+00, 6.000e+00, 3.361e+00
5.000e-01, 3.000e+03, 1.000e+00, 3.100e+00, 1.000e+00, 4.500e+00, 2.395e+00, 2.395e+00, 1.141e+00, 0.000e+00, 6.000e+00, 3.361e+00
5.000e-01, 3.000e+03, 1.000e+00, 3.200e+00, 1.000e+00, 4.500e+00, 2.383e+00, 2.383e+00, 1.162e+00, 0.000e+00, 6.000e+00, 3.361e+00
5.000e-01, 3.000e+03, 1.000e+00, 3.300e+00, 1.000e+00, 4.500e+00, 2.361e+00, 2.361e+00, 1.202e+00, 0.000e+00, 6.000e+00, 3.361e+00
5.000e-01, 3.000e+03, 1.000e+00, 3.400e+00, 1.000e+00, 4.500e+00, 2.338e+00, 2.338e+00, 1.236e+00, 0.000e+00, 6.000e+00, 3.361e+00
5.000e-01, 3.000e+03, 1.000e+00, 3.500e+00, 1.000e+00, 4.500e+00, 2.326e+00, 2.326e+00, 1.251e+00, 0.000e+00, 6.000e+00, 3.361e+00
5.000e-01, 3.000e+03, 1.000e+00, 3.600e+00, 1.000e+00, 4.500e+00, 2.306e+00, 2.306e+00, 1.278e+00, 0.000e+00, 6.000e+00, 3.361e+00
5.000e-01, 3.000e+03, 1.000e+00, 3.700e+00, 1.000e+00, 4.500e+00, 2.295e+00, 2.295e+00, 1.301e+00, 0.000e+00, 6.000e+00, 3.361e+00
5.000e-01, 3.000e+03, 1.000e+00, 3.800e+00, 1.000e+00, 4.500e+00, 2.284e+00, 2.284e+00, 1.322e+00, 0.000e+00, 6.000e+00, 3.361e+00
5.000e-01, 3.000e+03, 1.000e+00, 3.900e+00, 1.000e+00, 4.500e+00, 2.269e+00, 2.269e+00, 1.346e+00, 0.000e+00, 6.000e+00, 3.361e+00
5.000e-01, 3.000e+03, 1.000e+00, 4.000e+00, 1.000e+00, 4.500e+00, 2.245e+00, 2.245e+00, 1.367e+00, 0.000e+00, 6.000e+00, 3.361e+00
