pf,N,m,T,sigma,cut,F-CS,RDF_CS,F-kolafa,F-thol,F-mecke,F-gottschalk,F-hess,RDF_LJ
2.500e-02,3.000e+03,1.000e+00,1.300e+00,1.000e+00,4.500e+00,9.408e-01,1.065e+00,1.355e+00,1.439e+00,1.437e+00,1.431e+00,1.394e+00,7.336e-01
5.000e-02,3.000e+03,1.000e+00,1.300e+00,1.000e+00,4.500e+00,1.004e+00,1.137e+00,1.406e+00,1.487e+00,1.473e+00,1.483e+00,1.409e+00,7.477e-01
7.500e-02,3.000e+03,1.000e+00,1.300e+00,1.000e+00,4.500e+00,1.073e+00,1.216e+00,1.467e+00,1.528e+00,1.493e+00,1.538e+00,1.423e+00,7.650e-01
1.000e-01,3.000e+03,1.000e+00,1.300e+00,1.000e+00,4.500e+00,1.150e+00,1.303e+00,1.531e+00,1.568e+00,1.504e+00,1.594e+00,1.438e+00,7.860e-01
1.500e-01,3.000e+03,1.000e+00,1.300e+00,1.000e+00,4.500e+00,1.328e+00,1.506e+00,1.647e+00,1.928e+00,1.538e+00,1.708e+00,1.468e+00,8.410e-01
2.000e-01,3.000e+03,1.000e+00,1.300e+00,1.000e+00,4.500e+00,1.549e+00,1.758e+00,1.739e+00,1.698e+00,1.619e+00,1.819e+00,1.499e+00,9.172e-01
2.500e-01,3.000e+03,1.000e+00,1.300e+00,1.000e+00,4.500e+00,1.826e+00,2.074e+00,1.822e+00,1.735e+00,1.774e+00,1.923e+00,1.531e+00,1.021e+00
3.000e-01,3.000e+03,1.000e+00,1.300e+00,1.000e+00,4.500e+00,2.180e+00,2.478e+00,1.929e+00,1.953e+00,2.043e+00,2.013e+00,1.563e+00,1.159e+00
3.500e-01,3.000e+03,1.000e+00,1.300e+00,1.000e+00,4.500e+00,2.640e+00,3.004e+00,2.110e+00,2.337e+00,2.457e+00,2.082e+00,1.596e+00,1.345e+00
4.000e-01,3.000e+03,1.000e+00,1.300e+00,1.000e+00,4.500e+00,3.251e+00,3.704e+00,2.409e+00,2.922e+00,3.050e+00,2.123e+00,1.630e+00,1.593e+00
4.500e-01,3.000e+03,1.000e+00,1.300e+00,1.000e+00,4.500e+00,4.082e+00,4.658e+00,2.850e+00,3.722e+00,3.844e+00,2.128e+00,1.664e+00,1.926e+00
5.000e-01,3.000e+03,1.000e+00,1.300e+00,1.000e+00,4.500e+00,5.249e+00,6.000e+00,3.427e+00,4.767e+00,4.886e+00,2.088e+00,1.699e+00,2.377e+00
2.500e-02,3.000e+03,1.000e+00,1.400e+00,1.000e+00,4.500e+00,9.301e-01,1.065e+00,1.256e+00,1.334e+00,1.333e+00,1.327e+00,1.301e+00,7.619e-01
5.000e-02,3.000e+03,1.000e+00,1.400e+00,1.000e+00,4.500e+00,9.919e-01,1.137e+00,1.303e+00,1.371e+00,1.364e+00,1.368e+00,1.315e+00,7.773e-01
7.500e-02,3.000e+03,1.000e+00,1.400e+00,1.000e+00,4.500e+00,1.060e+00,1.216e+00,1.361e+00,1.400e+00,1.384e+00,1.407e+00,1.330e+00,7.958e-01
1.000e-01,3.000e+03,1.000e+00,1.400e+00,1.000e+00,4.500e+00,1.135e+00,1.303e+00,1.423e+00,1.423e+00,1.400e+00,1.445e+00,1.345e+00,8.181e-01
1.500e-01,3.000e+03,1.000e+00,1.400e+00,1.000e+00,4.500e+00,1.309e+00,1.506e+00,1.542e+00,1.478e+00,1.448e+00,1.505e+00,1.375e+00,8.755e-01
2.000e-01,3.000e+03,1.000e+00,1.400e+00,1.000e+00,4.500e+00,1.524e+00,1.758e+00,1.643e+00,1.556e+00,1.542e+00,1.533e+00,1.405e+00,9.540e-01
2.500e-01,3.000e+03,1.000e+00,1.400e+00,1.000e+00,4.500e+00,1.793e+00,2.074e+00,1.736e+00,1.682e+00,1.708e+00,1.512e+00,1.437e+00,1.060e+00
3.000e-01,3.000e+03,1.000e+00,1.400e+00,1.000e+00,4.500e+00,2.136e+00,2.478e+00,1.853e+00,1.917e+00,1.981e+00,1.417e+00,1.469e+00,1.200e+00
3.500e-01,3.000e+03,1.000e+00,1.400e+00,1.000e+00,4.500e+00,2.581e+00,3.004e+00,2.036e+00,2.300e+00,2.386e+00,1.225e+00,1.502e+00,1.387e+00
4.000e-01,3.000e+03,1.000e+00,1.400e+00,1.000e+00,4.500e+00,3.169e+00,3.704e+00,2.326e+00,2.863e+00,2.955e+00,9.045e-01,1.535e+00,1.634e+00
4.500e-01,3.000e+03,1.000e+00,1.400e+00,1.000e+00,4.500e+00,3.965e+00,4.658e+00,2.747e+00,3.623e+00,3.712e+00,4.241e-01,1.569e+00,1.964e+00
5.000e-01,3.000e+03,1.000e+00,1.400e+00,1.000e+00,4.500e+00,5.077e+00,6.000e+00,3.296e+00,4.610e+00,4.698e+00,-2.528e-01,1.604e+00,2.405e+00
2.500e-02,3.000e+03,1.000e+00,1.500e+00,1.000e+00,4.500e+00,9.200e-01,1.065e+00,1.179e+00,1.254e+00,1.253e+00,1.248e+00,1.227e+00,7.866e-01
5.000e-02,3.000e+03,1.000e+00,1.500e+00,1.000e+00,4.500e+00,9.807e-01,1.137e+00,1.224e+00,1.287e+00,1.281e+00,1.283e+00,1.242e+00,8.030e-01
7.500e-02,3.000e+03,1.000e+00,1.500e+00,1.000e+00,4.500e+00,1.047e+00,1.216e+00,1.280e+00,1.312e+00,1.302e+00,1.317e+00,1.256e+00,8.227e-01
1.000e-01,3.000e+03,1.000e+00,1.500e+00,1.000e+00,4.500e+00,1.120e+00,1.303e+00,1.341e+00,1.334e+00,1.322e+00,1.350e+00,1.271e+00,8.460e-01
1.500e-01,3.000e+03,1.000e+00,1.500e+00,1.000e+00,4.500e+00,1.291e+00,1.506e+00,1.461e+00,1.401e+00,1.382e+00,1.405e+00,1.301e+00,9.055e-01
2.000e-01,3.000e+03,1.000e+00,1.500e+00,1.000e+00,4.500e+00,1.501e+00,1.758e+00,1.568e+00,1.498e+00,1.486e+00,1.442e+00,1.331e+00,9.860e-01
2.500e-01,3.000e+03,1.000e+00,1.500e+00,1.000e+00,4.500e+00,1.763e+00,2.074e+00,1.670e+00,1.641e+00,1.660e+00,1.452e+00,1.363e+00,1.093e+00
3.000e-01,3.000e+03,1.000e+00,1.500e+00,1.000e+00,4.500e+00,2.096e+00,2.478e+00,1.795e+00,1.887e+00,1.933e+00,1.423e+00,1.395e+00,1.235e+00
3.500e-01,3.000e+03,1.000e+00,1.500e+00,1.000e+00,4.500e+00,2.526e+00,3.004e+00,1.979e+00,2.265e+00,2.328e+00,1.344e+00,1.427e+00,1.422e+00
4.000e-01,3.000e+03,1.000e+00,1.500e+00,1.000e+00,4.500e+00,3.093e+00,3.704e+00,2.263e+00,2.808e+00,2.876e+00,1.202e+00,1.460e+00,1.668e+00
4.500e-01,3.000e+03,1.000e+00,1.500e+00,1.000e+00,4.500e+00,3.859e+00,4.658e+00,2.667e+00,3.532e+00,3.600e+00,9.839e-01,1.494e+00,1.993e+00
5.000e-01,3.000e+03,1.000e+00,1.500e+00,1.000e+00,4.500e+00,4.922e+00,6.000e+00,3.192e+00,4.468e+00,4.536e+00,6.730e-01,1.529e+00,2.424e+00
2.500e-02,3.000e+03,1.000e+00,1.600e+00,1.000e+00,4.500e+00,9.106e-01,1.065e+00,1.117e+00,1.191e+00,1.189e+00,1.186e+00,1.168e+00,8.082e-01
5.000e-02,3.000e+03,1.000e+00,1.600e+00,1.000e+00,4.500e+00,9.701e-01,1.137e+00,1.161e+00,1.221e+00,1.216e+00,1.218e+00,1.183e+00,8.257e-01
7.500e-02,3.000e+03,1.000e+00,1.600e+00,1.000e+00,4.500e+00,1.035e+00,1.216e+00,1.216e+00,1.246e+00,1.239e+00,1.251e+00,1.197e+00,8.464e-01
1.000e-01,3.000e+03,1.000e+00,1.600e+00,1.000e+00,4.500e+00,1.107e+00,1.303e+00,1.276e+00,1.271e+00,1.263e+00,1.283e+00,1.212e+00,8.706e-01
1.500e-01,3.000e+03,1.000e+00,1.600e+00,1.000e+00,4.500e+00,1.274e+00,1.506e+00,1.398e+00,1.346e+00,1.331e+00,1.345e+00,1.241e+00,9.320e-01
2.000e-01,3.000e+03,1.000e+00,1.600e+00,1.000e+00,4.500e+00,1.479e+00,1.758e+00,1.510e+00,1.455e+00,1.443e+00,1.405e+00,1.272e+00,1.014e+00
2.500e-01,3.000e+03,1.000e+00,1.600e+00,1.000e+00,4.500e+00,1.735e+00,2.074e+00,1.619e+00,1.609e+00,1.622e+00,1.462e+00,1.303e+00,1.123e+00
3.000e-01,3.000e+03,1.000e+00,1.600e+00,1.000e+00,4.500e+00,2.058e+00,2.478e+00,1.749e+00,1.860e+00,1.895e+00,1.518e+00,1.335e+00,1.265e+00
3.500e-01,3.000e+03,1.000e+00,1.600e+00,1.000e+00,4.500e+00,2.476e+00,3.004e+00,1.935e+00,2.232e+00,2.280e+00,1.574e+00,1.367e+00,1.452e+00
4.000e-01,3.000e+03,1.000e+00,1.600e+00,1.000e+00,4.500e+00,3.024e+00,3.704e+00,2.212e+00,2.756e+00,2.808e+00,1.633e+00,1.400e+00,1.697e+00
4.500e-01,3.000e+03,1.000e+00,1.600e+00,1.000e+00,4.500e+00,3.761e+00,4.658e+00,2.604e+00,3.448e+00,3.502e+00,1.699e+00,1.434e+00,2.017e+00
5.000e-01,3.000e+03,1.000e+00,1.600e+00,1.000e+00,4.500e+00,4.780e+00,6.000e+00,3.109e+00,4.339e+00,4.394e+00,1.774e+00,1.468e+00,2.438e+00
2.500e-02,3.000e+03,1.000e+00,1.700e+00,1.000e+00,4.500e+00,9.017e-01,1.065e+00,1.067e+00,1.140e+00,1.138e+00,1.136e+00,1.120e+00,8.274e-01
5.000e-02,3.000e+03,1.000e+00,1.700e+00,1.000e+00,4.500e+00,9.602e-01,1.137e+00,1.110e+00,1.169e+00,1.164e+00,1.167e+00,1.134e+00,8.458e-01
7.500e-02,3.000e+03,1.000e+00,1.700e+00,1.000e+00,4.500e+00,1.024e+00,1.216e+00,1.164e+00,1.195e+00,1.189e+00,1.199e+00,1.148e+00,8.674e-01
1.000e-01,3.000e+03,1.000e+00,1.700e+00,1.000e+00,4.500e+00,1.095e+00,1.303e+00,1.224e+00,1.222e+00,1.215e+00,1.232e+00,1.163e+00,8.925e-01
1.500e-01,3.000e+03,1.000e+00,1.700e+00,1.000e+00,4.500e+00,1.258e+00,1.506e+00,1.346e+00,1.305e+00,1.291e+00,1.302e+00,1.193e+00,9.554e-01
2.000e-01,3.000e+03,1.000e+00,1.700e+00,1.000e+00,4.500e+00,1.459e+00,1.758e+00,1.462e+00,1.420e+00,1.410e+00,1.382e+00,1.223e+00,1.039e+00
2.500e-01,3.000e+03,1.000e+00,1.700e+00,1.000e+00,4.500e+00,1.708e+00,2.074e+00,1.576e+00,1.583e+00,1.593e+00,1.478e+00,1.254e+00,1.149e+00
3.000e-01,3.000e+03,1.000e+00,1.700e+00,1.000e+00,4.500e+00,2.024e+00,2.478e+00,1.711e+00,1.836e+00,1.863e+00,1.597e+00,1.285e+00,1.292e+00
3.500e-01,3.000e+03,1.000e+00,1.700e+00,1.000e+00,4.500e+00,2.429e+00,3.004e+00,1.899e+00,2.201e+00,2.238e+00,1.751e+00,1.318e+00,1.478e+00
4.000e-01,3.000e+03,1.000e+00,1.700e+00,1.000e+00,4.500e+00,2.959e+00,3.704e+00,2.171e+00,2.707e+00,2.748e+00,1.951e+00,1.350e+00,1.721e+00
4.500e-01,3.000e+03,1.000e+00,1.700e+00,1.000e+00,4.500e+00,3.671e+00,4.658e+00,2.551e+00,3.371e+00,3.415e+00,2.212e+00,1.384e+00,2.037e+00
5.000e-01,3.000e+03,1.000e+00,1.700e+00,1.000e+00,4.500e+00,4.649e+00,6.000e+00,3.039e+00,4.221e+00,4.267e+00,2.549e+00,1.418e+00,2.447e+00
2.500e-02,3.000e+03,1.000e+00,1.800e+00,1.000e+00,4.500e+00,8.933e-01,1.065e+00,1.025e+00,1.097e+00,1.095e+00,1.095e+00,1.079e+00,8.445e-01
5.000e-02,3.000e+03,1.000e+00,1.800e+00,1.000e+00,4.500e+00,9.508e-01,1.137e+00,1.068e+00,1.126e+00,1.122e+00,1.125e+00,1.094e+00,8.638e-01
7.500e-02,3.000e+03,1.000e+00,1.800e+00,1.000e+00,4.500e+00,1.014e+00,1.216e+00,1.121e+00,1.154e+00,1.148e+00,1.158e+00,1.108e+00,8.862e-01
1.000e-01,3.000e+03,1.000e+00,1.800e+00,1.000e+00,4.500e+00,1.083e+00,1.303e+00,1.180e+00,1.183e+00,1.177e+00,1.192e+00,1.122e+00,9.121e-01
1.500e-01,3.000e+03,1.000e+00,1.800e+00,1.000e+00,4.500e+00,1.243e+00,1.506e+00,1.304e+00,1.271e+00,1.259e+00,1.269e+00,1.152e+00,9.764e-01
2.000e-01,3.000e+03,1.000e+00,1.800e+00,1.000e+00,4.500e+00,1.439e+00,1.758e+00,1.422e+00,1.392e+00,1.383e+00,1.364e+00,1.182e+00,1.061e+00
2.500e-01,3.000e+03,1.000e+00,1.800e+00,1.000e+00,4.500e+00,1.683e+00,2.074e+00,1.541e+00,1.560e+00,1.567e+00,1.486e+00,1.213e+00,1.172e+00
3.000e-01,3.000e+03,1.000e+00,1.800e+00,1.000e+00,4.500e+00,1.991e+00,2.478e+00,1.680e+00,1.813e+00,1.835e+00,1.648e+00,1.244e+00,1.315e+00
3.500e-01,3.000e+03,1.000e+00,1.800e+00,1.000e+00,4.500e+00,2.385e+00,3.004e+00,1.868e+00,2.171e+00,2.201e+00,1.863e+00,1.276e+00,1.501e+00
4.000e-01,3.000e+03,1.000e+00,1.800e+00,1.000e+00,4.500e+00,2.900e+00,3.704e+00,2.137e+00,2.661e+00,2.694e+00,2.151e+00,1.309e+00,1.741e+00
4.500e-01,3.000e+03,1.000e+00,1.800e+00,1.000e+00,4.500e+00,3.587e+00,4.658e+00,2.506e+00,3.299e+00,3.336e+00,2.529e+00,1.342e+00,2.052e+00
5.000e-01,3.000e+03,1.000e+00,1.800e+00,1.000e+00,4.500e+00,4.529e+00,6.000e+00,2.979e+00,4.113e+00,4.152e+00,3.022e+00,1.376e+00,2.453e+00
2.500e-02,3.000e+03,1.000e+00,1.900e+00,1.000e+00,4.500e+00,8.853e-01,1.065e+00,9.901e-01,1.062e+00,1.060e+00,1.060e+00,1.045e+00,8.600e-01
5.000e-02,3.000e+03,1.000e+00,1.900e+00,1.000e+00,4.500e+00,9.419e-01,1.137e+00,1.032e+00,1.091e+00,1.087e+00,1.091e+00,1.059e+00,8.800e-01
7.500e-02,3.000e+03,1.000e+00,1.900e+00,1.000e+00,4.500e+00,1.004e+00,1.216e+00,1.085e+00,1.120e+00,1.115e+00,1.124e+00,1.074e+00,9.031e-01
1.000e-01,3.000e+03,1.000e+00,1.900e+00,1.000e+00,4.500e+00,1.072e+00,1.303e+00,1.144e+00,1.151e+00,1.146e+00,1.159e+00,1.088e+00,9.297e-01
1.500e-01,3.000e+03,1.000e+00,1.900e+00,1.000e+00,4.500e+00,1.229e+00,1.506e+00,1.268e+00,1.243e+00,1.232e+00,1.242e+00,1.118e+00,9.953e-01
2.000e-01,3.000e+03,1.000e+00,1.900e+00,1.000e+00,4.500e+00,1.421e+00,1.758e+00,1.389e+00,1.368e+00,1.360e+00,1.347e+00,1.148e+00,1.081e+00
2.500e-01,3.000e+03,1.000e+00,1.900e+00,1.000e+00,4.500e+00,1.660e+00,2.074e+00,1.511e+00,1.539e+00,1.546e+00,1.487e+00,1.178e+00,1.192e+00
3.000e-01,3.000e+03,1.000e+00,1.900e+00,1.000e+00,4.500e+00,1.960e+00,2.478e+00,1.653e+00,1.792e+00,1.810e+00,1.675e+00,1.209e+00,1.336e+00
3.500e-01,3.000e+03,1.000e+00,1.900e+00,1.000e+00,4.500e+00,2.344e+00,3.004e+00,1.842e+00,2.143e+00,2.167e+00,1.928e+00,1.241e+00,1.521e+00
4.000e-01,3.000e+03,1.000e+00,1.900e+00,1.000e+00,4.500e+00,2.844e+00,3.704e+00,2.107e+00,2.617e+00,2.645e+00,2.266e+00,1.274e+00,1.759e+00
4.500e-01,3.000e+03,1.000e+00,1.900e+00,1.000e+00,4.500e+00,3.509e+00,4.658e+00,2.467e+00,3.232e+00,3.264e+00,2.712e+00,1.307e+00,2.065e+00
5.000e-01,3.000e+03,1.000e+00,1.900e+00,1.000e+00,4.500e+00,4.418e+00,6.000e+00,2.926e+00,4.013e+00,4.048e+00,3.289e+00,1.341e+00,2.456e+00
2.500e-02,3.000e+03,1.000e+00,2.000e+00,1.000e+00,4.500e+00,8.777e-01,1.065e+00,9.602e-01,1.032e+00,1.030e+00,1.031e+00,1.016e+00,8.739e-01
5.000e-02,3.000e+03,1.000e+00,2.000e+00,1.000e+00,4.500e+00,9.334e-01,1.137e+00,1.002e+00,1.061e+00,1.058e+00,1.062e+00,1.030e+00,8.946e-01
7.500e-02,3.000e+03,1.000e+00,2.000e+00,1.000e+00,4.500e+00,9.943e-01,1.216e+00,1.055e+00,1.091e+00,1.086e+00,1.095e+00,1.044e+00,9.184e-01
1.000e-01,3.000e+03,1.000e+00,2.000e+00,1.000e+00,4.500e+00,1.061e+00,1.303e+00,1.113e+00,1.125e+00,1.120e+00,1.132e+00,1.059e+00,9.457e-01
1.500e-01,3.000e+03,1.000e+00,2.000e+00,1.000e+00,4.500e+00,1.216e+00,1.506e+00,1.237e+00,1.220e+00,1.210e+00,1.219e+00,1.088e+00,1.012e+00
2.000e-01,3.000e+03,1.000e+00,2.000e+00,1.000e+00,4.500e+00,1.404e+00,1.758e+00,1.360e+00,1.348e+00,1.340e+00,1.332e+00,1.118e+00,1.099e+00
2.500e-01,3.000e+03,1.000e+00,2.000e+00,1.000e+00,4.500e+00,1.638e+00,2.074e+00,1.485e+00,1.521e+00,1.527e+00,1.483e+00,1.148e+00,1.211e+00
3.000e-01,3.000e+03,1.000e+00,2.000e+00,1.000e+00,4.500e+00,1.931e+00,2.478e+00,1.629e+00,1.772e+00,1.787e+00,1.688e+00,1.180e+00,1.354e+00
3.500e-01,3.000e+03,1.000e+00,2.000e+00,1.000e+00,4.500e+00,2.305e+00,3.004e+00,1.819e+00,2.116e+00,2.135e+00,1.962e+00,1.211e+00,1.538e+00
4.000e-01,3.000e+03,1.000e+00,2.000e+00,1.000e+00,4.500e+00,2.792e+00,3.704e+00,2.080e+00,2.576e+00,2.599e+00,2.328e+00,1.244e+00,1.774e+00
4.500e-01,3.000e+03,1.000e+00,2.000e+00,1.000e+00,4.500e+00,3.437e+00,4.658e+00,2.433e+00,3.169e+00,3.197e+00,2.808e+00,1.277e+00,2.075e+00
5.000e-01,3.000e+03,1.000e+00,2.000e+00,1.000e+00,4.500e+00,4.314e+00,6.000e+00,2.879e+00,3.921e+00,3.952e+00,3.428e+00,1.310e+00,2.457e+00
2.500e-02,3.000e+03,1.000e+00,2.100e+00,1.000e+00,4.500e+00,8.704e-01,1.065e+00,9.343e-01,1.006e+00,1.005e+00,1.006e+00,9.908e-01,8.865e-01
5.000e-02,3.000e+03,1.000e+00,2.100e+00,1.000e+00,4.500e+00,9.253e-01,1.137e+00,9.762e-01,1.036e+00,1.032e+00,1.037e+00,1.005e+00,9.079e-01
7.500e-02,3.000e+03,1.000e+00,2.100e+00,1.000e+00,4.500e+00,9.853e-01,1.216e+00,1.028e+00,1.067e+00,1.062e+00,1.071e+00,1.019e+00,9.323e-01
1.000e-01,3.000e+03,1.000e+00,2.100e+00,1.000e+00,4.500e+00,1.051e+00,1.303e+00,1.087e+00,1.102e+00,1.097e+00,1.109e+00,1.033e+00,9.601e-01
1.500e-01,3.000e+03,1.000e+00,2.100e+00,1.000e+00,4.500e+00,1.203e+00,1.506e+00,1.210e+00,1.200e+00,1.190e+00,1.199e+00,1.063e+00,1.028e+00
2.000e-01,3.000e+03,1.000e+00,2.100e+00,1.000e+00,4.500e+00,1.388e+00,1.758e+00,1.334e+00,1.329e+00,1.323e+00,1.318e+00,1.092e+00,1.115e+00
2.500e-01,3.000e+03,1.000e+00,2.100e+00,1.000e+00,4.500e+00,1.617e+00,2.074e+00,1.462e+00,1.504e+00,1.509e+00,1.476e+00,1.123e+00,1.228e+00
3.000e-01,3.000e+03,1.000e+00,2.100e+00,1.000e+00,4.500e+00,1.904e+00,2.478e+00,1.608e+00,1.753e+00,1.766e+00,1.690e+00,1.154e+00,1.371e+00
3.500e-01,3.000e+03,1.000e+00,2.100e+00,1.000e+00,4.500e+00,2.269e+00,3.004e+00,1.798e+00,2.090e+00,2.106e+00,1.977e+00,1.185e+00,1.554e+00
4.000e-01,3.000e+03,1.000e+00,2.100e+00,1.000e+00,4.500e+00,2.742e+00,3.704e+00,2.056e+00,2.537e+00,2.557e+00,2.356e+00,1.217e+00,1.787e+00
4.500e-01,3.000e+03,1.000e+00,2.100e+00,1.000e+00,4.500e+00,3.369e+00,4.658e+00,2.402e+00,3.111e+00,3.136e+00,2.852e+00,1.250e+00,2.084e+00
5.000e-01,3.000e+03,1.000e+00,2.100e+00,1.000e+00,4.500e+00,4.218e+00,6.000e+00,2.837e+00,3.835e+00,3.863e+00,3.489e+00,1.284e+00,2.457e+00
2.500e-02,3.000e+03,1.000e+00,2.200e+00,1.000e+00,4.500e+00,8.635e-01,1.065e+00,9.116e-01,9.838e-01,9.823e-01,9.840e-01,9.688e-01,8.979e-01
5.000e-02,3.000e+03,1.000e+00,2.200e+00,1.000e+00,4.500e+00,9.176e-01,1.137e+00,9.535e-01,1.014e+00,1.011e+00,1.016e+00,9.828e-01,9.199e-01
7.500e-02,3.000e+03,1.000e+00,2.200e+00,1.000e+00,4.500e+00,9.767e-01,1.216e+00,1.005e+00,1.046e+00,1.042e+00,1.050e+00,9.970e-01,9.449e-01
1.000e-01,3.000e+03,1.000e+00,2.200e+00,1.000e+00,4.500e+00,1.041e+00,1.303e+00,1.063e+00,1.082e+00,1.078e+00,1.089e+00,1.011e+00,9.733e-01
1.500e-01,3.000e+03,1.000e+00,2.200e+00,1.000e+00,4.500e+00,1.191e+00,1.506e+00,1.187e+00,1.182e+00,1.174e+00,1.182e+00,1.040e+00,1.042e+00
2.000e-01,3.000e+03,1.000e+00,2.200e+00,1.000e+00,4.500e+00,1.373e+00,1.758e+00,1.312e+00,1.313e+00,1.308e+00,1.304e+00,1.070e+00,1.130e+00
2.500e-01,3.000e+03,1.000e+00,2.200e+00,1.000e+00,4.500e+00,1.597e+00,2.074e+00,1.441e+00,1.489e+00,1.494e+00,1.467e+00,1.100e+00,1.243e+00
3.000e-01,3.000e+03,1.000e+00,2.200e+00,1.000e+00,4.500e+00,1.878e+00,2.478e+00,1.589e+00,1.735e+00,1.746e+00,1.687e+00,1.131e+00,1.386e+00
3.500e-01,3.000e+03,1.000e+00,2.200e+00,1.000e+00,4.500e+00,2.235e+00,3.004e+00,1.779e+00,2.065e+00,2.079e+00,1.979e+00,1.162e+00,1.568e+00
4.000e-01,3.000e+03,1.000e+00,2.200e+00,1.000e+00,4.500e+00,2.696e+00,3.704e+00,2.034e+00,2.500e+00,2.517e+00,2.364e+00,1.194e+00,1.798e+00
4.500e-01,3.000e+03,1.000e+00,2.200e+00,1.000e+00,4.500e+00,3.305e+00,4.658e+00,2.373e+00,3.056e+00,3.079e+00,2.864e+00,1.227e+00,2.090e+00
5.000e-01,3.000e+03,1.000e+00,2.200e+00,1.000e+00,4.500e+00,4.128e+00,6.000e+00,2.798e+00,3.755e+00,3.781e+00,3.503e+00,1.261e+00,2.455e+00
2.500e-02,3.000e+03,1.000e+00,2.300e+00,1.000e+00,4.500e+00,8.569e-01,1.065e+00,8.916e-01,9.642e-01,9.628e-01,9.648e-01,9.493e-01,9.084e-01
5.000e-02,3.000e+03,1.000e+00,2.300e+00,1.000e+00,4.500e+00,9.102e-01,1.137e+00,9.335e-01,9.945e-01,9.917e-01,9.967e-01,9.633e-01,9.310e-01
7.500e-02,3.000e+03,1.000e+00,2.300e+00,1.000e+00,4.500e+00,9.685e-01,1.216e+00,9.851e-01,1.027e+00,1.024e+00,1.032e+00,9.775e-01,9.565e-01
1.000e-01,3.000e+03,1.000e+00,2.300e+00,1.000e+00,4.500e+00,1.032e+00,1.303e+00,1.043e+00,1.065e+00,1.061e+00,1.071e+00,9.917e-01,9.854e-01
1.500e-01,3.000e+03,1.000e+00,2.300e+00,1.000e+00,4.500e+00,1.179e+00,1.506e+00,1.166e+00,1.166e+00,1.159e+00,1.166e+00,1.021e+00,1.055e+00
2.000e-01,3.000e+03,1.000e+00,2.300e+00,1.000e+00,4.500e+00,1.358e+00,1.758e+00,1.292e+00,1.298e+00,1.294e+00,1.291e+00,1.050e+00,1.144e+00
2.500e-01,3.000e+03,1.000e+00,2.300e+00,1.000e+00,4.500e+00,1.578e+00,2.074e+00,1.423e+00,1.474e+00,1.479e+00,1.458e+00,1.080e+00,1.256e+00
3.000e-01,3.000e+03,1.000e+00,2.300e+00,1.000e+00,4.500e+00,1.854e+00,2.478e+00,1.572e+00,1.717e+00,1.728e+00,1.680e+00,1.111e+00,1.399e+00
3.500e-01,3.000e+03,1.000e+00,2.300e+00,1.000e+00,4.500e+00,2.202e+00,3.004e+00,1.762e+00,2.041e+00,2.054e+00,1.974e+00,1.142e+00,1.580e+00
4.000e-01,3.000e+03,1.000e+00,2.300e+00,1.000e+00,4.500e+00,2.652e+00,3.704e+00,2.014e+00,2.465e+00,2.480e+00,2.359e+00,1.174e+00,1.808e+00
4.500e-01,3.000e+03,1.000e+00,2.300e+00,1.000e+00,4.500e+00,3.245e+00,4.658e+00,2.346e+00,3.004e+00,3.025e+00,2.857e+00,1.207e+00,2.096e+00
5.000e-01,3.000e+03,1.000e+00,2.300e+00,1.000e+00,4.500e+00,4.043e+00,6.000e+00,2.762e+00,3.680e+00,3.705e+00,3.491e+00,1.240e+00,2.452e+00
2.500e-02,3.000e+03,1.000e+00,2.400e+00,1.000e+00,4.500e+00,8.505e-01,1.065e+00,8.737e-01,9.469e-01,9.455e-01,9.477e-01,9.321e-01,9.179e-01
5.000e-02,3.000e+03,1.000e+00,2.400e+00,1.000e+00,4.500e+00,9.032e-01,1.137e+00,9.156e-01,9.775e-01,9.749e-01,9.800e-01,9.460e-01,9.410e-01
7.500e-02,3.000e+03,1.000e+00,2.400e+00,1.000e+00,4.500e+00,9.606e-01,1.216e+00,9.669e-01,1.011e+00,1.008e+00,1.016e+00,9.601e-01,9.671e-01
1.000e-01,3.000e+03,1.000e+00,2.400e+00,1.000e+00,4.500e+00,1.023e+00,1.303e+00,1.024e+00,1.049e+00,1.046e+00,1.056e+00,9.743e-01,9.964e-01
1.500e-01,3.000e+03,1.000e+00,2.400e+00,1.000e+00,4.500e+00,1.168e+00,1.506e+00,1.147e+00,1.152e+00,1.145e+00,1.152e+00,1.003e+00,1.067e+00
2.000e-01,3.000e+03,1.000e+00,2.400e+00,1.000e+00,4.500e+00,1.344e+00,1.758e+00,1.273e+00,1.285e+00,1.281e+00,1.279e+00,1.033e+00,1.156e+00
2.500e-01,3.000e+03,1.000e+00,2.400e+00,1.000e+00,4.500e+00,1.561e+00,2.074e+00,1.405e+00,1.461e+00,1.465e+00,1.447e+00,1.063e+00,1.269e+00
3.000e-01,3.000e+03,1.000e+00,2.400e+00,1.000e+00,4.500e+00,1.830e+00,2.478e+00,1.556e+00,1.701e+00,1.710e+00,1.670e+00,1.093e+00,1.411e+00
3.500e-01,3.000e+03,1.000e+00,2.400e+00,1.000e+00,4.500e+00,2.172e+00,3.004e+00,1.745e+00,2.018e+00,2.029e+00,1.964e+00,1.124e+00,1.591e+00
4.000e-01,3.000e+03,1.000e+00,2.400e+00,1.000e+00,4.500e+00,2.611e+00,3.704e+00,1.995e+00,2.432e+00,2.445e+00,2.347e+00,1.156e+00,1.817e+00
4.500e-01,3.000e+03,1.000e+00,2.400e+00,1.000e+00,4.500e+00,3.188e+00,4.658e+00,2.321e+00,2.955e+00,2.975e+00,2.839e+00,1.188e+00,2.100e+00
5.000e-01,3.000e+03,1.000e+00,2.400e+00,1.000e+00,4.500e+00,3.963e+00,6.000e+00,2.728e+00,3.610e+00,3.633e+00,3.463e+00,1.221e+00,2.448e+00
2.500e-02,3.000e+03,1.000e+00,2.500e+00,1.000e+00,4.500e+00,8.444e-01,1.065e+00,8.577e-01,9.315e-01,9.302e-01,9.325e-01,9.166e-01,9.267e-01
5.000e-02,3.000e+03,1.000e+00,2.500e+00,1.000e+00,4.500e+00,8.964e-01,1.137e+00,8.996e-01,9.624e-01,9.600e-01,9.651e-01,9.305e-01,9.503e-01
7.500e-02,3.000e+03,1.000e+00,2.500e+00,1.000e+00,4.500e+00,9.531e-01,1.216e+00,9.505e-01,9.963e-01,9.935e-01,1.001e+00,9.446e-01,9.767e-01
1.000e-01,3.000e+03,1.000e+00,2.500e+00,1.000e+00,4.500e+00,1.015e+00,1.303e+00,1.007e+00,1.036e+00,1.033e+00,1.042e+00,9.587e-01,1.006e+00
1.500e-01,3.000e+03,1.000e+00,2.500e+00,1.000e+00,4.500e+00,1.158e+00,1.506e+00,1.130e+00,1.139e+00,1.133e+00,1.140e+00,9.875e-01,1.078e+00
2.000e-01,3.000e+03,1.000e+00,2.500e+00,1.000e+00,4.500e+00,1.331e+00,1.758e+00,1.256e+00,1.273e+00,1.269e+00,1.268e+00,1.017e+00,1.167e+00
2.500e-01,3.000e+03,1.000e+00,2.500e+00,1.000e+00,4.500e+00,1.543e+00,2.074e+00,1.390e+00,1.448e+00,1.452e+00,1.437e+00,1.047e+00,1.280e+00
3.000e-01,3.000e+03,1.000e+00,2.500e+00,1.000e+00,4.500e+00,1.808e+00,2.478e+00,1.541e+00,1.685e+00,1.694e+00,1.660e+00,1.077e+00,1.422e+00
3.500e-01,3.000e+03,1.000e+00,2.500e+00,1.000e+00,4.500e+00,2.142e+00,3.004e+00,1.730e+00,1.996e+00,2.006e+00,1.952e+00,1.108e+00,1.601e+00
4.000e-01,3.000e+03,1.000e+00,2.500e+00,1.000e+00,4.500e+00,2.572e+00,3.704e+00,1.977e+00,2.400e+00,2.412e+00,2.331e+00,1.140e+00,1.824e+00
4.500e-01,3.000e+03,1.000e+00,2.500e+00,1.000e+00,4.500e+00,3.134e+00,4.658e+00,2.298e+00,2.909e+00,2.927e+00,2.815e+00,1.172e+00,2.103e+00
5.000e-01,3.000e+03,1.000e+00,2.500e+00,1.000e+00,4.500e+00,3.888e+00,6.000e+00,2.696e+00,3.544e+00,3.566e+00,3.426e+00,1.205e+00,2.444e+00
2.500e-02,3.000e+03,1.000e+00,2.600e+00,1.000e+00,4.500e+00,8.386e-01,1.065e+00,8.431e-01,9.177e-01,9.164e-01,9.188e-01,9.027e-01,9.346e-01
5.000e-02,3.000e+03,1.000e+00,2.600e+00,1.000e+00,4.500e+00,8.899e-01,1.137e+00,8.850e-01,9.489e-01,9.466e-01,9.517e-01,9.166e-01,9.587e-01
7.500e-02,3.000e+03,1.000e+00,2.600e+00,1.000e+00,4.500e+00,9.458e-01,1.216e+00,9.357e-01,9.833e-01,9.808e-01,9.882e-01,9.306e-01,9.856e-01
1.000e-01,3.000e+03,1.000e+00,2.600e+00,1.000e+00,4.500e+00,1.007e+00,1.303e+00,9.921e-01,1.023e+00,1.020e+00,1.029e+00,9.447e-01,1.016e+00
1.500e-01,3.000e+03,1.000e+00,2.600e+00,1.000e+00,4.500e+00,1.147e+00,1.506e+00,1.114e+00,1.128e+00,1.122e+00,1.128e+00,9.733e-01,1.087e+00
2.000e-01,3.000e+03,1.000e+00,2.600e+00,1.000e+00,4.500e+00,1.318e+00,1.758e+00,1.241e+00,1.261e+00,1.258e+00,1.257e+00,1.002e+00,1.178e+00
2.500e-01,3.000e+03,1.000e+00,2.600e+00,1.000e+00,4.500e+00,1.527e+00,2.074e+00,1.375e+00,1.435e+00,1.440e+00,1.426e+00,1.032e+00,1.291e+00
3.000e-01,3.000e+03,1.000e+00,2.600e+00,1.000e+00,4.500e+00,1.787e+00,2.478e+00,1.527e+00,1.669e+00,1.678e+00,1.649e+00,1.063e+00,1.432e+00
3.500e-01,3.000e+03,1.000e+00,2.600e+00,1.000e+00,4.500e+00,2.114e+00,3.004e+00,1.715e+00,1.975e+00,1.984e+00,1.938e+00,1.093e+00,1.610e+00
4.000e-01,3.000e+03,1.000e+00,2.600e+00,1.000e+00,4.500e+00,2.535e+00,3.704e+00,1.960e+00,2.369e+00,2.381e+00,2.312e+00,1.125e+00,1.831e+00
4.500e-01,3.000e+03,1.000e+00,2.600e+00,1.000e+00,4.500e+00,3.084e+00,4.658e+00,2.275e+00,2.865e+00,2.882e+00,2.787e+00,1.157e+00,2.105e+00
5.000e-01,3.000e+03,1.000e+00,2.600e+00,1.000e+00,4.500e+00,3.817e+00,6.000e+00,2.666e+00,3.481e+00,3.503e+00,3.385e+00,1.190e+00,2.439e+00
2.500e-02,3.000e+03,1.000e+00,2.700e+00,1.000e+00,4.500e+00,8.329e-01,1.065e+00,8.299e-01,9.052e-01,9.040e-01,9.064e-01,8.901e-01,9.420e-01
5.000e-02,3.000e+03,1.000e+00,2.700e+00,1.000e+00,4.500e+00,8.836e-01,1.137e+00,8.718e-01,9.366e-01,9.345e-01,9.395e-01,9.039e-01,9.664e-01
7.500e-02,3.000e+03,1.000e+00,2.700e+00,1.000e+00,4.500e+00,9.388e-01,1.216e+00,9.221e-01,9.715e-01,9.692e-01,9.763e-01,9.179e-01,9.937e-01
1.000e-01,3.000e+03,1.000e+00,2.700e+00,1.000e+00,4.500e+00,9.992e-01,1.303e+00,9.781e-01,1.012e+00,1.009e+00,1.018e+00,9.319e-01,1.024e+00
1.500e-01,3.000e+03,1.000e+00,2.700e+00,1.000e+00,4.500e+00,1.138e+00,1.506e+00,1.099e+00,1.117e+00,1.111e+00,1.117e+00,9.605e-01,1.097e+00
2.000e-01,3.000e+03,1.000e+00,2.700e+00,1.000e+00,4.500e+00,1.306e+00,1.758e+00,1.226e+00,1.250e+00,1.247e+00,1.247e+00,9.895e-01,1.187e+00
2.500e-01,3.000e+03,1.000e+00,2.700e+00,1.000e+00,4.500e+00,1.511e+00,2.074e+00,1.361e+00,1.424e+00,1.428e+00,1.416e+00,1.019e+00,1.300e+00
3.000e-01,3.000e+03,1.000e+00,2.700e+00,1.000e+00,4.500e+00,1.767e+00,2.478e+00,1.513e+00,1.654e+00,1.663e+00,1.637e+00,1.049e+00,1.441e+00
3.500e-01,3.000e+03,1.000e+00,2.700e+00,1.000e+00,4.500e+00,2.088e+00,3.004e+00,1.701e+00,1.955e+00,1.963e+00,1.924e+00,1.080e+00,1.617e+00
4.000e-01,3.000e+03,1.000e+00,2.700e+00,1.000e+00,4.500e+00,2.499e+00,3.704e+00,1.943e+00,2.340e+00,2.351e+00,2.291e+00,1.112e+00,1.836e+00
4.500e-01,3.000e+03,1.000e+00,2.700e+00,1.000e+00,4.500e+00,3.035e+00,4.658e+00,2.254e+00,2.823e+00,2.840e+00,2.758e+00,1.144e+00,2.107e+00
5.000e-01,3.000e+03,1.000e+00,2.700e+00,1.000e+00,4.500e+00,3.750e+00,6.000e+00,2.637e+00,3.422e+00,3.443e+00,3.341e+00,1.176e+00,2.433e+00
2.500e-02,3.000e+03,1.000e+00,2.800e+00,1.000e+00,4.500e+00,8.274e-01,1.065e+00,8.177e-01,8.938e-01,8.926e-01,8.951e-01,8.786e-01,9.487e-01
5.000e-02,3.000e+03,1.000e+00,2.800e+00,1.000e+00,4.500e+00,8.775e-01,1.137e+00,8.596e-01,9.254e-01,9.235e-01,9.284e-01,8.924e-01,9.735e-01
7.500e-02,3.000e+03,1.000e+00,2.800e+00,1.000e+00,4.500e+00,9.321e-01,1.216e+00,9.096e-01,9.607e-01,9.587e-01,9.655e-01,9.063e-01,1.001e+00
1.000e-01,3.000e+03,1.000e+00,2.800e+00,1.000e+00,4.500e+00,9.917e-01,1.303e+00,9.653e-01,1.002e+00,9.994e-01,1.007e+00,9.203e-01,1.032e+00
1.500e-01,3.000e+03,1.000e+00,2.800e+00,1.000e+00,4.500e+00,1.128e+00,1.506e+00,1.086e+00,1.107e+00,1.102e+00,1.107e+00,9.487e-01,1.105e+00
2.000e-01,3.000e+03,1.000e+00,2.800e+00,1.000e+00,4.500e+00,1.294e+00,1.758e+00,1.213e+00,1.240e+00,1.238e+00,1.237e+00,9.777e-01,1.196e+00
2.500e-01,3.000e+03,1.000e+00,2.800e+00,1.000e+00,4.500e+00,1.496e+00,2.074e+00,1.348e+00,1.412e+00,1.417e+00,1.406e+00,1.007e+00,1.309e+00
3.000e-01,3.000e+03,1.000e+00,2.800e+00,1.000e+00,4.500e+00,1.747e+00,2.478e+00,1.501e+00,1.640e+00,1.648e+00,1.625e+00,1.037e+00,1.449e+00
3.500e-01,3.000e+03,1.000e+00,2.800e+00,1.000e+00,4.500e+00,2.062e+00,3.004e+00,1.688e+00,1.935e+00,1.943e+00,1.908e+00,1.068e+00,1.624e+00
4.000e-01,3.000e+03,1.000e+00,2.800e+00,1.000e+00,4.500e+00,2.465e+00,3.704e+00,1.928e+00,2.312e+00,2.322e+00,2.270e+00,1.099e+00,1.841e+00
4.500e-01,3.000e+03,1.000e+00,2.800e+00,1.000e+00,4.500e+00,2.989e+00,4.658e+00,2.234e+00,2.783e+00,2.799e+00,2.727e+00,1.131e+00,2.108e+00
5.000e-01,3.000e+03,1.000e+00,2.800e+00,1.000e+00,4.500e+00,3.686e+00,6.000e+00,2.610e+00,3.367e+00,3.387e+00,3.297e+00,1.164e+00,2.428e+00
2.500e-02,3.000e+03,1.000e+00,2.900e+00,1.000e+00,4.500e+00,8.222e-01,1.065e+00,8.065e-01,8.833e-01,8.823e-01,8.848e-01,8.680e-01,9.548e-01
5.000e-02,3.000e+03,1.000e+00,2.900e+00,1.000e+00,4.500e+00,8.717e-01,1.137e+00,8.483e-01,9.152e-01,9.135e-01,9.183e-01,8.818e-01,9.800e-01
7.500e-02,3.000e+03,1.000e+00,2.900e+00,1.000e+00,4.500e+00,9.256e-01,1.216e+00,8.981e-01,9.509e-01,9.491e-01,9.556e-01,8.956e-01,1.008e+00
1.000e-01,3.000e+03,1.000e+00,2.900e+00,1.000e+00,4.500e+00,9.844e-01,1.303e+00,9.533e-01,9.921e-01,9.902e-01,9.974e-01,9.096e-01,1.039e+00
1.500e-01,3.000e+03,1.000e+00,2.900e+00,1.000e+00,4.500e+00,1.119e+00,1.506e+00,1.073e+00,1.097e+00,1.093e+00,1.098e+00,9.380e-01,1.112e+00
2.000e-01,3.000e+03,1.000e+00,2.900e+00,1.000e+00,4.500e+00,1.282e+00,1.758e+00,1.200e+00,1.231e+00,1.228e+00,1.228e+00,9.668e-01,1.203e+00
2.500e-01,3.000e+03,1.000e+00,2.900e+00,1.000e+00,4.500e+00,1.482e+00,2.074e+00,1.336e+00,1.402e+00,1.406e+00,1.396e+00,9.963e-01,1.316e+00
3.000e-01,3.000e+03,1.000e+00,2.900e+00,1.000e+00,4.500e+00,1.728e+00,2.478e+00,1.488e+00,1.626e+00,1.634e+00,1.614e+00,1.026e+00,1.457e+00
3.500e-01,3.000e+03,1.000e+00,2.900e+00,1.000e+00,4.500e+00,2.038e+00,3.004e+00,1.675e+00,1.916e+00,1.924e+00,1.893e+00,1.057e+00,1.630e+00
4.000e-01,3.000e+03,1.000e+00,2.900e+00,1.000e+00,4.500e+00,2.433e+00,3.704e+00,1.912e+00,2.286e+00,2.295e+00,2.249e+00,1.088e+00,1.845e+00
4.500e-01,3.000e+03,1.000e+00,2.900e+00,1.000e+00,4.500e+00,2.945e+00,4.658e+00,2.214e+00,2.745e+00,2.761e+00,2.697e+00,1.120e+00,2.108e+00
5.000e-01,3.000e+03,1.000e+00,2.900e+00,1.000e+00,4.500e+00,3.625e+00,6.000e+00,2.583e+00,3.314e+00,3.333e+00,3.253e+00,1.152e+00,2.422e+00
2.500e-02,3.000e+03,1.000e+00,3.000e+00,1.000e+00,4.500e+00,8.171e-01,1.065e+00,7.961e-01,8.737e-01,8.728e-01,8.752e-01,8.583e-01,9.604e-01
5.000e-02,3.000e+03,1.000e+00,3.000e+00,1.000e+00,4.500e+00,8.660e-01,1.137e+00,8.378e-01,9.058e-01,9.042e-01,9.089e-01,8.720e-01,9.860e-01
7.500e-02,3.000e+03,1.000e+00,3.000e+00,1.000e+00,4.500e+00,9.193e-01,1.216e+00,8.873e-01,9.418e-01,9.401e-01,9.464e-01,8.858e-01,1.014e+00
1.000e-01,3.000e+03,1.000e+00,3.000e+00,1.000e+00,4.500e+00,9.775e-01,1.303e+00,9.422e-01,9.833e-01,9.816e-01,9.884e-01,8.998e-01,1.046e+00
1.500e-01,3.000e+03,1.000e+00,3.000e+00,1.000e+00,4.500e+00,1.111e+00,1.506e+00,1.062e+00,1.089e+00,1.084e+00,1.089e+00,9.280e-01,1.119e+00
2.000e-01,3.000e+03,1.000e+00,3.000e+00,1.000e+00,4.500e+00,1.272e+00,1.758e+00,1.188e+00,1.221e+00,1.219e+00,1.219e+00,9.568e-01,1.211e+00
2.500e-01,3.000e+03,1.000e+00,3.000e+00,1.000e+00,4.500e+00,1.468e+00,2.074e+00,1.324e+00,1.391e+00,1.396e+00,1.386e+00,9.861e-01,1.324e+00
3.000e-01,3.000e+03,1.000e+00,3.000e+00,1.000e+00,4.500e+00,1.711e+00,2.478e+00,1.477e+00,1.613e+00,1.621e+00,1.602e+00,1.016e+00,1.463e+00
3.500e-01,3.000e+03,1.000e+00,3.000e+00,1.000e+00,4.500e+00,2.015e+00,3.004e+00,1.663e+00,1.898e+00,1.905e+00,1.878e+00,1.046e+00,1.636e+00
4.000e-01,3.000e+03,1.000e+00,3.000e+00,1.000e+00,4.500e+00,2.402e+00,3.704e+00,1.898e+00,2.260e+00,2.269e+00,2.228e+00,1.077e+00,1.849e+00
4.500e-01,3.000e+03,1.000e+00,3.000e+00,1.000e+00,4.500e+00,2.903e+00,4.658e+00,2.195e+00,2.709e+00,2.724e+00,2.666e+00,1.109e+00,2.108e+00
5.000e-01,3.000e+03,1.000e+00,3.000e+00,1.000e+00,4.500e+00,3.567e+00,6.000e+00,2.558e+00,3.263e+00,3.283e+00,3.210e+00,1.141e+00,2.416e+00
2.500e-02,3.000e+03,1.000e+00,3.100e+00,1.000e+00,4.500e+00,8.121e-01,1.065e+00,7.864e-01,8.649e-01,8.640e-01,8.664e-01,8.493e-01,9.656e-01
5.000e-02,3.000e+03,1.000e+00,3.100e+00,1.000e+00,4.500e+00,8.606e-01,1.137e+00,8.281e-01,8.971e-01,8.957e-01,9.002e-01,8.630e-01,9.915e-01
7.500e-02,3.000e+03,1.000e+00,3.100e+00,1.000e+00,4.500e+00,9.133e-01,1.216e+00,8.773e-01,9.333e-01,9.319e-01,9.378e-01,8.767e-01,1.020e+00
1.000e-01,3.000e+03,1.000e+00,3.100e+00,1.000e+00,4.500e+00,9.707e-01,1.303e+00,9.318e-01,9.751e-01,9.736e-01,9.799e-01,8.906e-01,1.052e+00
1.500e-01,3.000e+03,1.000e+00,3.100e+00,1.000e+00,4.500e+00,1.102e+00,1.506e+00,1.050e+00,1.081e+00,1.076e+00,1.081e+00,9.188e-01,1.126e+00
2.000e-01,3.000e+03,1.000e+00,3.100e+00,1.000e+00,4.500e+00,1.261e+00,1.758e+00,1.177e+00,1.213e+00,1.211e+00,1.210e+00,9.475e-01,1.217e+00
2.500e-01,3.000e+03,1.000e+00,3.100e+00,1.000e+00,4.500e+00,1.454e+00,2.074e+00,1.313e+00,1.381e+00,1.386e+00,1.377e+00,9.767e-01,1.330e+00
3.000e-01,3.000e+03,1.000e+00,3.100e+00,1.000e+00,4.500e+00,1.693e+00,2.478e+00,1.466e+00,1.600e+00,1.608e+00,1.591e+00,1.007e+00,1.469e+00
3.500e-01,3.000e+03,1.000e+00,3.100e+00,1.000e+00,4.500e+00,1.992e+00,3.004e+00,1.651e+00,1.880e+00,1.887e+00,1.863e+00,1.037e+00,1.641e+00
4.000e-01,3.000e+03,1.000e+00,3.100e+00,1.000e+00,4.500e+00,2.372e+00,3.704e+00,1.883e+00,2.235e+00,2.244e+00,2.207e+00,1.068e+00,1.851e+00
4.500e-01,3.000e+03,1.000e+00,3.100e+00,1.000e+00,4.500e+00,2.863e+00,4.658e+00,2.177e+00,2.675e+00,2.689e+00,2.637e+00,1.099e+00,2.107e+00
5.000e-01,3.000e+03,1.000e+00,3.100e+00,1.000e+00,4.500e+00,3.512e+00,6.000e+00,2.533e+00,3.216e+00,3.234e+00,3.168e+00,1.131e+00,2.409e+00
2.500e-02,3.000e+03,1.000e+00,3.200e+00,1.000e+00,4.500e+00,8.074e-01,1.065e+00,7.774e-01,8.566e-01,8.558e-01,8.582e-01,8.410e-01,9.703e-01
5.000e-02,3.000e+03,1.000e+00,3.200e+00,1.000e+00,4.500e+00,8.553e-01,1.137e+00,8.190e-01,8.890e-01,8.877e-01,8.921e-01,8.546e-01,9.965e-01
7.500e-02,3.000e+03,1.000e+00,3.200e+00,1.000e+00,4.500e+00,9.074e-01,1.216e+00,8.678e-01,9.254e-01,9.242e-01,9.298e-01,8.683e-01,1.025e+00
1.000e-01,3.000e+03,1.000e+00,3.200e+00,1.000e+00,4.500e+00,9.642e-01,1.303e+00,9.220e-01,9.674e-01,9.661e-01,9.721e-01,8.822e-01,1.057e+00
1.500e-01,3.000e+03,1.000e+00,3.200e+00,1.000e+00,4.500e+00,1.094e+00,1.506e+00,1.040e+00,1.073e+00,1.069e+00,1.073e+00,9.103e-01,1.132e+00
2.000e-01,3.000e+03,1.000e+00,3.200e+00,1.000e+00,4.500e+00,1.251e+00,1.758e+00,1.166e+00,1.204e+00,1.203e+00,1.202e+00,9.389e-01,1.223e+00
2.500e-01,3.000e+03,1.000e+00,3.200e+00,1.000e+00,4.500e+00,1.442e+00,2.074e+00,1.302e+00,1.371e+00,1.376e+00,1.368e+00,9.680e-01,1.336e+00
3.000e-01,3.000e+03,1.000e+00,3.200e+00,1.000e+00,4.500e+00,1.677e+00,2.478e+00,1.455e+00,1.588e+00,1.595e+00,1.579e+00,9.977e-01,1.475e+00
3.500e-01,3.000e+03,1.000e+00,3.200e+00,1.000e+00,4.500e+00,1.971e+00,3.004e+00,1.639e+00,1.863e+00,1.870e+00,1.848e+00,1.028e+00,1.645e+00
4.000e-01,3.000e+03,1.000e+00,3.200e+00,1.000e+00,4.500e+00,2.344e+00,3.704e+00,1.870e+00,2.212e+00,2.219e+00,2.186e+00,1.059e+00,1.854e+00
4.500e-01,3.000e+03,1.000e+00,3.200e+00,1.000e+00,4.500e+00,2.825e+00,4.658e+00,2.159e+00,2.642e+00,2.656e+00,2.608e+00,1.090e+00,2.106e+00
5.000e-01,3.000e+03,1.000e+00,3.200e+00,1.000e+00,4.500e+00,3.460e+00,6.000e+00,2.510e+00,3.170e+00,3.188e+00,3.128e+00,1.122e+00,2.403e+00
2.500e-02,3.000e+03,1.000e+00,3.300e+00,1.000e+00,4.500e+00,8.027e-01,1.065e+00,7.689e-01,8.489e-01,8.482e-01,8.505e-01,8.332e-01,9.747e-01
5.000e-02,3.000e+03,1.000e+00,3.300e+00,1.000e+00,4.500e+00,8.502e-01,1.137e+00,8.104e-01,8.814e-01,8.803e-01,8.845e-01,8.468e-01,1.001e+00
7.500e-02,3.000e+03,1.000e+00,3.300e+00,1.000e+00,4.500e+00,9.017e-01,1.216e+00,8.590e-01,9.180e-01,9.170e-01,9.223e-01,8.605e-01,1.030e+00
1.000e-01,3.000e+03,1.000e+00,3.300e+00,1.000e+00,4.500e+00,9.579e-01,1.303e+00,9.127e-01,9.602e-01,9.590e-01,9.647e-01,8.743e-01,1.062e+00
1.500e-01,3.000e+03,1.000e+00,3.300e+00,1.000e+00,4.500e+00,1.086e+00,1.506e+00,1.030e+00,1.065e+00,1.062e+00,1.066e+00,9.023e-01,1.137e+00
2.000e-01,3.000e+03,1.000e+00,3.300e+00,1.000e+00,4.500e+00,1.241e+00,1.758e+00,1.156e+00,1.196e+00,1.195e+00,1.194e+00,9.308e-01,1.229e+00
2.500e-01,3.000e+03,1.000e+00,3.300e+00,1.000e+00,4.500e+00,1.429e+00,2.074e+00,1.292e+00,1.362e+00,1.367e+00,1.359e+00,9.598e-01,1.341e+00
3.000e-01,3.000e+03,1.000e+00,3.300e+00,1.000e+00,4.500e+00,1.661e+00,2.478e+00,1.444e+00,1.576e+00,1.583e+00,1.568e+00,9.894e-01,1.480e+00
3.500e-01,3.000e+03,1.000e+00,3.300e+00,1.000e+00,4.500e+00,1.950e+00,3.004e+00,1.628e+00,1.847e+00,1.854e+00,1.833e+00,1.020e+00,1.649e+00
4.000e-01,3.000e+03,1.000e+00,3.300e+00,1.000e+00,4.500e+00,2.316e+00,3.704e+00,1.856e+00,2.189e+00,2.196e+00,2.166e+00,1.050e+00,1.856e+00
4.500e-01,3.000e+03,1.000e+00,3.300e+00,1.000e+00,4.500e+00,2.788e+00,4.658e+00,2.142e+00,2.610e+00,2.624e+00,2.579e+00,1.081e+00,2.105e+00
5.000e-01,3.000e+03,1.000e+00,3.300e+00,1.000e+00,4.500e+00,3.409e+00,6.000e+00,2.487e+00,3.126e+00,3.144e+00,3.088e+00,1.113e+00,2.396e+00
2.500e-02,3.000e+03,1.000e+00,3.400e+00,1.000e+00,4.500e+00,7.983e-01,1.065e+00,7.609e-01,8.417e-01,8.411e-01,8.433e-01,8.259e-01,9.786e-01
5.000e-02,3.000e+03,1.000e+00,3.400e+00,1.000e+00,4.500e+00,8.452e-01,1.137e+00,8.023e-01,8.743e-01,8.733e-01,8.774e-01,8.394e-01,1.005e+00
7.500e-02,3.000e+03,1.000e+00,3.400e+00,1.000e+00,4.500e+00,8.962e-01,1.216e+00,8.506e-01,9.111e-01,9.102e-01,9.153e-01,8.531e-01,1.035e+00
1.000e-01,3.000e+03,1.000e+00,3.400e+00,1.000e+00,4.500e+00,9.517e-01,1.303e+00,9.039e-01,9.533e-01,9.523e-01,9.577e-01,8.669e-01,1.067e+00
1.500e-01,3.000e+03,1.000e+00,3.400e+00,1.000e+00,4.500e+00,1.079e+00,1.506e+00,1.021e+00,1.058e+00,1.055e+00,1.059e+00,8.948e-01,1.142e+00
2.000e-01,3.000e+03,1.000e+00,3.400e+00,1.000e+00,4.500e+00,1.231e+00,1.758e+00,1.146e+00,1.188e+00,1.187e+00,1.187e+00,9.232e-01,1.234e+00
2.500e-01,3.000e+03,1.000e+00,3.400e+00,1.000e+00,4.500e+00,1.417e+00,2.074e+00,1.282e+00,1.353e+00,1.358e+00,1.350e+00,9.522e-01,1.346e+00
3.000e-01,3.000e+03,1.000e+00,3.400e+00,1.000e+00,4.500e+00,1.645e+00,2.478e+00,1.434e+00,1.564e+00,1.571e+00,1.557e+00,9.817e-01,1.484e+00
3.500e-01,3.000e+03,1.000e+00,3.400e+00,1.000e+00,4.500e+00,1.930e+00,3.004e+00,1.617e+00,1.831e+00,1.837e+00,1.819e+00,1.012e+00,1.652e+00
4.000e-01,3.000e+03,1.000e+00,3.400e+00,1.000e+00,4.500e+00,2.290e+00,3.704e+00,1.843e+00,2.167e+00,2.174e+00,2.146e+00,1.042e+00,1.857e+00
4.500e-01,3.000e+03,1.000e+00,3.400e+00,1.000e+00,4.500e+00,2.753e+00,4.658e+00,2.125e+00,2.580e+00,2.593e+00,2.552e+00,1.073e+00,2.103e+00
5.000e-01,3.000e+03,1.000e+00,3.400e+00,1.000e+00,4.500e+00,3.361e+00,6.000e+00,2.465e+00,3.084e+00,3.102e+00,3.050e+00,1.105e+00,2.389e+00
2.500e-02,3.000e+03,1.000e+00,3.500e+00,1.000e+00,4.500e+00,7.939e-01,1.065e+00,7.533e-01,8.350e-01,8.344e-01,8.366e-01,8.190e-01,9.823e-01
5.000e-02,3.000e+03,1.000e+00,3.500e+00,1.000e+00,4.500e+00,8.404e-01,1.137e+00,7.946e-01,8.677e-01,8.668e-01,8.707e-01,8.326e-01,1.009e+00
7.500e-02,3.000e+03,1.000e+00,3.500e+00,1.000e+00,4.500e+00,8.908e-01,1.216e+00,8.426e-01,9.045e-01,9.038e-01,9.087e-01,8.462e-01,1.039e+00
1.000e-01,3.000e+03,1.000e+00,3.500e+00,1.000e+00,4.500e+00,9.458e-01,1.303e+00,8.956e-01,9.468e-01,9.460e-01,9.510e-01,8.599e-01,1.071e+00
1.500e-01,3.000e+03,1.000e+00,3.500e+00,1.000e+00,4.500e+00,1.071e+00,1.506e+00,1.012e+00,1.052e+00,1.048e+00,1.052e+00,8.878e-01,1.147e+00
2.000e-01,3.000e+03,1.000e+00,3.500e+00,1.000e+00,4.500e+00,1.222e+00,1.758e+00,1.137e+00,1.181e+00,1.180e+00,1.180e+00,9.161e-01,1.239e+00
2.500e-01,3.000e+03,1.000e+00,3.500e+00,1.000e+00,4.500e+00,1.405e+00,2.074e+00,1.272e+00,1.344e+00,1.349e+00,1.342e+00,9.450e-01,1.351e+00
3.000e-01,3.000e+03,1.000e+00,3.500e+00,1.000e+00,4.500e+00,1.630e+00,2.478e+00,1.424e+00,1.552e+00,1.560e+00,1.547e+00,9.744e-01,1.488e+00
3.500e-01,3.000e+03,1.000e+00,3.500e+00,1.000e+00,4.500e+00,1.911e+00,3.004e+00,1.606e+00,1.816e+00,1.822e+00,1.805e+00,1.004e+00,1.655e+00
4.000e-01,3.000e+03,1.000e+00,3.500e+00,1.000e+00,4.500e+00,2.265e+00,3.704e+00,1.830e+00,2.146e+00,2.153e+00,2.127e+00,1.035e+00,1.858e+00
4.500e-01,3.000e+03,1.000e+00,3.500e+00,1.000e+00,4.500e+00,2.719e+00,4.658e+00,2.109e+00,2.550e+00,2.563e+00,2.525e+00,1.066e+00,2.102e+00
5.000e-01,3.000e+03,1.000e+00,3.500e+00,1.000e+00,4.500e+00,3.315e+00,6.000e+00,2.444e+00,3.044e+00,3.062e+00,3.013e+00,1.097e+00,2.383e+00
2.500e-02,3.000e+03,1.000e+00,3.600e+00,1.000e+00,4.500e+00,7.896e-01,1.065e+00,7.462e-01,8.286e-01,8.281e-01,8.302e-01,8.126e-01,9.856e-01
5.000e-02,3.000e+03,1.000e+00,3.600e+00,1.000e+00,4.500e+00,8.357e-01,1.137e+00,7.873e-01,8.614e-01,8.606e-01,8.644e-01,8.261e-01,1.013e+00
7.500e-02,3.000e+03,1.000e+00,3.600e+00,1.000e+00,4.500e+00,8.857e-01,1.216e+00,8.350e-01,8.983e-01,8.977e-01,9.024e-01,8.397e-01,1.043e+00
1.000e-01,3.000e+03,1.000e+00,3.600e+00,1.000e+00,4.500e+00,9.400e-01,1.303e+00,8.877e-01,9.407e-01,9.400e-01,9.448e-01,8.534e-01,1.075e+00
1.500e-01,3.000e+03,1.000e+00,3.600e+00,1.000e+00,4.500e+00,1.064e+00,1.506e+00,1.003e+00,1.045e+00,1.042e+00,1.045e+00,8.812e-01,1.151e+00
2.000e-01,3.000e+03,1.000e+00,3.600e+00,1.000e+00,4.500e+00,1.213e+00,1.758e+00,1.128e+00,1.174e+00,1.173e+00,1.173e+00,9.094e-01,1.243e+00
2.500e-01,3.000e+03,1.000e+00,3.600e+00,1.000e+00,4.500e+00,1.394e+00,2.074e+00,1.263e+00,1.335e+00,1.340e+00,1.334e+00,9.382e-01,1.355e+00
3.000e-01,3.000e+03,1.000e+00,3.600e+00,1.000e+00,4.500e+00,1.616e+00,2.478e+00,1.415e+00,1.541e+00,1.548e+00,1.537e+00,9.675e-01,1.491e+00
3.500e-01,3.000e+03,1.000e+00,3.600e+00,1.000e+00,4.500e+00,1.892e+00,3.004e+00,1.596e+00,1.801e+00,1.807e+00,1.791e+00,9.974e-01,1.658e+00
4.000e-01,3.000e+03,1.000e+00,3.600e+00,1.000e+00,4.500e+00,2.240e+00,3.704e+00,1.818e+00,2.125e+00,2.132e+00,2.108e+00,1.028e+00,1.859e+00
4.500e-01,3.000e+03,1.000e+00,3.600e+00,1.000e+00,4.500e+00,2.687e+00,4.658e+00,2.093e+00,2.522e+00,2.535e+00,2.500e+00,1.059e+00,2.100e+00
5.000e-01,3.000e+03,1.000e+00,3.600e+00,1.000e+00,4.500e+00,3.270e+00,6.000e+00,2.423e+00,3.006e+00,3.023e+00,2.978e+00,1.090e+00,2.376e+00
2.500e-02,3.000e+03,1.000e+00,3.700e+00,1.000e+00,4.500e+00,7.855e-01,1.065e+00,7.394e-01,8.226e-01,8.221e-01,8.242e-01,8.065e-01,9.887e-01
5.000e-02,3.000e+03,1.000e+00,3.700e+00,1.000e+00,4.500e+00,8.311e-01,1.137e+00,7.804e-01,8.554e-01,8.548e-01,8.584e-01,8.200e-01,1.016e+00
7.500e-02,3.000e+03,1.000e+00,3.700e+00,1.000e+00,4.500e+00,8.806e-01,1.216e+00,8.278e-01,8.924e-01,8.920e-01,8.964e-01,8.335e-01,1.046e+00
1.000e-01,3.000e+03,1.000e+00,3.700e+00,1.000e+00,4.500e+00,9.344e-01,1.303e+00,8.801e-01,9.348e-01,9.343e-01,9.388e-01,8.472e-01,1.079e+00
1.500e-01,3.000e+03,1.000e+00,3.700e+00,1.000e+00,4.500e+00,1.057e+00,1.506e+00,9.949e-01,1.039e+00,1.036e+00,1.039e+00,8.749e-01,1.155e+00
2.000e-01,3.000e+03,1.000e+00,3.700e+00,1.000e+00,4.500e+00,1.205e+00,1.758e+00,1.119e+00,1.167e+00,1.166e+00,1.166e+00,9.031e-01,1.247e+00
2.500e-01,3.000e+03,1.000e+00,3.700e+00,1.000e+00,4.500e+00,1.383e+00,2.074e+00,1.254e+00,1.327e+00,1.332e+00,1.326e+00,9.318e-01,1.358e+00
3.000e-01,3.000e+03,1.000e+00,3.700e+00,1.000e+00,4.500e+00,1.602e+00,2.478e+00,1.406e+00,1.531e+00,1.538e+00,1.527e+00,9.610e-01,1.494e+00
3.500e-01,3.000e+03,1.000e+00,3.700e+00,1.000e+00,4.500e+00,1.874e+00,3.004e+00,1.585e+00,1.787e+00,1.792e+00,1.778e+00,9.908e-01,1.660e+00
4.000e-01,3.000e+03,1.000e+00,3.700e+00,1.000e+00,4.500e+00,2.217e+00,3.704e+00,1.806e+00,2.106e+00,2.112e+00,2.090e+00,1.021e+00,1.859e+00
4.500e-01,3.000e+03,1.000e+00,3.700e+00,1.000e+00,4.500e+00,2.655e+00,4.658e+00,2.077e+00,2.495e+00,2.507e+00,2.475e+00,1.052e+00,2.097e+00
5.000e-01,3.000e+03,1.000e+00,3.700e+00,1.000e+00,4.500e+00,3.227e+00,6.000e+00,2.403e+00,2.969e+00,2.986e+00,2.943e+00,1.083e+00,2.369e+00
2.500e-02,3.000e+03,1.000e+00,3.800e+00,1.000e+00,4.500e+00,7.815e-01,1.065e+00,7.329e-01,8.168e-01,8.165e-01,8.185e-01,8.008e-01,9.915e-01
5.000e-02,3.000e+03,1.000e+00,3.800e+00,1.000e+00,4.500e+00,8.267e-01,1.137e+00,7.738e-01,8.497e-01,8.492e-01,8.527e-01,8.142e-01,1.019e+00
7.500e-02,3.000e+03,1.000e+00,3.800e+00,1.000e+00,4.500e+00,8.757e-01,1.216e+00,8.209e-01,8.868e-01,8.865e-01,8.907e-01,8.277e-01,1.049e+00
1.000e-01,3.000e+03,1.000e+00,3.800e+00,1.000e+00,4.500e+00,9.290e-01,1.303e+00,8.729e-01,9.292e-01,9.288e-01,9.330e-01,8.413e-01,1.082e+00
1.500e-01,3.000e+03,1.000e+00,3.800e+00,1.000e+00,4.500e+00,1.051e+00,1.506e+00,9.870e-01,1.033e+00,1.030e+00,1.033e+00,8.690e-01,1.158e+00
2.000e-01,3.000e+03,1.000e+00,3.800e+00,1.000e+00,4.500e+00,1.196e+00,1.758e+00,1.111e+00,1.160e+00,1.159e+00,1.159e+00,8.971e-01,1.250e+00
2.500e-01,3.000e+03,1.000e+00,3.800e+00,1.000e+00,4.500e+00,1.373e+00,2.074e+00,1.246e+00,1.319e+00,1.324e+00,1.318e+00,9.257e-01,1.362e+00
3.000e-01,3.000e+03,1.000e+00,3.800e+00,1.000e+00,4.500e+00,1.589e+00,2.478e+00,1.397e+00,1.520e+00,1.527e+00,1.517e+00,9.549e-01,1.497e+00
3.500e-01,3.000e+03,1.000e+00,3.800e+00,1.000e+00,4.500e+00,1.857e+00,3.004e+00,1.575e+00,1.773e+00,1.778e+00,1.765e+00,9.845e-01,1.662e+00
4.000e-01,3.000e+03,1.000e+00,3.800e+00,1.000e+00,4.500e+00,2.194e+00,3.704e+00,1.794e+00,2.087e+00,2.093e+00,2.073e+00,1.015e+00,1.860e+00
4.500e-01,3.000e+03,1.000e+00,3.800e+00,1.000e+00,4.500e+00,2.625e+00,4.658e+00,2.062e+00,2.469e+00,2.481e+00,2.450e+00,1.045e+00,2.095e+00
5.000e-01,3.000e+03,1.000e+00,3.800e+00,1.000e+00,4.500e+00,3.186e+00,6.000e+00,2.383e+00,2.934e+00,2.950e+00,2.910e+00,1.077e+00,2.363e+00
2.500e-02,3.000e+03,1.000e+00,3.900e+00,1.000e+00,4.500e+00,7.776e-01,1.065e+00,7.267e-01,8.114e-01,8.112e-01,8.131e-01,7.953e-01,9.940e-01
5.000e-02,3.000e+03,1.000e+00,3.900e+00,1.000e+00,4.500e+00,8.223e-01,1.137e+00,7.674e-01,8.443e-01,8.439e-01,8.473e-01,8.087e-01,1.022e+00
7.500e-02,3.000e+03,1.000e+00,3.900e+00,1.000e+00,4.500e+00,8.709e-01,1.216e+00,8.143e-01,8.814e-01,8.813e-01,8.853e-01,8.222e-01,1.052e+00
1.000e-01,3.000e+03,1.000e+00,3.900e+00,1.000e+00,4.500e+00,9.237e-01,1.303e+00,8.659e-01,9.238e-01,9.236e-01,9.276e-01,8.358e-01,1.085e+00
1.500e-01,3.000e+03,1.000e+00,3.900e+00,1.000e+00,4.500e+00,1.044e+00,1.506e+00,9.794e-01,1.027e+00,1.024e+00,1.027e+00,8.634e-01,1.161e+00
2.000e-01,3.000e+03,1.000e+00,3.900e+00,1.000e+00,4.500e+00,1.188e+00,1.758e+00,1.103e+00,1.154e+00,1.153e+00,1.153e+00,8.914e-01,1.253e+00
2.500e-01,3.000e+03,1.000e+00,3.900e+00,1.000e+00,4.500e+00,1.362e+00,2.074e+00,1.237e+00,1.311e+00,1.316e+00,1.310e+00,9.200e-01,1.365e+00
3.000e-01,3.000e+03,1.000e+00,3.900e+00,1.000e+00,4.500e+00,1.576e+00,2.478e+00,1.388e+00,1.510e+00,1.517e+00,1.507e+00,9.490e-01,1.500e+00
3.500e-01,3.000e+03,1.000e+00,3.900e+00,1.000e+00,4.500e+00,1.840e+00,3.004e+00,1.566e+00,1.759e+00,1.764e+00,1.752e+00,9.786e-01,1.663e+00
4.000e-01,3.000e+03,1.000e+00,3.900e+00,1.000e+00,4.500e+00,2.172e+00,3.704e+00,1.782e+00,2.068e+00,2.074e+00,2.055e+00,1.009e+00,1.860e+00
4.500e-01,3.000e+03,1.000e+00,3.900e+00,1.000e+00,4.500e+00,2.596e+00,4.658e+00,2.047e+00,2.444e+00,2.455e+00,2.427e+00,1.039e+00,2.093e+00
5.000e-01,3.000e+03,1.000e+00,3.900e+00,1.000e+00,4.500e+00,3.147e+00,6.000e+00,2.364e+00,2.900e+00,2.916e+00,2.878e+00,1.071e+00,2.356e+00
2.500e-02,3.000e+03,1.000e+00,4.000e+00,1.000e+00,4.500e+00,7.738e-01,1.065e+00,7.208e-01,8.063e-01,8.061e-01,8.079e-01,7.901e-01,9.964e-01
5.000e-02,3.000e+03,1.000e+00,4.000e+00,1.000e+00,4.500e+00,8.181e-01,1.137e+00,7.614e-01,8.392e-01,8.389e-01,8.422e-01,8.035e-01,1.024e+00
7.500e-02,3.000e+03,1.000e+00,4.000e+00,1.000e+00,4.500e+00,8.663e-01,1.216e+00,8.080e-01,8.763e-01,8.763e-01,8.801e-01,8.169e-01,1.055e+00
1.000e-01,3.000e+03,1.000e+00,4.000e+00,1.000e+00,4.500e+00,9.185e-01,1.303e+00,8.593e-01,9.187e-01,9.185e-01,9.223e-01,8.305e-01,1.088e+00
1.500e-01,3.000e+03,1.000e+00,4.000e+00,1.000e+00,4.500e+00,1.038e+00,1.506e+00,9.721e-01,1.022e+00,1.019e+00,1.022e+00,8.580e-01,1.164e+00
2.000e-01,3.000e+03,1.000e+00,4.000e+00,1.000e+00,4.500e+00,1.180e+00,1.758e+00,1.095e+00,1.147e+00,1.146e+00,1.147e+00,8.860e-01,1.256e+00
2.500e-01,3.000e+03,1.000e+00,4.000e+00,1.000e+00,4.500e+00,1.352e+00,2.074e+00,1.229e+00,1.303e+00,1.308e+00,1.303e+00,9.145e-01,1.367e+00
3.000e-01,3.000e+03,1.000e+00,4.000e+00,1.000e+00,4.500e+00,1.563e+00,2.478e+00,1.379e+00,1.500e+00,1.507e+00,1.498e+00,9.434e-01,1.502e+00
3.500e-01,3.000e+03,1.000e+00,4.000e+00,1.000e+00,4.500e+00,1.824e+00,3.004e+00,1.556e+00,1.746e+00,1.751e+00,1.740e+00,9.729e-01,1.664e+00
4.000e-01,3.000e+03,1.000e+00,4.000e+00,1.000e+00,4.500e+00,2.151e+00,3.704e+00,1.771e+00,2.050e+00,2.056e+00,2.038e+00,1.003e+00,1.860e+00
4.500e-01,3.000e+03,1.000e+00,4.000e+00,1.000e+00,4.500e+00,2.567e+00,4.658e+00,2.033e+00,2.420e+00,2.431e+00,2.404e+00,1.033e+00,2.090e+00
5.000e-01,3.000e+03,1.000e+00,4.000e+00,1.000e+00,4.500e+00,3.109e+00,6.000e+00,2.345e+00,2.867e+00,2.883e+00,2.847e+00,1.065e+00,2.350e+00
