pf,N,m,T,sigma,cut,enskog_F-CS,enskog_F-kolafa,enskog_F-thol,enskog_F-mecke,enskog_F-gottschalk,enskog_F-hess,enskog_RDF_LJ
1.000e-02,3.000e+03,1.000e+00,1.300e+00,1.000e+00,4.500e+00,2.286e-01,1.814e-01,1.868e-01,1.872e-01,1.882e-01,1.963e-01,2.433e-01
1.000e-02,3.000e+03,1.000e+00,1.400e+00,1.000e+00,4.500e+00,2.398e-01,1.996e-01,2.077e-01,2.082e-01,2.087e-01,2.172e-01,2.540e-01
1.000e-02,3.000e+03,1.000e+00,1.500e+00,1.000e+00,4.500e+00,2.508e-01,2.167e-01,2.279e-01,2.283e-01,2.283e-01,2.374e-01,2.644e-01
1.000e-02,3.000e+03,1.000e+00,1.600e+00,1.000e+00,4.500e+00,2.616e-01,2.328e-01,2.472e-01,2.477e-01,2.472e-01,2.568e-01,2.744e-01
1.000e-02,3.000e+03,1.000e+00,1.700e+00,1.000e+00,4.500e+00,2.721e-01,2.479e-01,2.658e-01,2.663e-01,2.654e-01,2.754e-01,2.842e-01
1.000e-02,3.000e+03,1.000e+00,1.800e+00,1.000e+00,4.500e+00,2.825e-01,2.621e-01,2.837e-01,2.841e-01,2.830e-01,2.933e-01,2.938e-01
1.000e-02,3.000e+03,1.000e+00,1.900e+00,1.000e+00,4.500e+00,2.927e-01,2.756e-01,3.009e-01,3.013e-01,2.999e-01,3.105e-01,3.032e-01
1.000e-02,3.000e+03,1.000e+00,2.000e+00,1.000e+00,4.500e+00,3.028e-01,2.883e-01,3.175e-01,3.179e-01,3.162e-01,3.272e-01,3.124e-01
1.000e-02,3.000e+03,1.000e+00,2.100e+00,1.000e+00,4.500e+00,3.127e-01,3.004e-01,3.335e-01,3.339e-01,3.320e-01,3.432e-01,3.215e-01
1.000e-02,3.000e+03,1.000e+00,2.200e+00,1.000e+00,4.500e+00,3.225e-01,3.120e-01,3.490e-01,3.494e-01,3.473e-01,3.588e-01,3.305e-01
1.000e-02,3.000e+03,1.000e+00,2.300e+00,1.000e+00,4.500e+00,3.321e-01,3.231e-01,3.640e-01,3.644e-01,3.622e-01,3.740e-01,3.393e-01
1.000e-02,3.000e+03,1.000e+00,2.400e+00,1.000e+00,4.500e+00,3.417e-01,3.337e-01,3.785e-01,3.789e-01,3.766e-01,3.887e-01,3.479e-01
1.000e-02,3.000e+03,1.000e+00,2.500e+00,1.000e+00,4.500e+00,3.511e-01,3.439e-01,3.926e-01,3.931e-01,3.907e-01,4.030e-01,3.564e-01
1.000e-02,3.000e+03,1.000e+00,2.600e+00,1.000e+00,4.500e+00,3.605e-01,3.537e-01,4.064e-01,4.068e-01,4.044e-01,4.169e-01,3.647e-01
1.000e-02,3.000e+03,1.000e+00,2.700e+00,1.000e+00,4.500e+00,3.697e-01,3.632e-01,4.199e-01,4.203e-01,4.178e-01,4.306e-01,3.728e-01
1.000e-02,3.000e+03,1.000e+00,2.800e+00,1.000e+00,4.500e+00,3.788e-01,3.724e-01,4.330e-01,4.334e-01,4.310e-01,4.439e-01,3.808e-01
1.000e-02,3.000e+03,1.000e+00,2.900e+00,1.000e+00,4.500e+00,3.879e-01,3.813e-01,4.459e-01,4.463e-01,4.438e-01,4.570e-01,3.885e-01
1.000e-02,3.000e+03,1.000e+00,3.000e+00,1.000e+00,4.500e+00,3.968e-01,3.899e-01,4.585e-01,4.588e-01,4.564e-01,4.698e-01,3.960e-01
1.000e-02,3.000e+03,1.000e+00,3.100e+00,1.000e+00,4.500e+00,4.057e-01,3.983e-01,4.708e-01,4.712e-01,4.688e-01,4.823e-01,4.034e-01
1.000e-02,3.000e+03,1.000e+00,3.200e+00,1.000e+00,4.500e+00,4.145e-01,4.065e-01,4.830e-01,4.833e-01,4.810e-01,4.946e-01,4.106e-01
1.000e-02,3.000e+03,1.000e+00,3.300e+00,1.000e+00,4.500e+00,4.232e-01,4.145e-01,4.949e-01,4.952e-01,4.929e-01,5.068e-01,4.176e-01
1.000e-02,3.000e+03,1.000e+00,3.400e+00,1.000e+00,4.500e+00,4.319e-01,4.223e-01,5.067e-01,5.069e-01,5.047e-01,5.187e-01,4.244e-01
1.000e-02,3.000e+03,1.000e+00,3.500e+00,1.000e+00,4.500e+00,4.405e-01,4.300e-01,5.182e-01,5.184e-01,5.163e-01,5.305e-01,4.311e-01
1.000e-02,3.000e+03,1.000e+00,3.600e+00,1.000e+00,4.500e+00,4.490e-01,4.374e-01,5.296e-01,5.298e-01,5.277e-01,5.420e-01,4.377e-01
1.000e-02,3.000e+03,1.000e+00,3.700e+00,1.000e+00,4.500e+00,4.575e-01,4.448e-01,5.409e-01,5.410e-01,5.389e-01,5.534e-01,4.442e-01
1.000e-02,3.000e+03,1.000e+00,3.800e+00,1.000e+00,4.500e+00,4.659e-01,4.519e-01,5.520e-01,5.520e-01,5.501e-01,5.647e-01,4.505e-01
1.000e-02,3.000e+03,1.000e+00,3.900e+00,1.000e+00,4.500e+00,4.742e-01,4.590e-01,5.629e-01,5.629e-01,5.610e-01,5.758e-01,4.568e-01
1.000e-02,3.000e+03,1.000e+00,4.000e+00,1.000e+00,4.500e+00,4.825e-01,4.659e-01,5.737e-01,5.737e-01,5.719e-01,5.868e-01,4.629e-01
3.632e-02,3.000e+03,1.000e+00,1.300e+00,1.000e+00,4.500e+00,2.341e-01,2.023e-01,2.072e-01,2.078e-01,2.085e-01,2.080e-01,2.625e-01
3.632e-02,3.000e+03,1.000e+00,1.400e+00,1.000e+00,4.500e+00,2.454e-01,2.206e-01,2.290e-01,2.294e-01,2.284e-01,2.267e-01,2.738e-01
3.632e-02,3.000e+03,1.000e+00,1.500e+00,1.000e+00,4.500e+00,2.565e-01,2.376e-01,2.496e-01,2.501e-01,2.475e-01,2.446e-01,2.848e-01
3.632e-02,3.000e+03,1.000e+00,1.600e+00,1.000e+00,4.500e+00,2.674e-01,2.535e-01,2.692e-01,2.698e-01,2.659e-01,2.618e-01,2.955e-01
3.632e-02,3.000e+03,1.000e+00,1.700e+00,1.000e+00,4.500e+00,2.781e-01,2.684e-01,2.880e-01,2.886e-01,2.837e-01,2.783e-01,3.060e-01
3.632e-02,3.000e+03,1.000e+00,1.800e+00,1.000e+00,4.500e+00,2.885e-01,2.824e-01,3.060e-01,3.066e-01,3.008e-01,2.942e-01,3.161e-01
3.632e-02,3.000e+03,1.000e+00,1.900e+00,1.000e+00,4.500e+00,2.988e-01,2.956e-01,3.232e-01,3.239e-01,3.173e-01,3.095e-01,3.261e-01
3.632e-02,3.000e+03,1.000e+00,2.000e+00,1.000e+00,4.500e+00,3.090e-01,3.080e-01,3.398e-01,3.405e-01,3.334e-01,3.243e-01,3.359e-01
3.632e-02,3.000e+03,1.000e+00,2.100e+00,1.000e+00,4.500e+00,3.190e-01,3.198e-01,3.557e-01,3.564e-01,3.489e-01,3.386e-01,3.455e-01
3.632e-02,3.000e+03,1.000e+00,2.200e+00,1.000e+00,4.500e+00,3.289e-01,3.311e-01,3.711e-01,3.719e-01,3.640e-01,3.524e-01,3.550e-01
3.632e-02,3.000e+03,1.000e+00,2.300e+00,1.000e+00,4.500e+00,3.386e-01,3.419e-01,3.861e-01,3.868e-01,3.786e-01,3.659e-01,3.642e-01
3.632e-02,3.000e+03,1.000e+00,2.400e+00,1.000e+00,4.500e+00,3.482e-01,3.522e-01,4.005e-01,4.012e-01,3.929e-01,3.790e-01,3.734e-01
3.632e-02,3.000e+03,1.000e+00,2.500e+00,1.000e+00,4.500e+00,3.577e-01,3.621e-01,4.146e-01,4.153e-01,4.068e-01,3.918e-01,3.823e-01
3.632e-02,3.000e+03,1.000e+00,2.600e+00,1.000e+00,4.500e+00,3.671e-01,3.717e-01,4.282e-01,4.289e-01,4.204e-01,4.042e-01,3.911e-01
3.632e-02,3.000e+03,1.000e+00,2.700e+00,1.000e+00,4.500e+00,3.764e-01,3.809e-01,4.416e-01,4.423e-01,4.338e-01,4.164e-01,3.996e-01
3.632e-02,3.000e+03,1.000e+00,2.800e+00,1.000e+00,4.500e+00,3.856e-01,3.899e-01,4.546e-01,4.553e-01,4.468e-01,4.283e-01,4.080e-01
3.632e-02,3.000e+03,1.000e+00,2.900e+00,1.000e+00,4.500e+00,3.948e-01,3.986e-01,4.674e-01,4.680e-01,4.596e-01,4.400e-01,4.162e-01
3.632e-02,3.000e+03,1.000e+00,3.000e+00,1.000e+00,4.500e+00,4.038e-01,4.070e-01,4.799e-01,4.805e-01,4.722e-01,4.514e-01,4.242e-01
3.632e-02,3.000e+03,1.000e+00,3.100e+00,1.000e+00,4.500e+00,4.127e-01,4.152e-01,4.921e-01,4.927e-01,4.845e-01,4.627e-01,4.320e-01
3.632e-02,3.000e+03,1.000e+00,3.200e+00,1.000e+00,4.500e+00,4.216e-01,4.233e-01,5.042e-01,5.047e-01,4.967e-01,4.737e-01,4.396e-01
3.632e-02,3.000e+03,1.000e+00,3.300e+00,1.000e+00,4.500e+00,4.304e-01,4.311e-01,5.160e-01,5.165e-01,5.086e-01,4.846e-01,4.471e-01
3.632e-02,3.000e+03,1.000e+00,3.400e+00,1.000e+00,4.500e+00,4.391e-01,4.388e-01,5.276e-01,5.281e-01,5.204e-01,4.953e-01,4.544e-01
3.632e-02,3.000e+03,1.000e+00,3.500e+00,1.000e+00,4.500e+00,4.477e-01,4.463e-01,5.391e-01,5.395e-01,5.320e-01,5.059e-01,4.616e-01
3.632e-02,3.000e+03,1.000e+00,3.600e+00,1.000e+00,4.500e+00,4.563e-01,4.536e-01,5.504e-01,5.508e-01,5.434e-01,5.163e-01,4.686e-01
3.632e-02,3.000e+03,1.000e+00,3.700e+00,1.000e+00,4.500e+00,4.648e-01,4.608e-01,5.616e-01,5.619e-01,5.547e-01,5.265e-01,4.755e-01
3.632e-02,3.000e+03,1.000e+00,3.800e+00,1.000e+00,4.500e+00,4.733e-01,4.679e-01,5.726e-01,5.729e-01,5.659e-01,5.366e-01,4.823e-01
3.632e-02,3.000e+03,1.000e+00,3.900e+00,1.000e+00,4.500e+00,4.817e-01,4.749e-01,5.835e-01,5.837e-01,5.769e-01,5.466e-01,4.890e-01
3.632e-02,3.000e+03,1.000e+00,4.000e+00,1.000e+00,4.500e+00,4.900e-01,4.817e-01,5.942e-01,5.944e-01,5.878e-01,5.565e-01,4.956e-01
6.263e-02,3.000e+03,1.000e+00,1.300e+00,1.000e+00,4.500e+00,2.441e-01,2.292e-01,2.354e-01,2.378e-01,2.354e-01,2.306e-01,2.876e-01
6.263e-02,3.000e+03,1.000e+00,1.400e+00,1.000e+00,4.500e+00,2.557e-01,2.469e-01,2.579e-01,2.593e-01,2.545e-01,2.473e-01,2.998e-01
6.263e-02,3.000e+03,1.000e+00,1.500e+00,1.000e+00,4.500e+00,2.670e-01,2.635e-01,2.788e-01,2.799e-01,2.729e-01,2.635e-01,3.117e-01
6.263e-02,3.000e+03,1.000e+00,1.600e+00,1.000e+00,4.500e+00,2.781e-01,2.791e-01,2.985e-01,2.996e-01,2.907e-01,2.790e-01,3.232e-01
6.263e-02,3.000e+03,1.000e+00,1.700e+00,1.000e+00,4.500e+00,2.890e-01,2.936e-01,3.171e-01,3.182e-01,3.080e-01,2.939e-01,3.345e-01
6.263e-02,3.000e+03,1.000e+00,1.800e+00,1.000e+00,4.500e+00,2.996e-01,3.073e-01,3.350e-01,3.361e-01,3.246e-01,3.084e-01,3.454e-01
6.263e-02,3.000e+03,1.000e+00,1.900e+00,1.000e+00,4.500e+00,3.101e-01,3.203e-01,3.520e-01,3.532e-01,3.408e-01,3.223e-01,3.561e-01
6.263e-02,3.000e+03,1.000e+00,2.000e+00,1.000e+00,4.500e+00,3.205e-01,3.325e-01,3.684e-01,3.695e-01,3.565e-01,3.358e-01,3.666e-01
6.263e-02,3.000e+03,1.000e+00,2.100e+00,1.000e+00,4.500e+00,3.306e-01,3.441e-01,3.842e-01,3.853e-01,3.718e-01,3.489e-01,3.768e-01
6.263e-02,3.000e+03,1.000e+00,2.200e+00,1.000e+00,4.500e+00,3.407e-01,3.552e-01,3.994e-01,4.005e-01,3.866e-01,3.616e-01,3.869e-01
6.263e-02,3.000e+03,1.000e+00,2.300e+00,1.000e+00,4.500e+00,3.506e-01,3.659e-01,4.142e-01,4.152e-01,4.011e-01,3.740e-01,3.969e-01
6.263e-02,3.000e+03,1.000e+00,2.400e+00,1.000e+00,4.500e+00,3.603e-01,3.761e-01,4.285e-01,4.295e-01,4.152e-01,3.860e-01,4.066e-01
6.263e-02,3.000e+03,1.000e+00,2.500e+00,1.000e+00,4.500e+00,3.700e-01,3.860e-01,4.424e-01,4.433e-01,4.291e-01,3.978e-01,4.161e-01
6.263e-02,3.000e+03,1.000e+00,2.600e+00,1.000e+00,4.500e+00,3.795e-01,3.955e-01,4.559e-01,4.568e-01,4.426e-01,4.093e-01,4.255e-01
6.263e-02,3.000e+03,1.000e+00,2.700e+00,1.000e+00,4.500e+00,3.890e-01,4.047e-01,4.691e-01,4.700e-01,4.559e-01,4.206e-01,4.347e-01
6.263e-02,3.000e+03,1.000e+00,2.800e+00,1.000e+00,4.500e+00,3.983e-01,4.137e-01,4.820e-01,4.828e-01,4.689e-01,4.316e-01,4.436e-01
6.263e-02,3.000e+03,1.000e+00,2.900e+00,1.000e+00,4.500e+00,4.075e-01,4.224e-01,4.947e-01,4.954e-01,4.817e-01,4.424e-01,4.524e-01
6.263e-02,3.000e+03,1.000e+00,3.000e+00,1.000e+00,4.500e+00,4.167e-01,4.308e-01,5.071e-01,5.078e-01,4.942e-01,4.531e-01,4.609e-01
6.263e-02,3.000e+03,1.000e+00,3.100e+00,1.000e+00,4.500e+00,4.257e-01,4.391e-01,5.192e-01,5.199e-01,5.066e-01,4.635e-01,4.693e-01
6.263e-02,3.000e+03,1.000e+00,3.200e+00,1.000e+00,4.500e+00,4.347e-01,4.472e-01,5.312e-01,5.318e-01,5.187e-01,4.738e-01,4.775e-01
6.263e-02,3.000e+03,1.000e+00,3.300e+00,1.000e+00,4.500e+00,4.436e-01,4.551e-01,5.429e-01,5.435e-01,5.307e-01,4.839e-01,4.856e-01
6.263e-02,3.000e+03,1.000e+00,3.400e+00,1.000e+00,4.500e+00,4.524e-01,4.628e-01,5.545e-01,5.550e-01,5.426e-01,4.939e-01,4.934e-01
6.263e-02,3.000e+03,1.000e+00,3.500e+00,1.000e+00,4.500e+00,4.612e-01,4.704e-01,5.659e-01,5.664e-01,5.542e-01,5.037e-01,5.012e-01
6.263e-02,3.000e+03,1.000e+00,3.600e+00,1.000e+00,4.500e+00,4.699e-01,4.778e-01,5.772e-01,5.776e-01,5.658e-01,5.134e-01,5.088e-01
6.263e-02,3.000e+03,1.000e+00,3.700e+00,1.000e+00,4.500e+00,4.785e-01,4.851e-01,5.883e-01,5.886e-01,5.771e-01,5.229e-01,5.162e-01
6.263e-02,3.000e+03,1.000e+00,3.800e+00,1.000e+00,4.500e+00,4.870e-01,4.923e-01,5.993e-01,5.995e-01,5.884e-01,5.324e-01,5.236e-01
6.263e-02,3.000e+03,1.000e+00,3.900e+00,1.000e+00,4.500e+00,4.955e-01,4.994e-01,6.101e-01,6.103e-01,5.995e-01,5.417e-01,5.308e-01
6.263e-02,3.000e+03,1.000e+00,4.000e+00,1.000e+00,4.500e+00,5.039e-01,5.063e-01,6.208e-01,6.210e-01,6.105e-01,5.509e-01,5.379e-01
8.895e-02,3.000e+03,1.000e+00,1.300e+00,1.000e+00,4.500e+00,2.595e-01,2.644e-01,2.720e-01,2.761e-01,2.699e-01,2.665e-01,3.196e-01
8.895e-02,3.000e+03,1.000e+00,1.400e+00,1.000e+00,4.500e+00,2.715e-01,2.814e-01,2.949e-01,2.971e-01,2.879e-01,2.817e-01,3.328e-01
8.895e-02,3.000e+03,1.000e+00,1.500e+00,1.000e+00,4.500e+00,2.831e-01,2.974e-01,3.158e-01,3.172e-01,3.056e-01,2.965e-01,3.457e-01
8.895e-02,3.000e+03,1.000e+00,1.600e+00,1.000e+00,4.500e+00,2.946e-01,3.125e-01,3.352e-01,3.363e-01,3.227e-01,3.108e-01,3.583e-01
8.895e-02,3.000e+03,1.000e+00,1.700e+00,1.000e+00,4.500e+00,3.057e-01,3.267e-01,3.535e-01,3.546e-01,3.394e-01,3.246e-01,3.705e-01
8.895e-02,3.000e+03,1.000e+00,1.800e+00,1.000e+00,4.500e+00,3.167e-01,3.402e-01,3.709e-01,3.720e-01,3.557e-01,3.381e-01,3.823e-01
8.895e-02,3.000e+03,1.000e+00,1.900e+00,1.000e+00,4.500e+00,3.275e-01,3.530e-01,3.877e-01,3.887e-01,3.715e-01,3.512e-01,3.939e-01
8.895e-02,3.000e+03,1.000e+00,2.000e+00,1.000e+00,4.500e+00,3.381e-01,3.652e-01,4.037e-01,4.048e-01,3.869e-01,3.639e-01,4.053e-01
8.895e-02,3.000e+03,1.000e+00,2.100e+00,1.000e+00,4.500e+00,3.485e-01,3.768e-01,4.192e-01,4.202e-01,4.019e-01,3.762e-01,4.164e-01
8.895e-02,3.000e+03,1.000e+00,2.200e+00,1.000e+00,4.500e+00,3.588e-01,3.879e-01,4.342e-01,4.352e-01,4.166e-01,3.883e-01,4.273e-01
8.895e-02,3.000e+03,1.000e+00,2.300e+00,1.000e+00,4.500e+00,3.690e-01,3.987e-01,4.487e-01,4.497e-01,4.310e-01,4.000e-01,4.380e-01
8.895e-02,3.000e+03,1.000e+00,2.400e+00,1.000e+00,4.500e+00,3.790e-01,4.090e-01,4.628e-01,4.637e-01,4.450e-01,4.115e-01,4.485e-01
8.895e-02,3.000e+03,1.000e+00,2.500e+00,1.000e+00,4.500e+00,3.888e-01,4.190e-01,4.765e-01,4.774e-01,4.588e-01,4.228e-01,4.588e-01
8.895e-02,3.000e+03,1.000e+00,2.600e+00,1.000e+00,4.500e+00,3.986e-01,4.287e-01,4.899e-01,4.907e-01,4.722e-01,4.338e-01,4.689e-01
8.895e-02,3.000e+03,1.000e+00,2.700e+00,1.000e+00,4.500e+00,4.082e-01,4.381e-01,5.030e-01,5.038e-01,4.855e-01,4.446e-01,4.788e-01
8.895e-02,3.000e+03,1.000e+00,2.800e+00,1.000e+00,4.500e+00,4.178e-01,4.473e-01,5.158e-01,5.165e-01,4.985e-01,4.552e-01,4.885e-01
8.895e-02,3.000e+03,1.000e+00,2.900e+00,1.000e+00,4.500e+00,4.272e-01,4.562e-01,5.284e-01,5.290e-01,5.113e-01,4.656e-01,4.979e-01
8.895e-02,3.000e+03,1.000e+00,3.000e+00,1.000e+00,4.500e+00,4.365e-01,4.650e-01,5.407e-01,5.413e-01,5.240e-01,4.759e-01,5.072e-01
8.895e-02,3.000e+03,1.000e+00,3.100e+00,1.000e+00,4.500e+00,4.458e-01,4.735e-01,5.529e-01,5.534e-01,5.364e-01,4.859e-01,5.163e-01
8.895e-02,3.000e+03,1.000e+00,3.200e+00,1.000e+00,4.500e+00,4.549e-01,4.818e-01,5.648e-01,5.653e-01,5.486e-01,4.958e-01,5.252e-01
8.895e-02,3.000e+03,1.000e+00,3.300e+00,1.000e+00,4.500e+00,4.640e-01,4.900e-01,5.765e-01,5.769e-01,5.607e-01,5.056e-01,5.340e-01
8.895e-02,3.000e+03,1.000e+00,3.400e+00,1.000e+00,4.500e+00,4.730e-01,4.980e-01,5.881e-01,5.885e-01,5.726e-01,5.153e-01,5.425e-01
8.895e-02,3.000e+03,1.000e+00,3.500e+00,1.000e+00,4.500e+00,4.819e-01,5.059e-01,5.995e-01,5.998e-01,5.844e-01,5.248e-01,5.510e-01
8.895e-02,3.000e+03,1.000e+00,3.600e+00,1.000e+00,4.500e+00,4.907e-01,5.136e-01,6.108e-01,6.110e-01,5.961e-01,5.341e-01,5.592e-01
8.895e-02,3.000e+03,1.000e+00,3.700e+00,1.000e+00,4.500e+00,4.995e-01,5.212e-01,6.219e-01,6.221e-01,6.076e-01,5.434e-01,5.674e-01
8.895e-02,3.000e+03,1.000e+00,3.800e+00,1.000e+00,4.500e+00,5.082e-01,5.287e-01,6.329e-01,6.330e-01,6.189e-01,5.525e-01,5.754e-01
8.895e-02,3.000e+03,1.000e+00,3.900e+00,1.000e+00,4.500e+00,5.168e-01,5.360e-01,6.438e-01,6.438e-01,6.302e-01,5.616e-01,5.833e-01
8.895e-02,3.000e+03,1.000e+00,4.000e+00,1.000e+00,4.500e+00,5.254e-01,5.433e-01,6.546e-01,6.545e-01,6.413e-01,5.705e-01,5.911e-01
1.153e-01,3.000e+03,1.000e+00,1.300e+00,1.000e+00,4.500e+00,2.814e-01,3.096e-01,3.150e-01,3.216e-01,3.131e-01,3.190e-01,3.591e-01
1.153e-01,3.000e+03,1.000e+00,1.400e+00,1.000e+00,4.500e+00,2.939e-01,3.258e-01,3.394e-01,3.417e-01,3.301e-01,3.330e-01,3.736e-01
1.153e-01,3.000e+03,1.000e+00,1.500e+00,1.000e+00,4.500e+00,3.060e-01,3.413e-01,3.595e-01,3.610e-01,3.470e-01,3.468e-01,3.878e-01
1.153e-01,3.000e+03,1.000e+00,1.600e+00,1.000e+00,4.500e+00,3.179e-01,3.560e-01,3.783e-01,3.796e-01,3.635e-01,3.603e-01,4.015e-01
1.153e-01,3.000e+03,1.000e+00,1.700e+00,1.000e+00,4.500e+00,3.295e-01,3.701e-01,3.961e-01,3.973e-01,3.797e-01,3.736e-01,4.149e-01
1.153e-01,3.000e+03,1.000e+00,1.800e+00,1.000e+00,4.500e+00,3.409e-01,3.835e-01,4.131e-01,4.143e-01,3.955e-01,3.865e-01,4.279e-01
1.153e-01,3.000e+03,1.000e+00,1.900e+00,1.000e+00,4.500e+00,3.521e-01,3.964e-01,4.295e-01,4.306e-01,4.110e-01,3.991e-01,4.405e-01
1.153e-01,3.000e+03,1.000e+00,2.000e+00,1.000e+00,4.500e+00,3.630e-01,4.087e-01,4.452e-01,4.464e-01,4.262e-01,4.115e-01,4.529e-01
1.153e-01,3.000e+03,1.000e+00,2.100e+00,1.000e+00,4.500e+00,3.738e-01,4.206e-01,4.605e-01,4.616e-01,4.410e-01,4.236e-01,4.651e-01
1.153e-01,3.000e+03,1.000e+00,2.200e+00,1.000e+00,4.500e+00,3.845e-01,4.320e-01,4.752e-01,4.764e-01,4.556e-01,4.354e-01,4.770e-01
1.153e-01,3.000e+03,1.000e+00,2.300e+00,1.000e+00,4.500e+00,3.949e-01,4.431e-01,4.896e-01,4.907e-01,4.698e-01,4.470e-01,4.886e-01
1.153e-01,3.000e+03,1.000e+00,2.400e+00,1.000e+00,4.500e+00,4.052e-01,4.538e-01,5.036e-01,5.047e-01,4.838e-01,4.584e-01,5.001e-01
1.153e-01,3.000e+03,1.000e+00,2.500e+00,1.000e+00,4.500e+00,4.154e-01,4.642e-01,5.173e-01,5.183e-01,4.976e-01,4.696e-01,5.113e-01
1.153e-01,3.000e+03,1.000e+00,2.600e+00,1.000e+00,4.500e+00,4.255e-01,4.744e-01,5.307e-01,5.316e-01,5.111e-01,4.805e-01,5.223e-01
1.153e-01,3.000e+03,1.000e+00,2.700e+00,1.000e+00,4.500e+00,4.354e-01,4.842e-01,5.438e-01,5.447e-01,5.244e-01,4.912e-01,5.330e-01
1.153e-01,3.000e+03,1.000e+00,2.800e+00,1.000e+00,4.500e+00,4.452e-01,4.938e-01,5.566e-01,5.574e-01,5.375e-01,5.018e-01,5.436e-01
1.153e-01,3.000e+03,1.000e+00,2.900e+00,1.000e+00,4.500e+00,4.549e-01,5.033e-01,5.692e-01,5.700e-01,5.504e-01,5.122e-01,5.539e-01
1.153e-01,3.000e+03,1.000e+00,3.000e+00,1.000e+00,4.500e+00,4.645e-01,5.125e-01,5.816e-01,5.824e-01,5.632e-01,5.225e-01,5.641e-01
1.153e-01,3.000e+03,1.000e+00,3.100e+00,1.000e+00,4.500e+00,4.740e-01,5.215e-01,5.938e-01,5.945e-01,5.757e-01,5.325e-01,5.740e-01
1.153e-01,3.000e+03,1.000e+00,3.200e+00,1.000e+00,4.500e+00,4.834e-01,5.303e-01,6.058e-01,6.065e-01,5.881e-01,5.425e-01,5.838e-01
1.153e-01,3.000e+03,1.000e+00,3.300e+00,1.000e+00,4.500e+00,4.927e-01,5.390e-01,6.177e-01,6.183e-01,6.003e-01,5.523e-01,5.934e-01
1.153e-01,3.000e+03,1.000e+00,3.400e+00,1.000e+00,4.500e+00,5.019e-01,5.475e-01,6.294e-01,6.299e-01,6.124e-01,5.619e-01,6.028e-01
1.153e-01,3.000e+03,1.000e+00,3.500e+00,1.000e+00,4.500e+00,5.110e-01,5.559e-01,6.409e-01,6.414e-01,6.243e-01,5.715e-01,6.120e-01
1.153e-01,3.000e+03,1.000e+00,3.600e+00,1.000e+00,4.500e+00,5.201e-01,5.641e-01,6.523e-01,6.528e-01,6.362e-01,5.809e-01,6.211e-01
1.153e-01,3.000e+03,1.000e+00,3.700e+00,1.000e+00,4.500e+00,5.291e-01,5.722e-01,6.636e-01,6.640e-01,6.478e-01,5.902e-01,6.301e-01
1.153e-01,3.000e+03,1.000e+00,3.800e+00,1.000e+00,4.500e+00,5.380e-01,5.802e-01,6.747e-01,6.751e-01,6.594e-01,5.994e-01,6.389e-01
1.153e-01,3.000e+03,1.000e+00,3.900e+00,1.000e+00,4.500e+00,5.468e-01,5.881e-01,6.857e-01,6.861e-01,6.708e-01,6.084e-01,6.476e-01
1.153e-01,3.000e+03,1.000e+00,4.000e+00,1.000e+00,4.500e+00,5.556e-01,5.958e-01,6.967e-01,6.970e-01,6.822e-01,6.174e-01,6.562e-01
1.416e-01,3.000e+03,1.000e+00,1.300e+00,1.000e+00,4.500e+00,3.111e-01,3.659e-01,3.654e-01,3.738e-01,3.669e-01,3.921e-01,4.071e-01
1.416e-01,3.000e+03,1.000e+00,1.400e+00,1.000e+00,4.500e+00,3.242e-01,3.814e-01,3.911e-01,3.929e-01,3.830e-01,4.052e-01,4.233e-01
1.416e-01,3.000e+03,1.000e+00,1.500e+00,1.000e+00,4.500e+00,3.370e-01,3.966e-01,4.101e-01,4.115e-01,3.990e-01,4.185e-01,4.389e-01
1.416e-01,3.000e+03,1.000e+00,1.600e+00,1.000e+00,4.500e+00,3.494e-01,4.113e-01,4.281e-01,4.294e-01,4.150e-01,4.317e-01,4.540e-01
1.416e-01,3.000e+03,1.000e+00,1.700e+00,1.000e+00,4.500e+00,3.616e-01,4.255e-01,4.454e-01,4.467e-01,4.307e-01,4.447e-01,4.688e-01
1.416e-01,3.000e+03,1.000e+00,1.800e+00,1.000e+00,4.500e+00,3.735e-01,4.393e-01,4.621e-01,4.634e-01,4.462e-01,4.576e-01,4.831e-01
1.416e-01,3.000e+03,1.000e+00,1.900e+00,1.000e+00,4.500e+00,3.852e-01,4.525e-01,4.782e-01,4.795e-01,4.614e-01,4.703e-01,4.970e-01
1.416e-01,3.000e+03,1.000e+00,2.000e+00,1.000e+00,4.500e+00,3.966e-01,4.654e-01,4.939e-01,4.952e-01,4.764e-01,4.828e-01,5.107e-01
1.416e-01,3.000e+03,1.000e+00,2.100e+00,1.000e+00,4.500e+00,4.079e-01,4.778e-01,5.091e-01,5.103e-01,4.912e-01,4.950e-01,5.240e-01
1.416e-01,3.000e+03,1.000e+00,2.200e+00,1.000e+00,4.500e+00,4.190e-01,4.898e-01,5.239e-01,5.251e-01,5.057e-01,5.071e-01,5.371e-01
1.416e-01,3.000e+03,1.000e+00,2.300e+00,1.000e+00,4.500e+00,4.298e-01,5.016e-01,5.383e-01,5.395e-01,5.199e-01,5.189e-01,5.499e-01
1.416e-01,3.000e+03,1.000e+00,2.400e+00,1.000e+00,4.500e+00,4.406e-01,5.130e-01,5.524e-01,5.536e-01,5.340e-01,5.306e-01,5.624e-01
1.416e-01,3.000e+03,1.000e+00,2.500e+00,1.000e+00,4.500e+00,4.511e-01,5.241e-01,5.662e-01,5.674e-01,5.478e-01,5.420e-01,5.747e-01
1.416e-01,3.000e+03,1.000e+00,2.600e+00,1.000e+00,4.500e+00,4.616e-01,5.350e-01,5.798e-01,5.809e-01,5.614e-01,5.533e-01,5.868e-01
1.416e-01,3.000e+03,1.000e+00,2.700e+00,1.000e+00,4.500e+00,4.719e-01,5.456e-01,5.931e-01,5.941e-01,5.748e-01,5.644e-01,5.986e-01
1.416e-01,3.000e+03,1.000e+00,2.800e+00,1.000e+00,4.500e+00,4.820e-01,5.560e-01,6.061e-01,6.071e-01,5.881e-01,5.753e-01,6.102e-01
1.416e-01,3.000e+03,1.000e+00,2.900e+00,1.000e+00,4.500e+00,4.921e-01,5.662e-01,6.189e-01,6.199e-01,6.011e-01,5.861e-01,6.215e-01
1.416e-01,3.000e+03,1.000e+00,3.000e+00,1.000e+00,4.500e+00,5.020e-01,5.762e-01,6.316e-01,6.325e-01,6.140e-01,5.967e-01,6.327e-01
1.416e-01,3.000e+03,1.000e+00,3.100e+00,1.000e+00,4.500e+00,5.118e-01,5.860e-01,6.440e-01,6.450e-01,6.267e-01,6.071e-01,6.437e-01
1.416e-01,3.000e+03,1.000e+00,3.200e+00,1.000e+00,4.500e+00,5.215e-01,5.956e-01,6.563e-01,6.572e-01,6.393e-01,6.175e-01,6.544e-01
1.416e-01,3.000e+03,1.000e+00,3.300e+00,1.000e+00,4.500e+00,5.311e-01,6.050e-01,6.684e-01,6.693e-01,6.517e-01,6.276e-01,6.650e-01
1.416e-01,3.000e+03,1.000e+00,3.400e+00,1.000e+00,4.500e+00,5.407e-01,6.143e-01,6.804e-01,6.812e-01,6.640e-01,6.377e-01,6.754e-01
1.416e-01,3.000e+03,1.000e+00,3.500e+00,1.000e+00,4.500e+00,5.501e-01,6.235e-01,6.922e-01,6.930e-01,6.762e-01,6.476e-01,6.856e-01
1.416e-01,3.000e+03,1.000e+00,3.600e+00,1.000e+00,4.500e+00,5.594e-01,6.325e-01,7.039e-01,7.047e-01,6.882e-01,6.574e-01,6.957e-01
1.416e-01,3.000e+03,1.000e+00,3.700e+00,1.000e+00,4.500e+00,5.687e-01,6.414e-01,7.154e-01,7.162e-01,7.001e-01,6.670e-01,7.056e-01
1.416e-01,3.000e+03,1.000e+00,3.800e+00,1.000e+00,4.500e+00,5.778e-01,6.501e-01,7.268e-01,7.276e-01,7.119e-01,6.766e-01,7.154e-01
1.416e-01,3.000e+03,1.000e+00,3.900e+00,1.000e+00,4.500e+00,5.869e-01,6.588e-01,7.381e-01,7.389e-01,7.236e-01,6.861e-01,7.250e-01
1.416e-01,3.000e+03,1.000e+00,4.000e+00,1.000e+00,4.500e+00,5.960e-01,6.673e-01,7.493e-01,7.500e-01,7.352e-01,6.954e-01,7.345e-01
1.679e-01,3.000e+03,1.000e+00,1.300e+00,1.000e+00,4.500e+00,3.500e-01,4.339e-01,4.352e-01,4.332e-01,4.336e-01,4.908e-01,4.649e-01
1.679e-01,3.000e+03,1.000e+00,1.400e+00,1.000e+00,4.500e+00,3.640e-01,4.492e-01,4.508e-01,4.515e-01,4.490e-01,5.035e-01,4.828e-01
1.679e-01,3.000e+03,1.000e+00,1.500e+00,1.000e+00,4.500e+00,3.775e-01,4.645e-01,4.687e-01,4.695e-01,4.644e-01,5.166e-01,5.002e-01
1.679e-01,3.000e+03,1.000e+00,1.600e+00,1.000e+00,4.500e+00,3.907e-01,4.796e-01,4.863e-01,4.871e-01,4.798e-01,5.299e-01,5.170e-01
1.679e-01,3.000e+03,1.000e+00,1.700e+00,1.000e+00,4.500e+00,4.036e-01,4.944e-01,5.034e-01,5.043e-01,4.952e-01,5.432e-01,5.333e-01
1.679e-01,3.000e+03,1.000e+00,1.800e+00,1.000e+00,4.500e+00,4.162e-01,5.089e-01,5.200e-01,5.209e-01,5.104e-01,5.565e-01,5.492e-01
1.679e-01,3.000e+03,1.000e+00,1.900e+00,1.000e+00,4.500e+00,4.285e-01,5.231e-01,5.362e-01,5.372e-01,5.255e-01,5.697e-01,5.647e-01
1.679e-01,3.000e+03,1.000e+00,2.000e+00,1.000e+00,4.500e+00,4.405e-01,5.368e-01,5.520e-01,5.530e-01,5.404e-01,5.827e-01,5.798e-01
1.679e-01,3.000e+03,1.000e+00,2.100e+00,1.000e+00,4.500e+00,4.524e-01,5.503e-01,5.675e-01,5.684e-01,5.551e-01,5.956e-01,5.945e-01
1.679e-01,3.000e+03,1.000e+00,2.200e+00,1.000e+00,4.500e+00,4.640e-01,5.634e-01,5.826e-01,5.834e-01,5.696e-01,6.083e-01,6.089e-01
1.679e-01,3.000e+03,1.000e+00,2.300e+00,1.000e+00,4.500e+00,4.754e-01,5.762e-01,5.973e-01,5.982e-01,5.839e-01,6.209e-01,6.231e-01
1.679e-01,3.000e+03,1.000e+00,2.400e+00,1.000e+00,4.500e+00,4.866e-01,5.888e-01,6.118e-01,6.126e-01,5.981e-01,6.332e-01,6.369e-01
1.679e-01,3.000e+03,1.000e+00,2.500e+00,1.000e+00,4.500e+00,4.977e-01,6.010e-01,6.260e-01,6.268e-01,6.120e-01,6.454e-01,6.504e-01
1.679e-01,3.000e+03,1.000e+00,2.600e+00,1.000e+00,4.500e+00,5.086e-01,6.130e-01,6.399e-01,6.407e-01,6.258e-01,6.574e-01,6.637e-01
1.679e-01,3.000e+03,1.000e+00,2.700e+00,1.000e+00,4.500e+00,5.193e-01,6.248e-01,6.536e-01,6.543e-01,6.394e-01,6.692e-01,6.768e-01
1.679e-01,3.000e+03,1.000e+00,2.800e+00,1.000e+00,4.500e+00,5.299e-01,6.364e-01,6.670e-01,6.678e-01,6.528e-01,6.809e-01,6.896e-01
1.679e-01,3.000e+03,1.000e+00,2.900e+00,1.000e+00,4.500e+00,5.404e-01,6.477e-01,6.803e-01,6.810e-01,6.661e-01,6.924e-01,7.022e-01
1.679e-01,3.000e+03,1.000e+00,3.000e+00,1.000e+00,4.500e+00,5.507e-01,6.589e-01,6.933e-01,6.940e-01,6.792e-01,7.038e-01,7.145e-01
1.679e-01,3.000e+03,1.000e+00,3.100e+00,1.000e+00,4.500e+00,5.610e-01,6.698e-01,7.062e-01,7.069e-01,6.922e-01,7.149e-01,7.266e-01
1.679e-01,3.000e+03,1.000e+00,3.200e+00,1.000e+00,4.500e+00,5.711e-01,6.806e-01,7.189e-01,7.196e-01,7.050e-01,7.260e-01,7.386e-01
1.679e-01,3.000e+03,1.000e+00,3.300e+00,1.000e+00,4.500e+00,5.810e-01,6.912e-01,7.315e-01,7.321e-01,7.177e-01,7.369e-01,7.503e-01
1.679e-01,3.000e+03,1.000e+00,3.400e+00,1.000e+00,4.500e+00,5.909e-01,7.016e-01,7.438e-01,7.445e-01,7.302e-01,7.476e-01,7.618e-01
1.679e-01,3.000e+03,1.000e+00,3.500e+00,1.000e+00,4.500e+00,6.007e-01,7.119e-01,7.561e-01,7.567e-01,7.426e-01,7.583e-01,7.732e-01
1.679e-01,3.000e+03,1.000e+00,3.600e+00,1.000e+00,4.500e+00,6.104e-01,7.220e-01,7.682e-01,7.688e-01,7.549e-01,7.688e-01,7.844e-01
1.679e-01,3.000e+03,1.000e+00,3.700e+00,1.000e+00,4.500e+00,6.200e-01,7.320e-01,7.801e-01,7.808e-01,7.671e-01,7.791e-01,7.954e-01
1.679e-01,3.000e+03,1.000e+00,3.800e+00,1.000e+00,4.500e+00,6.295e-01,7.419e-01,7.920e-01,7.926e-01,7.792e-01,7.894e-01,8.063e-01
1.679e-01,3.000e+03,1.000e+00,3.900e+00,1.000e+00,4.500e+00,6.389e-01,7.516e-01,8.037e-01,8.043e-01,7.911e-01,7.995e-01,8.171e-01
1.679e-01,3.000e+03,1.000e+00,4.000e+00,1.000e+00,4.500e+00,6.482e-01,7.612e-01,8.153e-01,8.159e-01,8.030e-01,8.096e-01,8.277e-01
1.942e-01,3.000e+03,1.000e+00,1.300e+00,1.000e+00,4.500e+00,4.003e-01,5.139e-01,5.049e-01,5.016e-01,5.165e-01,6.213e-01,5.337e-01
1.942e-01,3.000e+03,1.000e+00,1.400e+00,1.000e+00,4.500e+00,4.152e-01,5.296e-01,5.195e-01,5.193e-01,5.314e-01,6.341e-01,5.537e-01
1.942e-01,3.000e+03,1.000e+00,1.500e+00,1.000e+00,4.500e+00,4.297e-01,5.458e-01,5.372e-01,5.372e-01,5.464e-01,6.476e-01,5.731e-01
1.942e-01,3.000e+03,1.000e+00,1.600e+00,1.000e+00,4.500e+00,4.438e-01,5.620e-01,5.548e-01,5.549e-01,5.614e-01,6.615e-01,5.918e-01
1.942e-01,3.000e+03,1.000e+00,1.700e+00,1.000e+00,4.500e+00,4.575e-01,5.781e-01,5.722e-01,5.723e-01,5.765e-01,6.756e-01,6.100e-01
1.942e-01,3.000e+03,1.000e+00,1.800e+00,1.000e+00,4.500e+00,4.709e-01,5.940e-01,5.892e-01,5.894e-01,5.916e-01,6.897e-01,6.277e-01
1.942e-01,3.000e+03,1.000e+00,1.900e+00,1.000e+00,4.500e+00,4.840e-01,6.096e-01,6.058e-01,6.060e-01,6.065e-01,7.039e-01,6.449e-01
1.942e-01,3.000e+03,1.000e+00,2.000e+00,1.000e+00,4.500e+00,4.968e-01,6.250e-01,6.221e-01,6.224e-01,6.214e-01,7.180e-01,6.616e-01
1.942e-01,3.000e+03,1.000e+00,2.100e+00,1.000e+00,4.500e+00,5.093e-01,6.400e-01,6.381e-01,6.384e-01,6.361e-01,7.319e-01,6.780e-01
1.942e-01,3.000e+03,1.000e+00,2.200e+00,1.000e+00,4.500e+00,5.216e-01,6.548e-01,6.538e-01,6.540e-01,6.507e-01,7.458e-01,6.940e-01
1.942e-01,3.000e+03,1.000e+00,2.300e+00,1.000e+00,4.500e+00,5.336e-01,6.693e-01,6.691e-01,6.694e-01,6.652e-01,7.594e-01,7.097e-01
1.942e-01,3.000e+03,1.000e+00,2.400e+00,1.000e+00,4.500e+00,5.455e-01,6.835e-01,6.842e-01,6.844e-01,6.795e-01,7.729e-01,7.250e-01
1.942e-01,3.000e+03,1.000e+00,2.500e+00,1.000e+00,4.500e+00,5.571e-01,6.974e-01,6.990e-01,6.992e-01,6.936e-01,7.863e-01,7.400e-01
1.942e-01,3.000e+03,1.000e+00,2.600e+00,1.000e+00,4.500e+00,5.686e-01,7.111e-01,7.135e-01,7.138e-01,7.076e-01,7.994e-01,7.548e-01
1.942e-01,3.000e+03,1.000e+00,2.700e+00,1.000e+00,4.500e+00,5.799e-01,7.246e-01,7.278e-01,7.281e-01,7.214e-01,8.124e-01,7.692e-01
1.942e-01,3.000e+03,1.000e+00,2.800e+00,1.000e+00,4.500e+00,5.910e-01,7.378e-01,7.419e-01,7.422e-01,7.351e-01,8.252e-01,7.834e-01
1.942e-01,3.000e+03,1.000e+00,2.900e+00,1.000e+00,4.500e+00,6.020e-01,7.508e-01,7.558e-01,7.560e-01,7.486e-01,8.378e-01,7.974e-01
1.942e-01,3.000e+03,1.000e+00,3.000e+00,1.000e+00,4.500e+00,6.128e-01,7.636e-01,7.695e-01,7.697e-01,7.620e-01,8.503e-01,8.111e-01
1.942e-01,3.000e+03,1.000e+00,3.100e+00,1.000e+00,4.500e+00,6.235e-01,7.762e-01,7.829e-01,7.832e-01,7.752e-01,8.626e-01,8.246e-01
1.942e-01,3.000e+03,1.000e+00,3.200e+00,1.000e+00,4.500e+00,6.340e-01,7.886e-01,7.962e-01,7.964e-01,7.883e-01,8.747e-01,8.379e-01
1.942e-01,3.000e+03,1.000e+00,3.300e+00,1.000e+00,4.500e+00,6.445e-01,8.008e-01,8.094e-01,8.096e-01,8.013e-01,8.867e-01,8.510e-01
1.942e-01,3.000e+03,1.000e+00,3.400e+00,1.000e+00,4.500e+00,6.548e-01,8.128e-01,8.223e-01,8.225e-01,8.141e-01,8.985e-01,8.638e-01
1.942e-01,3.000e+03,1.000e+00,3.500e+00,1.000e+00,4.500e+00,6.650e-01,8.246e-01,8.351e-01,8.353e-01,8.268e-01,9.102e-01,8.765e-01
1.942e-01,3.000e+03,1.000e+00,3.600e+00,1.000e+00,4.500e+00,6.751e-01,8.363e-01,8.478e-01,8.480e-01,8.394e-01,9.217e-01,8.890e-01
1.942e-01,3.000e+03,1.000e+00,3.700e+00,1.000e+00,4.500e+00,6.851e-01,8.479e-01,8.603e-01,8.605e-01,8.519e-01,9.331e-01,9.014e-01
1.942e-01,3.000e+03,1.000e+00,3.800e+00,1.000e+00,4.500e+00,6.950e-01,8.592e-01,8.727e-01,8.729e-01,8.643e-01,9.444e-01,9.135e-01
1.942e-01,3.000e+03,1.000e+00,3.900e+00,1.000e+00,4.500e+00,7.048e-01,8.705e-01,8.849e-01,8.851e-01,8.765e-01,9.556e-01,9.256e-01
1.942e-01,3.000e+03,1.000e+00,4.000e+00,1.000e+00,4.500e+00,7.145e-01,8.816e-01,8.971e-01,8.972e-01,8.887e-01,9.666e-01,9.374e-01
2.205e-01,3.000e+03,1.000e+00,1.300e+00,1.000e+00,4.500e+00,4.642e-01,6.065e-01,5.815e-01,5.811e-01,6.196e-01,7.918e-01,6.151e-01
2.205e-01,3.000e+03,1.000e+00,1.400e+00,1.000e+00,4.500e+00,4.804e-01,6.236e-01,5.988e-01,5.987e-01,6.347e-01,8.051e-01,6.376e-01
2.205e-01,3.000e+03,1.000e+00,1.500e+00,1.000e+00,4.500e+00,4.960e-01,6.415e-01,6.171e-01,6.170e-01,6.495e-01,8.195e-01,6.592e-01
2.205e-01,3.000e+03,1.000e+00,1.600e+00,1.000e+00,4.500e+00,5.112e-01,6.597e-01,6.355e-01,6.353e-01,6.643e-01,8.345e-01,6.801e-01
2.205e-01,3.000e+03,1.000e+00,1.700e+00,1.000e+00,4.500e+00,5.259e-01,6.780e-01,6.536e-01,6.535e-01,6.791e-01,8.499e-01,7.005e-01
2.205e-01,3.000e+03,1.000e+00,1.800e+00,1.000e+00,4.500e+00,5.402e-01,6.961e-01,6.715e-01,6.714e-01,6.940e-01,8.655e-01,7.202e-01
2.205e-01,3.000e+03,1.000e+00,1.900e+00,1.000e+00,4.500e+00,5.541e-01,7.141e-01,6.891e-01,6.890e-01,7.089e-01,8.811e-01,7.394e-01
2.205e-01,3.000e+03,1.000e+00,2.000e+00,1.000e+00,4.500e+00,5.678e-01,7.318e-01,7.064e-01,7.063e-01,7.238e-01,8.967e-01,7.581e-01
2.205e-01,3.000e+03,1.000e+00,2.100e+00,1.000e+00,4.500e+00,5.811e-01,7.493e-01,7.233e-01,7.232e-01,7.385e-01,9.123e-01,7.763e-01
2.205e-01,3.000e+03,1.000e+00,2.200e+00,1.000e+00,4.500e+00,5.942e-01,7.665e-01,7.399e-01,7.398e-01,7.532e-01,9.277e-01,7.941e-01
2.205e-01,3.000e+03,1.000e+00,2.300e+00,1.000e+00,4.500e+00,6.070e-01,7.833e-01,7.562e-01,7.561e-01,7.678e-01,9.429e-01,8.115e-01
2.205e-01,3.000e+03,1.000e+00,2.400e+00,1.000e+00,4.500e+00,6.195e-01,8.000e-01,7.722e-01,7.721e-01,7.823e-01,9.580e-01,8.286e-01
2.205e-01,3.000e+03,1.000e+00,2.500e+00,1.000e+00,4.500e+00,6.318e-01,8.163e-01,7.879e-01,7.878e-01,7.966e-01,9.729e-01,8.453e-01
2.205e-01,3.000e+03,1.000e+00,2.600e+00,1.000e+00,4.500e+00,6.440e-01,8.323e-01,8.033e-01,8.033e-01,8.108e-01,9.876e-01,8.617e-01
2.205e-01,3.000e+03,1.000e+00,2.700e+00,1.000e+00,4.500e+00,6.559e-01,8.481e-01,8.185e-01,8.185e-01,8.249e-01,1.002e+00,8.777e-01
2.205e-01,3.000e+03,1.000e+00,2.800e+00,1.000e+00,4.500e+00,6.676e-01,8.636e-01,8.334e-01,8.334e-01,8.388e-01,1.016e+00,8.935e-01
2.205e-01,3.000e+03,1.000e+00,2.900e+00,1.000e+00,4.500e+00,6.792e-01,8.789e-01,8.481e-01,8.481e-01,8.526e-01,1.031e+00,9.091e-01
2.205e-01,3.000e+03,1.000e+00,3.000e+00,1.000e+00,4.500e+00,6.906e-01,8.940e-01,8.626e-01,8.626e-01,8.663e-01,1.045e+00,9.244e-01
2.205e-01,3.000e+03,1.000e+00,3.100e+00,1.000e+00,4.500e+00,7.018e-01,9.088e-01,8.769e-01,8.769e-01,8.798e-01,1.058e+00,9.395e-01
2.205e-01,3.000e+03,1.000e+00,3.200e+00,1.000e+00,4.500e+00,7.129e-01,9.234e-01,8.910e-01,8.910e-01,8.932e-01,1.072e+00,9.543e-01
2.205e-01,3.000e+03,1.000e+00,3.300e+00,1.000e+00,4.500e+00,7.239e-01,9.378e-01,9.049e-01,9.049e-01,9.065e-01,1.085e+00,9.689e-01
2.205e-01,3.000e+03,1.000e+00,3.400e+00,1.000e+00,4.500e+00,7.347e-01,9.519e-01,9.186e-01,9.186e-01,9.196e-01,1.099e+00,9.833e-01
2.205e-01,3.000e+03,1.000e+00,3.500e+00,1.000e+00,4.500e+00,7.454e-01,9.659e-01,9.321e-01,9.321e-01,9.326e-01,1.112e+00,9.975e-01
2.205e-01,3.000e+03,1.000e+00,3.600e+00,1.000e+00,4.500e+00,7.560e-01,9.797e-01,9.455e-01,9.455e-01,9.455e-01,1.125e+00,1.012e+00
2.205e-01,3.000e+03,1.000e+00,3.700e+00,1.000e+00,4.500e+00,7.664e-01,9.933e-01,9.587e-01,9.587e-01,9.583e-01,1.137e+00,1.025e+00
2.205e-01,3.000e+03,1.000e+00,3.800e+00,1.000e+00,4.500e+00,7.768e-01,1.007e+00,9.718e-01,9.717e-01,9.710e-01,1.150e+00,1.039e+00
2.205e-01,3.000e+03,1.000e+00,3.900e+00,1.000e+00,4.500e+00,7.870e-01,1.020e+00,9.847e-01,9.846e-01,9.836e-01,1.163e+00,1.052e+00
2.205e-01,3.000e+03,1.000e+00,4.000e+00,1.000e+00,4.500e+00,7.971e-01,1.033e+00,9.975e-01,9.974e-01,9.961e-01,1.175e+00,1.066e+00
2.468e-01,3.000e+03,1.000e+00,1.300e+00,1.000e+00,4.500e+00,5.448e-01,7.130e-01,6.722e-01,6.759e-01,7.484e-01,1.013e+00,7.110e-01
2.468e-01,3.000e+03,1.000e+00,1.400e+00,1.000e+00,4.500e+00,5.624e-01,7.327e-01,6.917e-01,6.941e-01,7.645e-01,1.027e+00,7.363e-01
2.468e-01,3.000e+03,1.000e+00,1.500e+00,1.000e+00,4.500e+00,5.793e-01,7.535e-01,7.116e-01,7.133e-01,7.792e-01,1.043e+00,7.605e-01
2.468e-01,3.000e+03,1.000e+00,1.600e+00,1.000e+00,4.500e+00,5.957e-01,7.748e-01,7.316e-01,7.327e-01,7.938e-01,1.059e+00,7.840e-01
2.468e-01,3.000e+03,1.000e+00,1.700e+00,1.000e+00,4.500e+00,6.116e-01,7.963e-01,7.513e-01,7.521e-01,8.083e-01,1.077e+00,8.067e-01
2.468e-01,3.000e+03,1.000e+00,1.800e+00,1.000e+00,4.500e+00,6.270e-01,8.178e-01,7.707e-01,7.714e-01,8.230e-01,1.094e+00,8.288e-01
2.468e-01,3.000e+03,1.000e+00,1.900e+00,1.000e+00,4.500e+00,6.420e-01,8.391e-01,7.898e-01,7.903e-01,8.378e-01,1.112e+00,8.503e-01
2.468e-01,3.000e+03,1.000e+00,2.000e+00,1.000e+00,4.500e+00,6.566e-01,8.602e-01,8.084e-01,8.089e-01,8.526e-01,1.129e+00,8.711e-01
2.468e-01,3.000e+03,1.000e+00,2.100e+00,1.000e+00,4.500e+00,6.709e-01,8.810e-01,8.267e-01,8.271e-01,8.674e-01,1.147e+00,8.915e-01
2.468e-01,3.000e+03,1.000e+00,2.200e+00,1.000e+00,4.500e+00,6.848e-01,9.016e-01,8.447e-01,8.450e-01,8.822e-01,1.164e+00,9.113e-01
2.468e-01,3.000e+03,1.000e+00,2.300e+00,1.000e+00,4.500e+00,6.985e-01,9.218e-01,8.622e-01,8.626e-01,8.969e-01,1.182e+00,9.307e-01
2.468e-01,3.000e+03,1.000e+00,2.400e+00,1.000e+00,4.500e+00,7.118e-01,9.417e-01,8.795e-01,8.798e-01,9.115e-01,1.199e+00,9.497e-01
2.468e-01,3.000e+03,1.000e+00,2.500e+00,1.000e+00,4.500e+00,7.249e-01,9.612e-01,8.964e-01,8.967e-01,9.260e-01,1.216e+00,9.683e-01
2.468e-01,3.000e+03,1.000e+00,2.600e+00,1.000e+00,4.500e+00,7.378e-01,9.805e-01,9.130e-01,9.133e-01,9.404e-01,1.232e+00,9.865e-01
2.468e-01,3.000e+03,1.000e+00,2.700e+00,1.000e+00,4.500e+00,7.505e-01,9.994e-01,9.293e-01,9.296e-01,9.547e-01,1.249e+00,1.004e+00
2.468e-01,3.000e+03,1.000e+00,2.800e+00,1.000e+00,4.500e+00,7.629e-01,1.018e+00,9.453e-01,9.456e-01,9.688e-01,1.265e+00,1.022e+00
2.468e-01,3.000e+03,1.000e+00,2.900e+00,1.000e+00,4.500e+00,7.751e-01,1.036e+00,9.610e-01,9.614e-01,9.829e-01,1.281e+00,1.039e+00
2.468e-01,3.000e+03,1.000e+00,3.000e+00,1.000e+00,4.500e+00,7.872e-01,1.055e+00,9.765e-01,9.769e-01,9.968e-01,1.297e+00,1.057e+00
2.468e-01,3.000e+03,1.000e+00,3.100e+00,1.000e+00,4.500e+00,7.990e-01,1.072e+00,9.918e-01,9.922e-01,1.011e+00,1.313e+00,1.073e+00
2.468e-01,3.000e+03,1.000e+00,3.200e+00,1.000e+00,4.500e+00,8.107e-01,1.090e+00,1.007e+00,1.007e+00,1.024e+00,1.328e+00,1.090e+00
2.468e-01,3.000e+03,1.000e+00,3.300e+00,1.000e+00,4.500e+00,8.223e-01,1.107e+00,1.022e+00,1.022e+00,1.038e+00,1.343e+00,1.106e+00
2.468e-01,3.000e+03,1.000e+00,3.400e+00,1.000e+00,4.500e+00,8.337e-01,1.124e+00,1.036e+00,1.037e+00,1.051e+00,1.358e+00,1.122e+00
2.468e-01,3.000e+03,1.000e+00,3.500e+00,1.000e+00,4.500e+00,8.449e-01,1.141e+00,1.051e+00,1.051e+00,1.065e+00,1.373e+00,1.138e+00
2.468e-01,3.000e+03,1.000e+00,3.600e+00,1.000e+00,4.500e+00,8.560e-01,1.158e+00,1.065e+00,1.065e+00,1.078e+00,1.388e+00,1.154e+00
2.468e-01,3.000e+03,1.000e+00,3.700e+00,1.000e+00,4.500e+00,8.670e-01,1.174e+00,1.079e+00,1.079e+00,1.091e+00,1.402e+00,1.170e+00
2.468e-01,3.000e+03,1.000e+00,3.800e+00,1.000e+00,4.500e+00,8.778e-01,1.190e+00,1.093e+00,1.093e+00,1.104e+00,1.417e+00,1.185e+00
2.468e-01,3.000e+03,1.000e+00,3.900e+00,1.000e+00,4.500e+00,8.886e-01,1.206e+00,1.107e+00,1.107e+00,1.117e+00,1.431e+00,1.200e+00
2.468e-01,3.000e+03,1.000e+00,4.000e+00,1.000e+00,4.500e+00,8.992e-01,1.222e+00,1.120e+00,1.120e+00,1.129e+00,1.445e+00,1.215e+00
2.732e-01,3.000e+03,1.000e+00,1.300e+00,1.000e+00,4.500e+00,6.459e-01,8.357e-01,7.810e-01,7.917e-01,9.099e-01,1.297e+00,8.238e-01
2.732e-01,3.000e+03,1.000e+00,1.400e+00,1.000e+00,4.500e+00,6.650e-01,8.593e-01,8.035e-01,8.111e-01,9.277e-01,1.313e+00,8.522e-01
2.732e-01,3.000e+03,1.000e+00,1.500e+00,1.000e+00,4.500e+00,6.835e-01,8.843e-01,8.262e-01,8.318e-01,9.426e-01,1.331e+00,8.794e-01
2.732e-01,3.000e+03,1.000e+00,1.600e+00,1.000e+00,4.500e+00,7.013e-01,9.101e-01,8.486e-01,8.529e-01,9.568e-01,1.349e+00,9.057e-01
2.732e-01,3.000e+03,1.000e+00,1.700e+00,1.000e+00,4.500e+00,7.184e-01,9.362e-01,8.706e-01,8.740e-01,9.709e-01,1.369e+00,9.312e-01
2.732e-01,3.000e+03,1.000e+00,1.800e+00,1.000e+00,4.500e+00,7.351e-01,9.623e-01,8.922e-01,8.949e-01,9.852e-01,1.389e+00,9.559e-01
2.732e-01,3.000e+03,1.000e+00,1.900e+00,1.000e+00,4.500e+00,7.512e-01,9.883e-01,9.132e-01,9.155e-01,9.996e-01,1.409e+00,9.799e-01
2.732e-01,3.000e+03,1.000e+00,2.000e+00,1.000e+00,4.500e+00,7.670e-01,1.014e+00,9.338e-01,9.357e-01,1.014e+00,1.429e+00,1.003e+00
2.732e-01,3.000e+03,1.000e+00,2.100e+00,1.000e+00,4.500e+00,7.823e-01,1.039e+00,9.538e-01,9.556e-01,1.029e+00,1.449e+00,1.026e+00
2.732e-01,3.000e+03,1.000e+00,2.200e+00,1.000e+00,4.500e+00,7.972e-01,1.064e+00,9.734e-01,9.750e-01,1.044e+00,1.469e+00,1.048e+00
2.732e-01,3.000e+03,1.000e+00,2.300e+00,1.000e+00,4.500e+00,8.118e-01,1.089e+00,9.926e-01,9.941e-01,1.058e+00,1.489e+00,1.070e+00
2.732e-01,3.000e+03,1.000e+00,2.400e+00,1.000e+00,4.500e+00,8.261e-01,1.113e+00,1.011e+00,1.013e+00,1.073e+00,1.508e+00,1.091e+00
2.732e-01,3.000e+03,1.000e+00,2.500e+00,1.000e+00,4.500e+00,8.401e-01,1.137e+00,1.030e+00,1.031e+00,1.088e+00,1.528e+00,1.112e+00
2.732e-01,3.000e+03,1.000e+00,2.600e+00,1.000e+00,4.500e+00,8.538e-01,1.161e+00,1.048e+00,1.049e+00,1.102e+00,1.547e+00,1.132e+00
2.732e-01,3.000e+03,1.000e+00,2.700e+00,1.000e+00,4.500e+00,8.672e-01,1.184e+00,1.065e+00,1.067e+00,1.116e+00,1.566e+00,1.152e+00
2.732e-01,3.000e+03,1.000e+00,2.800e+00,1.000e+00,4.500e+00,8.805e-01,1.207e+00,1.083e+00,1.084e+00,1.131e+00,1.584e+00,1.172e+00
2.732e-01,3.000e+03,1.000e+00,2.900e+00,1.000e+00,4.500e+00,8.934e-01,1.229e+00,1.100e+00,1.101e+00,1.145e+00,1.602e+00,1.191e+00
2.732e-01,3.000e+03,1.000e+00,3.000e+00,1.000e+00,4.500e+00,9.062e-01,1.251e+00,1.116e+00,1.117e+00,1.159e+00,1.621e+00,1.210e+00
2.732e-01,3.000e+03,1.000e+00,3.100e+00,1.000e+00,4.500e+00,9.188e-01,1.273e+00,1.133e+00,1.134e+00,1.173e+00,1.638e+00,1.229e+00
2.732e-01,3.000e+03,1.000e+00,3.200e+00,1.000e+00,4.500e+00,9.311e-01,1.294e+00,1.149e+00,1.150e+00,1.187e+00,1.656e+00,1.248e+00
2.732e-01,3.000e+03,1.000e+00,3.300e+00,1.000e+00,4.500e+00,9.433e-01,1.315e+00,1.165e+00,1.166e+00,1.201e+00,1.673e+00,1.266e+00
2.732e-01,3.000e+03,1.000e+00,3.400e+00,1.000e+00,4.500e+00,9.553e-01,1.336e+00,1.180e+00,1.182e+00,1.214e+00,1.691e+00,1.284e+00
2.732e-01,3.000e+03,1.000e+00,3.500e+00,1.000e+00,4.500e+00,9.672e-01,1.357e+00,1.196e+00,1.197e+00,1.228e+00,1.707e+00,1.302e+00
2.732e-01,3.000e+03,1.000e+00,3.600e+00,1.000e+00,4.500e+00,9.789e-01,1.377e+00,1.211e+00,1.212e+00,1.241e+00,1.724e+00,1.320e+00
2.732e-01,3.000e+03,1.000e+00,3.700e+00,1.000e+00,4.500e+00,9.904e-01,1.397e+00,1.226e+00,1.227e+00,1.255e+00,1.741e+00,1.337e+00
2.732e-01,3.000e+03,1.000e+00,3.800e+00,1.000e+00,4.500e+00,1.002e+00,1.416e+00,1.241e+00,1.242e+00,1.268e+00,1.757e+00,1.354e+00
2.732e-01,3.000e+03,1.000e+00,3.900e+00,1.000e+00,4.500e+00,1.013e+00,1.436e+00,1.255e+00,1.257e+00,1.281e+00,1.773e+00,1.371e+00
2.732e-01,3.000e+03,1.000e+00,4.000e+00,1.000e+00,4.500e+00,1.024e+00,1.455e+00,1.270e+00,1.271e+00,1.294e+00,1.789e+00,1.388e+00
2.995e-01,3.000e+03,1.000e+00,1.300e+00,1.000e+00,4.500e+00,7.721e-01,9.784e-01,9.152e-01,9.347e-01,1.113e+00,1.662e+00,9.562e-01
2.995e-01,3.000e+03,1.000e+00,1.400e+00,1.000e+00,4.500e+00,7.931e-01,1.008e+00,9.419e-01,9.559e-01,1.133e+00,1.680e+00,9.881e-01
2.995e-01,3.000e+03,1.000e+00,1.500e+00,1.000e+00,4.500e+00,8.132e-01,1.039e+00,9.681e-01,9.786e-01,1.148e+00,1.700e+00,1.019e+00
2.995e-01,3.000e+03,1.000e+00,1.600e+00,1.000e+00,4.500e+00,8.325e-01,1.070e+00,9.937e-01,1.002e+00,1.162e+00,1.722e+00,1.048e+00
2.995e-01,3.000e+03,1.000e+00,1.700e+00,1.000e+00,4.500e+00,8.511e-01,1.103e+00,1.019e+00,1.025e+00,1.175e+00,1.744e+00,1.077e+00
2.995e-01,3.000e+03,1.000e+00,1.800e+00,1.000e+00,4.500e+00,8.691e-01,1.135e+00,1.043e+00,1.048e+00,1.188e+00,1.767e+00,1.104e+00
2.995e-01,3.000e+03,1.000e+00,1.900e+00,1.000e+00,4.500e+00,8.866e-01,1.167e+00,1.066e+00,1.070e+00,1.202e+00,1.790e+00,1.131e+00
2.995e-01,3.000e+03,1.000e+00,2.000e+00,1.000e+00,4.500e+00,9.035e-01,1.199e+00,1.089e+00,1.092e+00,1.216e+00,1.813e+00,1.157e+00
2.995e-01,3.000e+03,1.000e+00,2.100e+00,1.000e+00,4.500e+00,9.200e-01,1.230e+00,1.111e+00,1.114e+00,1.230e+00,1.836e+00,1.183e+00
2.995e-01,3.000e+03,1.000e+00,2.200e+00,1.000e+00,4.500e+00,9.360e-01,1.261e+00,1.132e+00,1.135e+00,1.245e+00,1.858e+00,1.207e+00
2.995e-01,3.000e+03,1.000e+00,2.300e+00,1.000e+00,4.500e+00,9.517e-01,1.292e+00,1.153e+00,1.156e+00,1.259e+00,1.881e+00,1.231e+00
2.995e-01,3.000e+03,1.000e+00,2.400e+00,1.000e+00,4.500e+00,9.669e-01,1.322e+00,1.174e+00,1.176e+00,1.274e+00,1.903e+00,1.255e+00
2.995e-01,3.000e+03,1.000e+00,2.500e+00,1.000e+00,4.500e+00,9.819e-01,1.351e+00,1.194e+00,1.196e+00,1.288e+00,1.925e+00,1.278e+00
2.995e-01,3.000e+03,1.000e+00,2.600e+00,1.000e+00,4.500e+00,9.965e-01,1.380e+00,1.213e+00,1.216e+00,1.303e+00,1.947e+00,1.301e+00
2.995e-01,3.000e+03,1.000e+00,2.700e+00,1.000e+00,4.500e+00,1.011e+00,1.409e+00,1.232e+00,1.235e+00,1.317e+00,1.969e+00,1.323e+00
2.995e-01,3.000e+03,1.000e+00,2.800e+00,1.000e+00,4.500e+00,1.025e+00,1.437e+00,1.251e+00,1.253e+00,1.331e+00,1.990e+00,1.345e+00
2.995e-01,3.000e+03,1.000e+00,2.900e+00,1.000e+00,4.500e+00,1.039e+00,1.465e+00,1.269e+00,1.272e+00,1.345e+00,2.011e+00,1.367e+00
2.995e-01,3.000e+03,1.000e+00,3.000e+00,1.000e+00,4.500e+00,1.052e+00,1.492e+00,1.287e+00,1.289e+00,1.360e+00,2.031e+00,1.388e+00
2.995e-01,3.000e+03,1.000e+00,3.100e+00,1.000e+00,4.500e+00,1.065e+00,1.518e+00,1.305e+00,1.307e+00,1.374e+00,2.052e+00,1.409e+00
2.995e-01,3.000e+03,1.000e+00,3.200e+00,1.000e+00,4.500e+00,1.079e+00,1.545e+00,1.322e+00,1.324e+00,1.388e+00,2.072e+00,1.430e+00
2.995e-01,3.000e+03,1.000e+00,3.300e+00,1.000e+00,4.500e+00,1.091e+00,1.571e+00,1.339e+00,1.342e+00,1.401e+00,2.092e+00,1.451e+00
2.995e-01,3.000e+03,1.000e+00,3.400e+00,1.000e+00,4.500e+00,1.104e+00,1.596e+00,1.356e+00,1.358e+00,1.415e+00,2.111e+00,1.471e+00
2.995e-01,3.000e+03,1.000e+00,3.500e+00,1.000e+00,4.500e+00,1.117e+00,1.622e+00,1.373e+00,1.375e+00,1.429e+00,2.131e+00,1.491e+00
2.995e-01,3.000e+03,1.000e+00,3.600e+00,1.000e+00,4.500e+00,1.129e+00,1.647e+00,1.389e+00,1.391e+00,1.442e+00,2.150e+00,1.511e+00
2.995e-01,3.000e+03,1.000e+00,3.700e+00,1.000e+00,4.500e+00,1.141e+00,1.671e+00,1.405e+00,1.407e+00,1.456e+00,2.168e+00,1.531e+00
2.995e-01,3.000e+03,1.000e+00,3.800e+00,1.000e+00,4.500e+00,1.153e+00,1.695e+00,1.421e+00,1.423e+00,1.469e+00,2.187e+00,1.550e+00
2.995e-01,3.000e+03,1.000e+00,3.900e+00,1.000e+00,4.500e+00,1.165e+00,1.719e+00,1.436e+00,1.438e+00,1.483e+00,2.205e+00,1.569e+00
2.995e-01,3.000e+03,1.000e+00,4.000e+00,1.000e+00,4.500e+00,1.177e+00,1.743e+00,1.452e+00,1.454e+00,1.496e+00,2.224e+00,1.588e+00
3.258e-01,3.000e+03,1.000e+00,1.300e+00,1.000e+00,4.500e+00,9.295e-01,1.147e+00,1.085e+00,1.115e+00,1.367e+00,2.130e+00,1.112e+00
3.258e-01,3.000e+03,1.000e+00,1.400e+00,1.000e+00,4.500e+00,9.524e-01,1.184e+00,1.116e+00,1.138e+00,1.392e+00,2.150e+00,1.147e+00
3.258e-01,3.000e+03,1.000e+00,1.500e+00,1.000e+00,4.500e+00,9.744e-01,1.222e+00,1.146e+00,1.163e+00,1.407e+00,2.173e+00,1.182e+00
3.258e-01,3.000e+03,1.000e+00,1.600e+00,1.000e+00,4.500e+00,9.954e-01,1.262e+00,1.175e+00,1.188e+00,1.419e+00,2.198e+00,1.215e+00
3.258e-01,3.000e+03,1.000e+00,1.700e+00,1.000e+00,4.500e+00,1.016e+00,1.302e+00,1.203e+00,1.213e+00,1.430e+00,2.223e+00,1.247e+00
3.258e-01,3.000e+03,1.000e+00,1.800e+00,1.000e+00,4.500e+00,1.035e+00,1.343e+00,1.230e+00,1.238e+00,1.442e+00,2.249e+00,1.278e+00
3.258e-01,3.000e+03,1.000e+00,1.900e+00,1.000e+00,4.500e+00,1.054e+00,1.383e+00,1.256e+00,1.263e+00,1.455e+00,2.275e+00,1.308e+00
3.258e-01,3.000e+03,1.000e+00,2.000e+00,1.000e+00,4.500e+00,1.072e+00,1.422e+00,1.281e+00,1.287e+00,1.468e+00,2.301e+00,1.337e+00
3.258e-01,3.000e+03,1.000e+00,2.100e+00,1.000e+00,4.500e+00,1.090e+00,1.462e+00,1.305e+00,1.310e+00,1.481e+00,2.327e+00,1.365e+00
3.258e-01,3.000e+03,1.000e+00,2.200e+00,1.000e+00,4.500e+00,1.107e+00,1.500e+00,1.329e+00,1.333e+00,1.495e+00,2.353e+00,1.392e+00
3.258e-01,3.000e+03,1.000e+00,2.300e+00,1.000e+00,4.500e+00,1.124e+00,1.538e+00,1.352e+00,1.356e+00,1.508e+00,2.379e+00,1.419e+00
3.258e-01,3.000e+03,1.000e+00,2.400e+00,1.000e+00,4.500e+00,1.140e+00,1.575e+00,1.374e+00,1.378e+00,1.522e+00,2.404e+00,1.445e+00
3.258e-01,3.000e+03,1.000e+00,2.500e+00,1.000e+00,4.500e+00,1.156e+00,1.612e+00,1.396e+00,1.399e+00,1.536e+00,2.429e+00,1.471e+00
3.258e-01,3.000e+03,1.000e+00,2.600e+00,1.000e+00,4.500e+00,1.172e+00,1.648e+00,1.417e+00,1.420e+00,1.550e+00,2.454e+00,1.496e+00
3.258e-01,3.000e+03,1.000e+00,2.700e+00,1.000e+00,4.500e+00,1.187e+00,1.684e+00,1.438e+00,1.441e+00,1.564e+00,2.478e+00,1.521e+00
3.258e-01,3.000e+03,1.000e+00,2.800e+00,1.000e+00,4.500e+00,1.202e+00,1.718e+00,1.458e+00,1.461e+00,1.578e+00,2.502e+00,1.546e+00
3.258e-01,3.000e+03,1.000e+00,2.900e+00,1.000e+00,4.500e+00,1.216e+00,1.753e+00,1.477e+00,1.480e+00,1.592e+00,2.526e+00,1.570e+00
3.258e-01,3.000e+03,1.000e+00,3.000e+00,1.000e+00,4.500e+00,1.231e+00,1.787e+00,1.497e+00,1.500e+00,1.606e+00,2.550e+00,1.594e+00
3.258e-01,3.000e+03,1.000e+00,3.100e+00,1.000e+00,4.500e+00,1.245e+00,1.820e+00,1.516e+00,1.519e+00,1.620e+00,2.573e+00,1.617e+00
3.258e-01,3.000e+03,1.000e+00,3.200e+00,1.000e+00,4.500e+00,1.259e+00,1.852e+00,1.534e+00,1.537e+00,1.634e+00,2.595e+00,1.641e+00
3.258e-01,3.000e+03,1.000e+00,3.300e+00,1.000e+00,4.500e+00,1.272e+00,1.885e+00,1.553e+00,1.555e+00,1.648e+00,2.618e+00,1.664e+00
3.258e-01,3.000e+03,1.000e+00,3.400e+00,1.000e+00,4.500e+00,1.285e+00,1.916e+00,1.571e+00,1.573e+00,1.661e+00,2.640e+00,1.687e+00
3.258e-01,3.000e+03,1.000e+00,3.500e+00,1.000e+00,4.500e+00,1.299e+00,1.948e+00,1.588e+00,1.591e+00,1.675e+00,2.662e+00,1.709e+00
3.258e-01,3.000e+03,1.000e+00,3.600e+00,1.000e+00,4.500e+00,1.312e+00,1.978e+00,1.606e+00,1.608e+00,1.688e+00,2.684e+00,1.732e+00
3.258e-01,3.000e+03,1.000e+00,3.700e+00,1.000e+00,4.500e+00,1.324e+00,2.009e+00,1.623e+00,1.625e+00,1.702e+00,2.705e+00,1.754e+00
3.258e-01,3.000e+03,1.000e+00,3.800e+00,1.000e+00,4.500e+00,1.337e+00,2.039e+00,1.640e+00,1.642e+00,1.715e+00,2.726e+00,1.776e+00
3.258e-01,3.000e+03,1.000e+00,3.900e+00,1.000e+00,4.500e+00,1.349e+00,2.068e+00,1.656e+00,1.659e+00,1.728e+00,2.747e+00,1.797e+00
3.258e-01,3.000e+03,1.000e+00,4.000e+00,1.000e+00,4.500e+00,1.362e+00,2.097e+00,1.673e+00,1.675e+00,1.742e+00,2.767e+00,1.819e+00
3.521e-01,3.000e+03,1.000e+00,1.300e+00,1.000e+00,4.500e+00,1.126e+00,1.350e+00,1.302e+00,1.343e+00,1.687e+00,2.731e+00,1.294e+00
3.521e-01,3.000e+03,1.000e+00,1.400e+00,1.000e+00,4.500e+00,1.151e+00,1.396e+00,1.337e+00,1.368e+00,1.717e+00,2.754e+00,1.334e+00
3.521e-01,3.000e+03,1.000e+00,1.500e+00,1.000e+00,4.500e+00,1.175e+00,1.445e+00,1.371e+00,1.395e+00,1.731e+00,2.780e+00,1.373e+00
3.521e-01,3.000e+03,1.000e+00,1.600e+00,1.000e+00,4.500e+00,1.197e+00,1.495e+00,1.404e+00,1.422e+00,1.740e+00,2.807e+00,1.410e+00
3.521e-01,3.000e+03,1.000e+00,1.700e+00,1.000e+00,4.500e+00,1.219e+00,1.545e+00,1.435e+00,1.449e+00,1.749e+00,2.836e+00,1.445e+00
3.521e-01,3.000e+03,1.000e+00,1.800e+00,1.000e+00,4.500e+00,1.240e+00,1.595e+00,1.464e+00,1.476e+00,1.758e+00,2.864e+00,1.480e+00
3.521e-01,3.000e+03,1.000e+00,1.900e+00,1.000e+00,4.500e+00,1.260e+00,1.645e+00,1.493e+00,1.503e+00,1.769e+00,2.894e+00,1.513e+00
3.521e-01,3.000e+03,1.000e+00,2.000e+00,1.000e+00,4.500e+00,1.280e+00,1.695e+00,1.520e+00,1.529e+00,1.779e+00,2.923e+00,1.546e+00
3.521e-01,3.000e+03,1.000e+00,2.100e+00,1.000e+00,4.500e+00,1.299e+00,1.744e+00,1.547e+00,1.554e+00,1.791e+00,2.952e+00,1.577e+00
3.521e-01,3.000e+03,1.000e+00,2.200e+00,1.000e+00,4.500e+00,1.317e+00,1.792e+00,1.572e+00,1.579e+00,1.803e+00,2.981e+00,1.608e+00
3.521e-01,3.000e+03,1.000e+00,2.300e+00,1.000e+00,4.500e+00,1.335e+00,1.839e+00,1.597e+00,1.603e+00,1.816e+00,3.009e+00,1.637e+00
3.521e-01,3.000e+03,1.000e+00,2.400e+00,1.000e+00,4.500e+00,1.353e+00,1.886e+00,1.621e+00,1.626e+00,1.828e+00,3.038e+00,1.666e+00
3.521e-01,3.000e+03,1.000e+00,2.500e+00,1.000e+00,4.500e+00,1.369e+00,1.932e+00,1.645e+00,1.649e+00,1.841e+00,3.066e+00,1.695e+00
3.521e-01,3.000e+03,1.000e+00,2.600e+00,1.000e+00,4.500e+00,1.386e+00,1.977e+00,1.667e+00,1.672e+00,1.855e+00,3.093e+00,1.723e+00
3.521e-01,3.000e+03,1.000e+00,2.700e+00,1.000e+00,4.500e+00,1.402e+00,2.021e+00,1.689e+00,1.694e+00,1.868e+00,3.121e+00,1.750e+00
3.521e-01,3.000e+03,1.000e+00,2.800e+00,1.000e+00,4.500e+00,1.418e+00,2.064e+00,1.711e+00,1.715e+00,1.881e+00,3.148e+00,1.778e+00
3.521e-01,3.000e+03,1.000e+00,2.900e+00,1.000e+00,4.500e+00,1.433e+00,2.107e+00,1.732e+00,1.736e+00,1.894e+00,3.174e+00,1.805e+00
3.521e-01,3.000e+03,1.000e+00,3.000e+00,1.000e+00,4.500e+00,1.448e+00,2.149e+00,1.753e+00,1.757e+00,1.908e+00,3.201e+00,1.831e+00
3.521e-01,3.000e+03,1.000e+00,3.100e+00,1.000e+00,4.500e+00,1.463e+00,2.190e+00,1.773e+00,1.777e+00,1.921e+00,3.226e+00,1.858e+00
3.521e-01,3.000e+03,1.000e+00,3.200e+00,1.000e+00,4.500e+00,1.478e+00,2.231e+00,1.793e+00,1.796e+00,1.934e+00,3.252e+00,1.884e+00
3.521e-01,3.000e+03,1.000e+00,3.300e+00,1.000e+00,4.500e+00,1.492e+00,2.271e+00,1.813e+00,1.816e+00,1.948e+00,3.277e+00,1.910e+00
3.521e-01,3.000e+03,1.000e+00,3.400e+00,1.000e+00,4.500e+00,1.506e+00,2.310e+00,1.832e+00,1.835e+00,1.961e+00,3.302e+00,1.935e+00
3.521e-01,3.000e+03,1.000e+00,3.500e+00,1.000e+00,4.500e+00,1.520e+00,2.349e+00,1.851e+00,1.854e+00,1.974e+00,3.327e+00,1.961e+00
3.521e-01,3.000e+03,1.000e+00,3.600e+00,1.000e+00,4.500e+00,1.533e+00,2.387e+00,1.869e+00,1.872e+00,1.987e+00,3.351e+00,1.986e+00
3.521e-01,3.000e+03,1.000e+00,3.700e+00,1.000e+00,4.500e+00,1.547e+00,2.425e+00,1.887e+00,1.890e+00,2.000e+00,3.375e+00,2.011e+00
3.521e-01,3.000e+03,1.000e+00,3.800e+00,1.000e+00,4.500e+00,1.560e+00,2.462e+00,1.905e+00,1.908e+00,2.013e+00,3.398e+00,2.036e+00
3.521e-01,3.000e+03,1.000e+00,3.900e+00,1.000e+00,4.500e+00,1.573e+00,2.499e+00,1.923e+00,1.925e+00,2.026e+00,3.422e+00,2.060e+00
3.521e-01,3.000e+03,1.000e+00,4.000e+00,1.000e+00,4.500e+00,1.586e+00,2.535e+00,1.940e+00,1.943e+00,2.039e+00,3.445e+00,2.084e+00
3.784e-01,3.000e+03,1.000e+00,1.300e+00,1.000e+00,4.500e+00,1.371e+00,1.598e+00,1.580e+00,1.633e+00,2.088e+00,3.506e+00,1.509e+00
3.784e-01,3.000e+03,1.000e+00,1.400e+00,1.000e+00,4.500e+00,1.398e+00,1.656e+00,1.620e+00,1.659e+00,2.123e+00,3.531e+00,1.554e+00
3.784e-01,3.000e+03,1.000e+00,1.500e+00,1.000e+00,4.500e+00,1.424e+00,1.717e+00,1.657e+00,1.687e+00,2.135e+00,3.558e+00,1.597e+00
3.784e-01,3.000e+03,1.000e+00,1.600e+00,1.000e+00,4.500e+00,1.448e+00,1.779e+00,1.693e+00,1.716e+00,2.141e+00,3.588e+00,1.638e+00
3.784e-01,3.000e+03,1.000e+00,1.700e+00,1.000e+00,4.500e+00,1.472e+00,1.842e+00,1.726e+00,1.745e+00,2.145e+00,3.619e+00,1.678e+00
3.784e-01,3.000e+03,1.000e+00,1.800e+00,1.000e+00,4.500e+00,1.494e+00,1.905e+00,1.758e+00,1.773e+00,2.150e+00,3.650e+00,1.717e+00
3.784e-01,3.000e+03,1.000e+00,1.900e+00,1.000e+00,4.500e+00,1.516e+00,1.968e+00,1.789e+00,1.802e+00,2.156e+00,3.682e+00,1.754e+00
3.784e-01,3.000e+03,1.000e+00,2.000e+00,1.000e+00,4.500e+00,1.536e+00,2.030e+00,1.818e+00,1.829e+00,2.164e+00,3.713e+00,1.790e+00
3.784e-01,3.000e+03,1.000e+00,2.100e+00,1.000e+00,4.500e+00,1.557e+00,2.091e+00,1.847e+00,1.856e+00,2.173e+00,3.745e+00,1.824e+00
3.784e-01,3.000e+03,1.000e+00,2.200e+00,1.000e+00,4.500e+00,1.576e+00,2.152e+00,1.874e+00,1.882e+00,2.182e+00,3.776e+00,1.858e+00
3.784e-01,3.000e+03,1.000e+00,2.300e+00,1.000e+00,4.500e+00,1.595e+00,2.211e+00,1.900e+00,1.908e+00,2.193e+00,3.808e+00,1.891e+00
3.784e-01,3.000e+03,1.000e+00,2.400e+00,1.000e+00,4.500e+00,1.613e+00,2.269e+00,1.926e+00,1.933e+00,2.204e+00,3.839e+00,1.923e+00
3.784e-01,3.000e+03,1.000e+00,2.500e+00,1.000e+00,4.500e+00,1.631e+00,2.326e+00,1.951e+00,1.957e+00,2.215e+00,3.869e+00,1.954e+00
3.784e-01,3.000e+03,1.000e+00,2.600e+00,1.000e+00,4.500e+00,1.649e+00,2.382e+00,1.975e+00,1.980e+00,2.226e+00,3.899e+00,1.985e+00
3.784e-01,3.000e+03,1.000e+00,2.700e+00,1.000e+00,4.500e+00,1.665e+00,2.437e+00,1.998e+00,2.004e+00,2.238e+00,3.929e+00,2.016e+00
3.784e-01,3.000e+03,1.000e+00,2.800e+00,1.000e+00,4.500e+00,1.682e+00,2.491e+00,2.021e+00,2.026e+00,2.250e+00,3.959e+00,2.046e+00
3.784e-01,3.000e+03,1.000e+00,2.900e+00,1.000e+00,4.500e+00,1.698e+00,2.545e+00,2.044e+00,2.048e+00,2.262e+00,3.988e+00,2.076e+00
3.784e-01,3.000e+03,1.000e+00,3.000e+00,1.000e+00,4.500e+00,1.714e+00,2.597e+00,2.066e+00,2.070e+00,2.275e+00,4.017e+00,2.105e+00
3.784e-01,3.000e+03,1.000e+00,3.100e+00,1.000e+00,4.500e+00,1.730e+00,2.648e+00,2.087e+00,2.091e+00,2.287e+00,4.045e+00,2.135e+00
3.784e-01,3.000e+03,1.000e+00,3.200e+00,1.000e+00,4.500e+00,1.745e+00,2.699e+00,2.108e+00,2.112e+00,2.299e+00,4.073e+00,2.164e+00
3.784e-01,3.000e+03,1.000e+00,3.300e+00,1.000e+00,4.500e+00,1.760e+00,2.749e+00,2.128e+00,2.132e+00,2.312e+00,4.101e+00,2.193e+00
3.784e-01,3.000e+03,1.000e+00,3.400e+00,1.000e+00,4.500e+00,1.774e+00,2.798e+00,2.149e+00,2.152e+00,2.324e+00,4.128e+00,2.222e+00
3.784e-01,3.000e+03,1.000e+00,3.500e+00,1.000e+00,4.500e+00,1.789e+00,2.846e+00,2.168e+00,2.172e+00,2.336e+00,4.155e+00,2.250e+00
3.784e-01,3.000e+03,1.000e+00,3.600e+00,1.000e+00,4.500e+00,1.803e+00,2.894e+00,2.188e+00,2.191e+00,2.349e+00,4.182e+00,2.278e+00
3.784e-01,3.000e+03,1.000e+00,3.700e+00,1.000e+00,4.500e+00,1.817e+00,2.940e+00,2.207e+00,2.210e+00,2.361e+00,4.208e+00,2.306e+00
3.784e-01,3.000e+03,1.000e+00,3.800e+00,1.000e+00,4.500e+00,1.830e+00,2.987e+00,2.226e+00,2.229e+00,2.374e+00,4.234e+00,2.334e+00
3.784e-01,3.000e+03,1.000e+00,3.900e+00,1.000e+00,4.500e+00,1.844e+00,3.032e+00,2.244e+00,2.247e+00,2.386e+00,4.260e+00,2.362e+00
3.784e-01,3.000e+03,1.000e+00,4.000e+00,1.000e+00,4.500e+00,1.857e+00,3.077e+00,2.262e+00,2.265e+00,2.398e+00,4.286e+00,2.389e+00
4.047e-01,3.000e+03,1.000e+00,1.300e+00,1.000e+00,4.500e+00,1.678e+00,1.904e+00,1.937e+00,1.998e+00,2.589e+00,4.510e+00,1.763e+00
4.047e-01,3.000e+03,1.000e+00,1.400e+00,1.000e+00,4.500e+00,1.707e+00,1.976e+00,1.979e+00,2.025e+00,2.631e+00,4.534e+00,1.813e+00
4.047e-01,3.000e+03,1.000e+00,1.500e+00,1.000e+00,4.500e+00,1.734e+00,2.052e+00,2.018e+00,2.054e+00,2.639e+00,4.562e+00,1.861e+00
4.047e-01,3.000e+03,1.000e+00,1.600e+00,1.000e+00,4.500e+00,1.760e+00,2.131e+00,2.055e+00,2.083e+00,2.638e+00,4.591e+00,1.906e+00
4.047e-01,3.000e+03,1.000e+00,1.700e+00,1.000e+00,4.500e+00,1.785e+00,2.210e+00,2.091e+00,2.113e+00,2.635e+00,4.623e+00,1.951e+00
4.047e-01,3.000e+03,1.000e+00,1.800e+00,1.000e+00,4.500e+00,1.809e+00,2.289e+00,2.124e+00,2.143e+00,2.633e+00,4.655e+00,1.993e+00
4.047e-01,3.000e+03,1.000e+00,1.900e+00,1.000e+00,4.500e+00,1.831e+00,2.367e+00,2.156e+00,2.172e+00,2.634e+00,4.687e+00,2.034e+00
4.047e-01,3.000e+03,1.000e+00,2.000e+00,1.000e+00,4.500e+00,1.853e+00,2.445e+00,2.187e+00,2.201e+00,2.636e+00,4.720e+00,2.074e+00
4.047e-01,3.000e+03,1.000e+00,2.100e+00,1.000e+00,4.500e+00,1.874e+00,2.521e+00,2.217e+00,2.229e+00,2.641e+00,4.753e+00,2.112e+00
4.047e-01,3.000e+03,1.000e+00,2.200e+00,1.000e+00,4.500e+00,1.895e+00,2.596e+00,2.245e+00,2.256e+00,2.647e+00,4.786e+00,2.149e+00
4.047e-01,3.000e+03,1.000e+00,2.300e+00,1.000e+00,4.500e+00,1.915e+00,2.670e+00,2.273e+00,2.283e+00,2.654e+00,4.818e+00,2.185e+00
4.047e-01,3.000e+03,1.000e+00,2.400e+00,1.000e+00,4.500e+00,1.934e+00,2.743e+00,2.300e+00,2.309e+00,2.661e+00,4.851e+00,2.220e+00
4.047e-01,3.000e+03,1.000e+00,2.500e+00,1.000e+00,4.500e+00,1.952e+00,2.814e+00,2.326e+00,2.334e+00,2.670e+00,4.883e+00,2.254e+00
4.047e-01,3.000e+03,1.000e+00,2.600e+00,1.000e+00,4.500e+00,1.970e+00,2.884e+00,2.351e+00,2.358e+00,2.679e+00,4.915e+00,2.288e+00
4.047e-01,3.000e+03,1.000e+00,2.700e+00,1.000e+00,4.500e+00,1.988e+00,2.953e+00,2.375e+00,2.382e+00,2.688e+00,4.946e+00,2.322e+00
4.047e-01,3.000e+03,1.000e+00,2.800e+00,1.000e+00,4.500e+00,2.005e+00,3.021e+00,2.399e+00,2.406e+00,2.698e+00,4.977e+00,2.355e+00
4.047e-01,3.000e+03,1.000e+00,2.900e+00,1.000e+00,4.500e+00,2.022e+00,3.087e+00,2.422e+00,2.429e+00,2.708e+00,5.008e+00,2.388e+00
4.047e-01,3.000e+03,1.000e+00,3.000e+00,1.000e+00,4.500e+00,2.038e+00,3.153e+00,2.445e+00,2.451e+00,2.719e+00,5.039e+00,2.421e+00
4.047e-01,3.000e+03,1.000e+00,3.100e+00,1.000e+00,4.500e+00,2.054e+00,3.217e+00,2.467e+00,2.473e+00,2.729e+00,5.069e+00,2.454e+00
4.047e-01,3.000e+03,1.000e+00,3.200e+00,1.000e+00,4.500e+00,2.070e+00,3.280e+00,2.489e+00,2.495e+00,2.740e+00,5.099e+00,2.486e+00
4.047e-01,3.000e+03,1.000e+00,3.300e+00,1.000e+00,4.500e+00,2.085e+00,3.342e+00,2.510e+00,2.516e+00,2.751e+00,5.128e+00,2.519e+00
4.047e-01,3.000e+03,1.000e+00,3.400e+00,1.000e+00,4.500e+00,2.100e+00,3.403e+00,2.531e+00,2.537e+00,2.762e+00,5.158e+00,2.551e+00
4.047e-01,3.000e+03,1.000e+00,3.500e+00,1.000e+00,4.500e+00,2.115e+00,3.463e+00,2.552e+00,2.557e+00,2.773e+00,5.186e+00,2.582e+00
4.047e-01,3.000e+03,1.000e+00,3.600e+00,1.000e+00,4.500e+00,2.130e+00,3.522e+00,2.572e+00,2.577e+00,2.784e+00,5.215e+00,2.614e+00
4.047e-01,3.000e+03,1.000e+00,3.700e+00,1.000e+00,4.500e+00,2.144e+00,3.581e+00,2.592e+00,2.597e+00,2.796e+00,5.243e+00,2.646e+00
4.047e-01,3.000e+03,1.000e+00,3.800e+00,1.000e+00,4.500e+00,2.158e+00,3.638e+00,2.611e+00,2.616e+00,2.807e+00,5.271e+00,2.677e+00
4.047e-01,3.000e+03,1.000e+00,3.900e+00,1.000e+00,4.500e+00,2.172e+00,3.695e+00,2.630e+00,2.635e+00,2.818e+00,5.299e+00,2.707e+00
4.047e-01,3.000e+03,1.000e+00,4.000e+00,1.000e+00,4.500e+00,2.186e+00,3.751e+00,2.649e+00,2.654e+00,2.829e+00,5.327e+00,2.738e+00
4.311e-01,3.000e+03,1.000e+00,1.300e+00,1.000e+00,4.500e+00,2.063e+00,2.281e+00,2.387e+00,2.457e+00,3.213e+00,5.819e+00,2.064e+00
4.311e-01,3.000e+03,1.000e+00,1.400e+00,1.000e+00,4.500e+00,2.094e+00,2.372e+00,2.430e+00,2.482e+00,3.262e+00,5.838e+00,2.119e+00
4.311e-01,3.000e+03,1.000e+00,1.500e+00,1.000e+00,4.500e+00,2.122e+00,2.468e+00,2.470e+00,2.511e+00,3.263e+00,5.862e+00,2.172e+00
4.311e-01,3.000e+03,1.000e+00,1.600e+00,1.000e+00,4.500e+00,2.149e+00,2.566e+00,2.508e+00,2.540e+00,3.251e+00,5.888e+00,2.222e+00
4.311e-01,3.000e+03,1.000e+00,1.700e+00,1.000e+00,4.500e+00,2.175e+00,2.665e+00,2.544e+00,2.571e+00,3.237e+00,5.916e+00,2.271e+00
4.311e-01,3.000e+03,1.000e+00,1.800e+00,1.000e+00,4.500e+00,2.200e+00,2.764e+00,2.578e+00,2.600e+00,3.226e+00,5.946e+00,2.318e+00
4.311e-01,3.000e+03,1.000e+00,1.900e+00,1.000e+00,4.500e+00,2.223e+00,2.862e+00,2.610e+00,2.630e+00,3.219e+00,5.976e+00,2.363e+00
4.311e-01,3.000e+03,1.000e+00,2.000e+00,1.000e+00,4.500e+00,2.246e+00,2.959e+00,2.641e+00,2.659e+00,3.214e+00,6.007e+00,2.406e+00
4.311e-01,3.000e+03,1.000e+00,2.100e+00,1.000e+00,4.500e+00,2.268e+00,3.055e+00,2.671e+00,2.687e+00,3.212e+00,6.039e+00,2.447e+00
4.311e-01,3.000e+03,1.000e+00,2.200e+00,1.000e+00,4.500e+00,2.288e+00,3.149e+00,2.700e+00,2.715e+00,3.212e+00,6.070e+00,2.488e+00
4.311e-01,3.000e+03,1.000e+00,2.300e+00,1.000e+00,4.500e+00,2.309e+00,3.242e+00,2.728e+00,2.742e+00,3.214e+00,6.102e+00,2.527e+00
4.311e-01,3.000e+03,1.000e+00,2.400e+00,1.000e+00,4.500e+00,2.328e+00,3.333e+00,2.756e+00,2.768e+00,3.217e+00,6.133e+00,2.565e+00
4.311e-01,3.000e+03,1.000e+00,2.500e+00,1.000e+00,4.500e+00,2.347e+00,3.422e+00,2.782e+00,2.794e+00,3.221e+00,6.165e+00,2.602e+00
4.311e-01,3.000e+03,1.000e+00,2.600e+00,1.000e+00,4.500e+00,2.366e+00,3.509e+00,2.808e+00,2.819e+00,3.227e+00,6.196e+00,2.639e+00
4.311e-01,3.000e+03,1.000e+00,2.700e+00,1.000e+00,4.500e+00,2.384e+00,3.595e+00,2.832e+00,2.843e+00,3.233e+00,6.227e+00,2.676e+00
4.311e-01,3.000e+03,1.000e+00,2.800e+00,1.000e+00,4.500e+00,2.401e+00,3.680e+00,2.857e+00,2.867e+00,3.239e+00,6.259e+00,2.712e+00
4.311e-01,3.000e+03,1.000e+00,2.900e+00,1.000e+00,4.500e+00,2.418e+00,3.763e+00,2.880e+00,2.891e+00,3.246e+00,6.289e+00,2.748e+00
4.311e-01,3.000e+03,1.000e+00,3.000e+00,1.000e+00,4.500e+00,2.435e+00,3.844e+00,2.904e+00,2.914e+00,3.254e+00,6.320e+00,2.784e+00
4.311e-01,3.000e+03,1.000e+00,3.100e+00,1.000e+00,4.500e+00,2.451e+00,3.925e+00,2.926e+00,2.936e+00,3.262e+00,6.351e+00,2.820e+00
4.311e-01,3.000e+03,1.000e+00,3.200e+00,1.000e+00,4.500e+00,2.467e+00,4.003e+00,2.948e+00,2.958e+00,3.270e+00,6.381e+00,2.856e+00
4.311e-01,3.000e+03,1.000e+00,3.300e+00,1.000e+00,4.500e+00,2.482e+00,4.081e+00,2.970e+00,2.979e+00,3.279e+00,6.411e+00,2.892e+00
4.311e-01,3.000e+03,1.000e+00,3.400e+00,1.000e+00,4.500e+00,2.498e+00,4.157e+00,2.991e+00,3.000e+00,3.288e+00,6.441e+00,2.928e+00
4.311e-01,3.000e+03,1.000e+00,3.500e+00,1.000e+00,4.500e+00,2.513e+00,4.232e+00,3.012e+00,3.021e+00,3.297e+00,6.470e+00,2.963e+00
4.311e-01,3.000e+03,1.000e+00,3.600e+00,1.000e+00,4.500e+00,2.527e+00,4.306e+00,3.033e+00,3.042e+00,3.306e+00,6.500e+00,2.999e+00
4.311e-01,3.000e+03,1.000e+00,3.700e+00,1.000e+00,4.500e+00,2.542e+00,4.379e+00,3.053e+00,3.062e+00,3.315e+00,6.529e+00,3.034e+00
4.311e-01,3.000e+03,1.000e+00,3.800e+00,1.000e+00,4.500e+00,2.556e+00,4.450e+00,3.073e+00,3.081e+00,3.325e+00,6.558e+00,3.069e+00
4.311e-01,3.000e+03,1.000e+00,3.900e+00,1.000e+00,4.500e+00,2.570e+00,4.521e+00,3.092e+00,3.101e+00,3.334e+00,6.587e+00,3.103e+00
4.311e-01,3.000e+03,1.000e+00,4.000e+00,1.000e+00,4.500e+00,2.583e+00,4.591e+00,3.112e+00,3.120e+00,3.344e+00,6.615e+00,3.137e+00
4.574e-01,3.000e+03,1.000e+00,1.300e+00,1.000e+00,4.500e+00,2.550e+00,2.746e+00,2.952e+00,3.029e+00,3.986e+00,7.541e+00,2.421e+00
4.574e-01,3.000e+03,1.000e+00,1.400e+00,1.000e+00,4.500e+00,2.581e+00,2.860e+00,2.993e+00,3.052e+00,4.042e+00,7.547e+00,2.482e+00
4.574e-01,3.000e+03,1.000e+00,1.500e+00,1.000e+00,4.500e+00,2.610e+00,2.981e+00,3.031e+00,3.078e+00,4.033e+00,7.559e+00,2.540e+00
4.574e-01,3.000e+03,1.000e+00,1.600e+00,1.000e+00,4.500e+00,2.637e+00,3.105e+00,3.068e+00,3.106e+00,4.005e+00,7.574e+00,2.596e+00
4.574e-01,3.000e+03,1.000e+00,1.700e+00,1.000e+00,4.500e+00,2.663e+00,3.229e+00,3.103e+00,3.135e+00,3.976e+00,7.593e+00,2.649e+00
4.574e-01,3.000e+03,1.000e+00,1.800e+00,1.000e+00,4.500e+00,2.688e+00,3.354e+00,3.136e+00,3.164e+00,3.951e+00,7.614e+00,2.700e+00
4.574e-01,3.000e+03,1.000e+00,1.900e+00,1.000e+00,4.500e+00,2.711e+00,3.477e+00,3.167e+00,3.192e+00,3.931e+00,7.636e+00,2.748e+00
4.574e-01,3.000e+03,1.000e+00,2.000e+00,1.000e+00,4.500e+00,2.734e+00,3.599e+00,3.198e+00,3.220e+00,3.916e+00,7.660e+00,2.794e+00
4.574e-01,3.000e+03,1.000e+00,2.100e+00,1.000e+00,4.500e+00,2.755e+00,3.719e+00,3.227e+00,3.248e+00,3.905e+00,7.685e+00,2.839e+00
4.574e-01,3.000e+03,1.000e+00,2.200e+00,1.000e+00,4.500e+00,2.776e+00,3.838e+00,3.256e+00,3.275e+00,3.897e+00,7.711e+00,2.882e+00
4.574e-01,3.000e+03,1.000e+00,2.300e+00,1.000e+00,4.500e+00,2.796e+00,3.954e+00,3.283e+00,3.302e+00,3.892e+00,7.737e+00,2.923e+00
4.574e-01,3.000e+03,1.000e+00,2.400e+00,1.000e+00,4.500e+00,2.815e+00,4.068e+00,3.310e+00,3.327e+00,3.888e+00,7.764e+00,2.964e+00
4.574e-01,3.000e+03,1.000e+00,2.500e+00,1.000e+00,4.500e+00,2.834e+00,4.180e+00,3.336e+00,3.353e+00,3.887e+00,7.791e+00,3.004e+00
4.574e-01,3.000e+03,1.000e+00,2.600e+00,1.000e+00,4.500e+00,2.852e+00,4.289e+00,3.361e+00,3.377e+00,3.887e+00,7.818e+00,3.044e+00
4.574e-01,3.000e+03,1.000e+00,2.700e+00,1.000e+00,4.500e+00,2.870e+00,4.397e+00,3.386e+00,3.402e+00,3.888e+00,7.846e+00,3.083e+00
4.574e-01,3.000e+03,1.000e+00,2.800e+00,1.000e+00,4.500e+00,2.887e+00,4.503e+00,3.409e+00,3.425e+00,3.890e+00,7.874e+00,3.123e+00
4.574e-01,3.000e+03,1.000e+00,2.900e+00,1.000e+00,4.500e+00,2.904e+00,4.607e+00,3.433e+00,3.448e+00,3.893e+00,7.902e+00,3.162e+00
4.574e-01,3.000e+03,1.000e+00,3.000e+00,1.000e+00,4.500e+00,2.920e+00,4.709e+00,3.456e+00,3.471e+00,3.896e+00,7.930e+00,3.201e+00
4.574e-01,3.000e+03,1.000e+00,3.100e+00,1.000e+00,4.500e+00,2.936e+00,4.809e+00,3.478e+00,3.493e+00,3.900e+00,7.958e+00,3.241e+00
4.574e-01,3.000e+03,1.000e+00,3.200e+00,1.000e+00,4.500e+00,2.952e+00,4.908e+00,3.500e+00,3.515e+00,3.905e+00,7.986e+00,3.280e+00
4.574e-01,3.000e+03,1.000e+00,3.300e+00,1.000e+00,4.500e+00,2.967e+00,5.005e+00,3.522e+00,3.536e+00,3.910e+00,8.015e+00,3.319e+00
4.574e-01,3.000e+03,1.000e+00,3.400e+00,1.000e+00,4.500e+00,2.982e+00,5.100e+00,3.543e+00,3.557e+00,3.916e+00,8.043e+00,3.359e+00
4.574e-01,3.000e+03,1.000e+00,3.500e+00,1.000e+00,4.500e+00,2.997e+00,5.194e+00,3.564e+00,3.578e+00,3.922e+00,8.071e+00,3.398e+00
4.574e-01,3.000e+03,1.000e+00,3.600e+00,1.000e+00,4.500e+00,3.011e+00,5.286e+00,3.584e+00,3.598e+00,3.928e+00,8.099e+00,3.437e+00
4.574e-01,3.000e+03,1.000e+00,3.700e+00,1.000e+00,4.500e+00,3.025e+00,5.377e+00,3.604e+00,3.618e+00,3.935e+00,8.127e+00,3.476e+00
4.574e-01,3.000e+03,1.000e+00,3.800e+00,1.000e+00,4.500e+00,3.039e+00,5.467e+00,3.624e+00,3.637e+00,3.942e+00,8.155e+00,3.515e+00
4.574e-01,3.000e+03,1.000e+00,3.900e+00,1.000e+00,4.500e+00,3.053e+00,5.555e+00,3.643e+00,3.656e+00,3.949e+00,8.183e+00,3.553e+00
4.574e-01,3.000e+03,1.000e+00,4.000e+00,1.000e+00,4.500e+00,3.066e+00,5.642e+00,3.662e+00,3.675e+00,3.956e+00,8.211e+00,3.591e+00
4.837e-01,3.000e+03,1.000e+00,1.300e+00,1.000e+00,4.500e+00,3.168e+00,3.313e+00,3.655e+00,3.740e+00,4.939e+00,9.831e+00,2.849e+00
4.837e-01,3.000e+03,1.000e+00,1.400e+00,1.000e+00,4.500e+00,3.198e+00,3.459e+00,3.692e+00,3.757e+00,5.003e+00,9.809e+00,2.914e+00
4.837e-01,3.000e+03,1.000e+00,1.500e+00,1.000e+00,4.500e+00,3.226e+00,3.613e+00,3.726e+00,3.779e+00,4.977e+00,9.795e+00,2.977e+00
4.837e-01,3.000e+03,1.000e+00,1.600e+00,1.000e+00,4.500e+00,3.252e+00,3.770e+00,3.759e+00,3.803e+00,4.927e+00,9.787e+00,3.037e+00
4.837e-01,3.000e+03,1.000e+00,1.700e+00,1.000e+00,4.500e+00,3.276e+00,3.928e+00,3.791e+00,3.828e+00,4.877e+00,9.784e+00,3.094e+00
4.837e-01,3.000e+03,1.000e+00,1.800e+00,1.000e+00,4.500e+00,3.299e+00,4.085e+00,3.821e+00,3.853e+00,4.833e+00,9.786e+00,3.148e+00
4.837e-01,3.000e+03,1.000e+00,1.900e+00,1.000e+00,4.500e+00,3.322e+00,4.241e+00,3.850e+00,3.879e+00,4.796e+00,9.790e+00,3.200e+00
4.837e-01,3.000e+03,1.000e+00,2.000e+00,1.000e+00,4.500e+00,3.343e+00,4.396e+00,3.878e+00,3.905e+00,4.766e+00,9.798e+00,3.248e+00
4.837e-01,3.000e+03,1.000e+00,2.100e+00,1.000e+00,4.500e+00,3.363e+00,4.547e+00,3.905e+00,3.930e+00,4.743e+00,9.807e+00,3.295e+00
4.837e-01,3.000e+03,1.000e+00,2.200e+00,1.000e+00,4.500e+00,3.383e+00,4.696e+00,3.931e+00,3.955e+00,4.723e+00,9.819e+00,3.340e+00
4.837e-01,3.000e+03,1.000e+00,2.300e+00,1.000e+00,4.500e+00,3.401e+00,4.842e+00,3.957e+00,3.980e+00,4.708e+00,9.833e+00,3.383e+00
4.837e-01,3.000e+03,1.000e+00,2.400e+00,1.000e+00,4.500e+00,3.419e+00,4.986e+00,3.982e+00,4.004e+00,4.696e+00,9.848e+00,3.426e+00
4.837e-01,3.000e+03,1.000e+00,2.500e+00,1.000e+00,4.500e+00,3.437e+00,5.127e+00,4.006e+00,4.028e+00,4.686e+00,9.864e+00,3.468e+00
4.837e-01,3.000e+03,1.000e+00,2.600e+00,1.000e+00,4.500e+00,3.454e+00,5.265e+00,4.029e+00,4.051e+00,4.678e+00,9.881e+00,3.509e+00
4.837e-01,3.000e+03,1.000e+00,2.700e+00,1.000e+00,4.500e+00,3.470e+00,5.401e+00,4.053e+00,4.073e+00,4.672e+00,9.900e+00,3.551e+00
4.837e-01,3.000e+03,1.000e+00,2.800e+00,1.000e+00,4.500e+00,3.487e+00,5.534e+00,4.075e+00,4.096e+00,4.668e+00,9.919e+00,3.593e+00
4.837e-01,3.000e+03,1.000e+00,2.900e+00,1.000e+00,4.500e+00,3.502e+00,5.665e+00,4.097e+00,4.118e+00,4.665e+00,9.939e+00,3.635e+00
4.837e-01,3.000e+03,1.000e+00,3.000e+00,1.000e+00,4.500e+00,3.517e+00,5.793e+00,4.119e+00,4.139e+00,4.663e+00,9.960e+00,3.677e+00
4.837e-01,3.000e+03,1.000e+00,3.100e+00,1.000e+00,4.500e+00,3.532e+00,5.919e+00,4.140e+00,4.160e+00,4.662e+00,9.981e+00,3.719e+00
4.837e-01,3.000e+03,1.000e+00,3.200e+00,1.000e+00,4.500e+00,3.547e+00,6.043e+00,4.161e+00,4.181e+00,4.662e+00,1.000e+01,3.762e+00
4.837e-01,3.000e+03,1.000e+00,3.300e+00,1.000e+00,4.500e+00,3.561e+00,6.165e+00,4.182e+00,4.201e+00,4.662e+00,1.003e+01,3.805e+00
4.837e-01,3.000e+03,1.000e+00,3.400e+00,1.000e+00,4.500e+00,3.575e+00,6.284e+00,4.202e+00,4.221e+00,4.663e+00,1.005e+01,3.848e+00
4.837e-01,3.000e+03,1.000e+00,3.500e+00,1.000e+00,4.500e+00,3.589e+00,6.402e+00,4.222e+00,4.241e+00,4.665e+00,1.007e+01,3.891e+00
4.837e-01,3.000e+03,1.000e+00,3.600e+00,1.000e+00,4.500e+00,3.602e+00,6.518e+00,4.241e+00,4.260e+00,4.668e+00,1.009e+01,3.934e+00
4.837e-01,3.000e+03,1.000e+00,3.700e+00,1.000e+00,4.500e+00,3.615e+00,6.632e+00,4.261e+00,4.279e+00,4.670e+00,1.012e+01,3.976e+00
4.837e-01,3.000e+03,1.000e+00,3.800e+00,1.000e+00,4.500e+00,3.628e+00,6.745e+00,4.279e+00,4.298e+00,4.674e+00,1.014e+01,4.019e+00
4.837e-01,3.000e+03,1.000e+00,3.900e+00,1.000e+00,4.500e+00,3.641e+00,6.856e+00,4.298e+00,4.317e+00,4.677e+00,1.017e+01,4.061e+00
4.837e-01,3.000e+03,1.000e+00,4.000e+00,1.000e+00,4.500e+00,3.653e+00,6.965e+00,4.317e+00,4.335e+00,4.682e+00,1.019e+01,4.104e+00
5.100e-01,3.000e+03,1.000e+00,1.300e+00,1.000e+00,4.500e+00,3.959e+00,3.996e+00,4.525e+00,4.622e+00,6.109e+00,1.292e+01,3.361e+00
5.100e-01,3.000e+03,1.000e+00,1.400e+00,1.000e+00,4.500e+00,3.985e+00,4.187e+00,4.554e+00,4.628e+00,6.179e+00,1.284e+01,3.431e+00
5.100e-01,3.000e+03,1.000e+00,1.500e+00,1.000e+00,4.500e+00,4.008e+00,4.386e+00,4.581e+00,4.640e+00,6.129e+00,1.278e+01,3.497e+00
5.100e-01,3.000e+03,1.000e+00,1.600e+00,1.000e+00,4.500e+00,4.030e+00,4.587e+00,4.607e+00,4.656e+00,6.049e+00,1.272e+01,3.561e+00
5.100e-01,3.000e+03,1.000e+00,1.700e+00,1.000e+00,4.500e+00,4.051e+00,4.790e+00,4.632e+00,4.674e+00,5.969e+00,1.268e+01,3.620e+00
5.100e-01,3.000e+03,1.000e+00,1.800e+00,1.000e+00,4.500e+00,4.071e+00,4.991e+00,4.657e+00,4.694e+00,5.899e+00,1.264e+01,3.676e+00
5.100e-01,3.000e+03,1.000e+00,1.900e+00,1.000e+00,4.500e+00,4.090e+00,5.190e+00,4.681e+00,4.714e+00,5.840e+00,1.261e+01,3.728e+00
5.100e-01,3.000e+03,1.000e+00,2.000e+00,1.000e+00,4.500e+00,4.107e+00,5.386e+00,4.704e+00,4.735e+00,5.791e+00,1.258e+01,3.778e+00
5.100e-01,3.000e+03,1.000e+00,2.100e+00,1.000e+00,4.500e+00,4.125e+00,5.579e+00,4.727e+00,4.756e+00,5.750e+00,1.256e+01,3.825e+00
5.100e-01,3.000e+03,1.000e+00,2.200e+00,1.000e+00,4.500e+00,4.141e+00,5.768e+00,4.749e+00,4.776e+00,5.715e+00,1.255e+01,3.869e+00
5.100e-01,3.000e+03,1.000e+00,2.300e+00,1.000e+00,4.500e+00,4.157e+00,5.954e+00,4.771e+00,4.797e+00,5.687e+00,1.254e+01,3.913e+00
5.100e-01,3.000e+03,1.000e+00,2.400e+00,1.000e+00,4.500e+00,4.172e+00,6.136e+00,4.792e+00,4.817e+00,5.662e+00,1.253e+01,3.956e+00
5.100e-01,3.000e+03,1.000e+00,2.500e+00,1.000e+00,4.500e+00,4.187e+00,6.315e+00,4.813e+00,4.838e+00,5.641e+00,1.252e+01,3.998e+00
5.100e-01,3.000e+03,1.000e+00,2.600e+00,1.000e+00,4.500e+00,4.201e+00,6.490e+00,4.834e+00,4.858e+00,5.623e+00,1.252e+01,4.041e+00
5.100e-01,3.000e+03,1.000e+00,2.700e+00,1.000e+00,4.500e+00,4.215e+00,6.662e+00,4.854e+00,4.878e+00,5.608e+00,1.252e+01,4.083e+00
5.100e-01,3.000e+03,1.000e+00,2.800e+00,1.000e+00,4.500e+00,4.228e+00,6.830e+00,4.874e+00,4.897e+00,5.595e+00,1.252e+01,4.126e+00
5.100e-01,3.000e+03,1.000e+00,2.900e+00,1.000e+00,4.500e+00,4.241e+00,6.995e+00,4.893e+00,4.916e+00,5.584e+00,1.253e+01,4.170e+00
5.100e-01,3.000e+03,1.000e+00,3.000e+00,1.000e+00,4.500e+00,4.254e+00,7.158e+00,4.913e+00,4.935e+00,5.574e+00,1.253e+01,4.214e+00
5.100e-01,3.000e+03,1.000e+00,3.100e+00,1.000e+00,4.500e+00,4.267e+00,7.317e+00,4.932e+00,4.954e+00,5.566e+00,1.254e+01,4.258e+00
5.100e-01,3.000e+03,1.000e+00,3.200e+00,1.000e+00,4.500e+00,4.279e+00,7.474e+00,4.950e+00,4.973e+00,5.559e+00,1.255e+01,4.304e+00
5.100e-01,3.000e+03,1.000e+00,3.300e+00,1.000e+00,4.500e+00,4.291e+00,7.627e+00,4.969e+00,4.991e+00,5.554e+00,1.256e+01,4.349e+00
5.100e-01,3.000e+03,1.000e+00,3.400e+00,1.000e+00,4.500e+00,4.303e+00,7.779e+00,4.987e+00,5.009e+00,5.549e+00,1.257e+01,4.395e+00
5.100e-01,3.000e+03,1.000e+00,3.500e+00,1.000e+00,4.500e+00,4.315e+00,7.928e+00,5.005e+00,5.027e+00,5.545e+00,1.258e+01,4.441e+00
5.100e-01,3.000e+03,1.000e+00,3.600e+00,1.000e+00,4.500e+00,4.326e+00,8.074e+00,5.023e+00,5.044e+00,5.542e+00,1.259e+01,4.488e+00
5.100e-01,3.000e+03,1.000e+00,3.700e+00,1.000e+00,4.500e+00,4.337e+00,8.218e+00,5.040e+00,5.062e+00,5.540e+00,1.261e+01,4.534e+00
5.100e-01,3.000e+03,1.000e+00,3.800e+00,1.000e+00,4.500e+00,4.348e+00,8.360e+00,5.058e+00,5.079e+00,5.538e+00,1.262e+01,4.580e+00
5.100e-01,3.000e+03,1.000e+00,3.900e+00,1.000e+00,4.500e+00,4.359e+00,8.500e+00,5.075e+00,5.096e+00,5.537e+00,1.264e+01,4.627e+00
5.100e-01,3.000e+03,1.000e+00,4.000e+00,1.000e+00,4.500e+00,4.369e+00,8.638e+00,5.092e+00,5.113e+00,5.537e+00,1.266e+01,4.672e+00
