pf,N,m,T,sigma,cut,enskog_F-CS,enskog_F-kolafa,enskog_F-thol,enskog_F-mecke,enskog_F-gottschalk,enskog_F-hess
1.000e-02,3.000e+03,1.000e+00,1.300e+00,1.000e+00,4.500e+00,2.046e-01,-1.191e-01,-1.165e-01,-1.541e-01,-1.389e-01,-1.423e-01
1.000e-02,3.000e+03,1.000e+00,1.400e+00,1.000e+00,4.500e+00,2.141e-01,-1.437e-01,-1.394e-01,-2.166e-01,-1.503e-01,-1.540e-01
1.000e-02,3.000e+03,1.000e+00,1.500e+00,1.000e+00,4.500e+00,2.233e-01,-1.720e-01,-1.652e-01,-3.256e-01,-1.628e-01,-1.671e-01
1.000e-02,3.000e+03,1.000e+00,1.600e+00,1.000e+00,4.500e+00,2.323e-01,-2.047e-01,-1.943e-01,-5.637e-01,-1.766e-01,-1.816e-01
1.000e-02,3.000e+03,1.000e+00,1.700e+00,1.000e+00,4.500e+00,2.411e-01,-2.428e-01,-2.273e-01,-1.495e+00,-1.921e-01,-1.977e-01
1.000e-02,3.000e+03,1.000e+00,1.800e+00,1.000e+00,4.500e+00,2.498e-01,-2.873e-01,-2.647e-01,3.507e+00,-2.095e-01,-2.160e-01
1.000e-02,3.000e+03,1.000e+00,1.900e+00,1.000e+00,4.500e+00,2.583e-01,-3.398e-01,-3.072e-01,8.940e-01,-2.291e-01,-2.367e-01
1.000e-02,3.000e+03,1.000e+00,2.000e+00,1.000e+00,4.500e+00,2.666e-01,-4.024e-01,-3.558e-01,5.395e-01,-2.515e-01,-2.605e-01
1.000e-02,3.000e+03,1.000e+00,2.100e+00,1.000e+00,4.500e+00,2.748e-01,-4.779e-01,-4.115e-01,3.987e-01,-2.774e-01,-2.880e-01
1.000e-02,3.000e+03,1.000e+00,2.200e+00,1.000e+00,4.500e+00,2.829e-01,-5.702e-01,-4.758e-01,3.231e-01,-3.075e-01,-3.202e-01
1.000e-02,3.000e+03,1.000e+00,2.300e+00,1.000e+00,4.500e+00,2.909e-01,-6.854e-01,-5.505e-01,2.759e-01,-3.431e-01,-3.586e-01
1.000e-02,3.000e+03,1.000e+00,2.400e+00,1.000e+00,4.500e+00,2.988e-01,-8.324e-01,-6.379e-01,2.435e-01,-3.857e-01,-4.049e-01
1.000e-02,3.000e+03,1.000e+00,2.500e+00,1.000e+00,4.500e+00,3.066e-01,-1.026e+00,-7.414e-01,2.200e-01,-4.379e-01,-4.622e-01
1.000e-02,3.000e+03,1.000e+00,2.600e+00,1.000e+00,4.500e+00,3.142e-01,-1.290e+00,-8.653e-01,2.020e-01,-5.031e-01,-5.346e-01
1.000e-02,3.000e+03,1.000e+00,2.700e+00,1.000e+00,4.500e+00,3.218e-01,-1.674e+00,-1.016e+00,1.879e-01,-5.870e-01,-6.293e-01
1.000e-02,3.000e+03,1.000e+00,2.800e+00,1.000e+00,4.500e+00,3.293e-01,-2.275e+00,-1.202e+00,1.764e-01,-6.990e-01,-7.584e-01
1.000e-02,3.000e+03,1.000e+00,2.900e+00,1.000e+00,4.500e+00,3.367e-01,-3.352e+00,-1.437e+00,1.670e-01,-8.560e-01,-9.448e-01
1.000e-02,3.000e+03,1.000e+00,3.000e+00,1.000e+00,4.500e+00,3.440e-01,-5.824e+00,-1.742e+00,1.590e-01,-1.092e+00,-1.238e+00
1.000e-02,3.000e+03,1.000e+00,3.100e+00,1.000e+00,4.500e+00,3.513e-01,-1.730e+01,-2.154e+00,1.522e-01,-1.488e+00,-1.765e+00
1.000e-02,3.000e+03,1.000e+00,3.200e+00,1.000e+00,4.500e+00,3.584e-01,2.227e+01,-2.738e+00,1.464e-01,-2.288e+00,-2.996e+00
1.000e-02,3.000e+03,1.000e+00,3.300e+00,1.000e+00,4.500e+00,3.655e-01,7.257e+00,-3.626e+00,1.413e-01,-4.754e+00,-9.168e+00
1.000e-02,3.000e+03,1.000e+00,3.400e+00,1.000e+00,4.500e+00,3.726e-01,4.504e+00,-5.135e+00,1.368e-01,1.155e+02,9.258e+00
1.000e-02,3.000e+03,1.000e+00,3.500e+00,1.000e+00,4.500e+00,3.796e-01,3.350e+00,-8.257e+00,1.328e-01,4.538e+00,3.146e+00
1.000e-02,3.000e+03,1.000e+00,3.600e+00,1.000e+00,4.500e+00,3.865e-01,2.716e+00,-1.850e+01,1.292e-01,2.352e+00,1.920e+00
1.000e-02,3.000e+03,1.000e+00,3.700e+00,1.000e+00,4.500e+00,3.933e-01,2.317e+00,1.414e+02,1.260e-01,1.604e+00,1.394e+00
1.000e-02,3.000e+03,1.000e+00,3.800e+00,1.000e+00,4.500e+00,4.001e-01,2.042e+00,1.589e+01,1.231e-01,1.226e+00,1.101e+00
1.000e-02,3.000e+03,1.000e+00,3.900e+00,1.000e+00,4.500e+00,4.069e-01,1.842e+00,8.767e+00,1.204e-01,9.984e-01,9.154e-01
1.000e-02,3.000e+03,1.000e+00,4.000e+00,1.000e+00,4.500e+00,4.136e-01,1.691e+00,6.214e+00,1.180e-01,8.460e-01,7.865e-01
3.632e-02,3.000e+03,1.000e+00,1.300e+00,1.000e+00,4.500e+00,2.112e-01,-1.122e-01,-1.151e-01,-1.553e-01,-1.332e-01,-1.481e-01
3.632e-02,3.000e+03,1.000e+00,1.400e+00,1.000e+00,4.500e+00,2.209e-01,-1.374e-01,-1.404e-01,-2.305e-01,-1.446e-01,-1.616e-01
3.632e-02,3.000e+03,1.000e+00,1.500e+00,1.000e+00,4.500e+00,2.303e-01,-1.669e-01,-1.697e-01,-3.766e-01,-1.573e-01,-1.768e-01
3.632e-02,3.000e+03,1.000e+00,1.600e+00,1.000e+00,4.500e+00,2.396e-01,-2.017e-01,-2.036e-01,-7.774e-01,-1.715e-01,-1.939e-01
3.632e-02,3.000e+03,1.000e+00,1.700e+00,1.000e+00,4.500e+00,2.486e-01,-2.428e-01,-2.430e-01,-6.313e+00,-1.876e-01,-2.136e-01
3.632e-02,3.000e+03,1.000e+00,1.800e+00,1.000e+00,4.500e+00,2.575e-01,-2.919e-01,-2.890e-01,1.280e+00,-2.058e-01,-2.361e-01
3.632e-02,3.000e+03,1.000e+00,1.900e+00,1.000e+00,4.500e+00,2.662e-01,-3.511e-01,-3.430e-01,6.363e-01,-2.266e-01,-2.624e-01
3.632e-02,3.000e+03,1.000e+00,2.000e+00,1.000e+00,4.500e+00,2.748e-01,-4.234e-01,-4.069e-01,4.461e-01,-2.506e-01,-2.933e-01
3.632e-02,3.000e+03,1.000e+00,2.100e+00,1.000e+00,4.500e+00,2.832e-01,-5.131e-01,-4.833e-01,3.555e-01,-2.787e-01,-3.301e-01
3.632e-02,3.000e+03,1.000e+00,2.200e+00,1.000e+00,4.500e+00,2.915e-01,-6.268e-01,-5.755e-01,3.026e-01,-3.118e-01,-3.749e-01
3.632e-02,3.000e+03,1.000e+00,2.300e+00,1.000e+00,4.500e+00,2.997e-01,-7.747e-01,-6.887e-01,2.683e-01,-3.514e-01,-4.303e-01
3.632e-02,3.000e+03,1.000e+00,2.400e+00,1.000e+00,4.500e+00,3.077e-01,-9.742e-01,-8.300e-01,2.442e-01,-3.998e-01,-5.006e-01
3.632e-02,3.000e+03,1.000e+00,2.500e+00,1.000e+00,4.500e+00,3.157e-01,-1.256e+00,-1.011e+00,2.266e-01,-4.600e-01,-5.928e-01
3.632e-02,3.000e+03,1.000e+00,2.600e+00,1.000e+00,4.500e+00,3.235e-01,-1.684e+00,-1.248e+00,2.132e-01,-5.370e-01,-7.187e-01
3.632e-02,3.000e+03,1.000e+00,2.700e+00,1.000e+00,4.500e+00,3.313e-01,-2.404e+00,-1.574e+00,2.027e-01,-6.388e-01,-9.010e-01
3.632e-02,3.000e+03,1.000e+00,2.800e+00,1.000e+00,4.500e+00,3.389e-01,-3.866e+00,-2.046e+00,1.944e-01,-7.798e-01,-1.188e+00
3.632e-02,3.000e+03,1.000e+00,2.900e+00,1.000e+00,4.500e+00,3.465e-01,-8.408e+00,-2.787e+00,1.877e-01,-9.876e-01,-1.706e+00
3.632e-02,3.000e+03,1.000e+00,3.000e+00,1.000e+00,4.500e+00,3.540e-01,1.809e+02,-4.111e+00,1.822e-01,-1.324e+00,-2.921e+00
3.632e-02,3.000e+03,1.000e+00,3.100e+00,1.000e+00,4.500e+00,3.614e-01,8.564e+00,-7.138e+00,1.776e-01,-1.963e+00,-9.106e+00
3.632e-02,3.000e+03,1.000e+00,3.200e+00,1.000e+00,4.500e+00,3.687e-01,4.619e+00,-2.096e+01,1.738e-01,-3.636e+00,8.926e+00
3.632e-02,3.000e+03,1.000e+00,3.300e+00,1.000e+00,4.500e+00,3.760e-01,3.267e+00,2.838e+01,1.707e-01,-1.958e+01,3.089e+00
3.632e-02,3.000e+03,1.000e+00,3.400e+00,1.000e+00,4.500e+00,3.832e-01,2.585e+00,9.100e+00,1.680e-01,6.142e+00,1.902e+00
3.632e-02,3.000e+03,1.000e+00,3.500e+00,1.000e+00,4.500e+00,3.903e-01,2.175e+00,5.642e+00,1.658e-01,2.724e+00,1.391e+00
3.632e-02,3.000e+03,1.000e+00,3.600e+00,1.000e+00,4.500e+00,3.974e-01,1.902e+00,4.200e+00,1.639e-01,1.778e+00,1.107e+00
3.632e-02,3.000e+03,1.000e+00,3.700e+00,1.000e+00,4.500e+00,4.044e-01,1.708e+00,3.410e+00,1.624e-01,1.335e+00,9.267e-01
3.632e-02,3.000e+03,1.000e+00,3.800e+00,1.000e+00,4.500e+00,4.113e-01,1.563e+00,2.913e+00,1.611e-01,1.078e+00,8.018e-01
3.632e-02,3.000e+03,1.000e+00,3.900e+00,1.000e+00,4.500e+00,4.182e-01,1.451e+00,2.573e+00,1.601e-01,9.109e-01,7.103e-01
3.632e-02,3.000e+03,1.000e+00,4.000e+00,1.000e+00,4.500e+00,4.250e-01,1.362e+00,2.325e+00,1.592e-01,7.931e-01,6.405e-01
6.263e-02,3.000e+03,1.000e+00,1.300e+00,1.000e+00,4.500e+00,2.235e-01,-1.132e-01,-1.152e-01,-1.639e-01,-1.322e-01,-1.647e-01
6.263e-02,3.000e+03,1.000e+00,1.400e+00,1.000e+00,4.500e+00,2.336e-01,-1.396e-01,-1.412e-01,-2.570e-01,-1.439e-01,-1.811e-01
6.263e-02,3.000e+03,1.000e+00,1.500e+00,1.000e+00,4.500e+00,2.434e-01,-1.714e-01,-1.718e-01,-4.679e-01,-1.570e-01,-2.000e-01
6.263e-02,3.000e+03,1.000e+00,1.600e+00,1.000e+00,4.500e+00,2.530e-01,-2.099e-01,-2.078e-01,-1.344e+00,-1.718e-01,-2.219e-01
6.263e-02,3.000e+03,1.000e+00,1.700e+00,1.000e+00,4.500e+00,2.624e-01,-2.568e-01,-2.505e-01,2.740e+00,-1.887e-01,-2.476e-01
6.263e-02,3.000e+03,1.000e+00,1.800e+00,1.000e+00,4.500e+00,2.716e-01,-3.145e-01,-3.012e-01,7.997e-01,-2.081e-01,-2.780e-01
6.263e-02,3.000e+03,1.000e+00,1.900e+00,1.000e+00,4.500e+00,2.806e-01,-3.865e-01,-3.621e-01,5.103e-01,-2.305e-01,-3.146e-01
6.263e-02,3.000e+03,1.000e+00,2.000e+00,1.000e+00,4.500e+00,2.895e-01,-4.779e-01,-4.358e-01,3.955e-01,-2.567e-01,-3.593e-01
6.263e-02,3.000e+03,1.000e+00,2.100e+00,1.000e+00,4.500e+00,2.982e-01,-5.970e-01,-5.261e-01,3.350e-01,-2.877e-01,-4.152e-01
6.263e-02,3.000e+03,1.000e+00,2.200e+00,1.000e+00,4.500e+00,3.068e-01,-7.572e-01,-6.385e-01,2.983e-01,-3.249e-01,-4.869e-01
6.263e-02,3.000e+03,1.000e+00,2.300e+00,1.000e+00,4.500e+00,3.153e-01,-9.827e-01,-7.815e-01,2.743e-01,-3.702e-01,-5.818e-01
6.263e-02,3.000e+03,1.000e+00,2.400e+00,1.000e+00,4.500e+00,3.236e-01,-1.321e+00,-9.680e-01,2.577e-01,-4.266e-01,-7.133e-01
6.263e-02,3.000e+03,1.000e+00,2.500e+00,1.000e+00,4.500e+00,3.318e-01,-1.882e+00,-1.220e+00,2.460e-01,-4.985e-01,-9.069e-01
6.263e-02,3.000e+03,1.000e+00,2.600e+00,1.000e+00,4.500e+00,3.399e-01,-2.983e+00,-1.578e+00,2.374e-01,-5.932e-01,-1.220e+00
6.263e-02,3.000e+03,1.000e+00,2.700e+00,1.000e+00,4.500e+00,3.479e-01,-6.099e+00,-2.123e+00,2.313e-01,-7.234e-01,-1.809e+00
6.263e-02,3.000e+03,1.000e+00,2.800e+00,1.000e+00,4.500e+00,3.558e-01,-7.315e+01,-3.044e+00,2.268e-01,-9.131e-01,-3.326e+00
6.263e-02,3.000e+03,1.000e+00,2.900e+00,1.000e+00,4.500e+00,3.636e-01,8.426e+00,-4.933e+00,2.236e-01,-1.214e+00,-1.590e+01
6.263e-02,3.000e+03,1.000e+00,3.000e+00,1.000e+00,4.500e+00,3.713e-01,4.243e+00,-1.093e+01,2.215e-01,-1.765e+00,6.201e+00
6.263e-02,3.000e+03,1.000e+00,3.100e+00,1.000e+00,4.500e+00,3.789e-01,2.947e+00,1.384e+02,2.201e-01,-3.090e+00,2.685e+00
6.263e-02,3.000e+03,1.000e+00,3.200e+00,1.000e+00,4.500e+00,3.865e-01,2.317e+00,1.052e+01,2.194e-01,-1.061e+01,1.751e+00
6.263e-02,3.000e+03,1.000e+00,3.300e+00,1.000e+00,4.500e+00,3.939e-01,1.946e+00,5.763e+00,2.193e-01,8.170e+00,1.319e+00
6.263e-02,3.000e+03,1.000e+00,3.400e+00,1.000e+00,4.500e+00,4.013e-01,1.703e+00,4.104e+00,2.196e-01,3.060e+00,1.070e+00
6.263e-02,3.000e+03,1.000e+00,3.500e+00,1.000e+00,4.500e+00,4.087e-01,1.531e+00,3.262e+00,2.203e-01,1.925e+00,9.096e-01
6.263e-02,3.000e+03,1.000e+00,3.600e+00,1.000e+00,4.500e+00,4.159e-01,1.404e+00,2.754e+00,2.213e-01,1.426e+00,7.971e-01
6.263e-02,3.000e+03,1.000e+00,3.700e+00,1.000e+00,4.500e+00,4.231e-01,1.306e+00,2.415e+00,2.226e-01,1.146e+00,7.143e-01
6.263e-02,3.000e+03,1.000e+00,3.800e+00,1.000e+00,4.500e+00,4.303e-01,1.230e+00,2.174e+00,2.242e-01,9.678e-01,6.509e-01
6.263e-02,3.000e+03,1.000e+00,3.900e+00,1.000e+00,4.500e+00,4.374e-01,1.168e+00,1.994e+00,2.260e-01,8.441e-01,6.009e-01
6.263e-02,3.000e+03,1.000e+00,4.000e+00,1.000e+00,4.500e+00,4.444e-01,1.117e+00,1.855e+00,2.279e-01,7.537e-01,5.607e-01
8.895e-02,3.000e+03,1.000e+00,1.300e+00,1.000e+00,4.500e+00,2.419e-01,-1.204e-01,-1.190e-01,-1.782e-01,-1.360e-01,-1.976e-01
8.895e-02,3.000e+03,1.000e+00,1.400e+00,1.000e+00,4.500e+00,2.525e-01,-1.488e-01,-1.453e-01,-2.985e-01,-1.482e-01,-2.197e-01
8.895e-02,3.000e+03,1.000e+00,1.500e+00,1.000e+00,4.500e+00,2.629e-01,-1.844e-01,-1.769e-01,-6.405e-01,-1.621e-01,-2.460e-01
8.895e-02,3.000e+03,1.000e+00,1.600e+00,1.000e+00,4.500e+00,2.729e-01,-2.292e-01,-2.151e-01,-5.535e+00,-1.780e-01,-2.775e-01
8.895e-02,3.000e+03,1.000e+00,1.700e+00,1.000e+00,4.500e+00,2.828e-01,-2.859e-01,-2.612e-01,1.151e+00,-1.962e-01,-3.159e-01
8.895e-02,3.000e+03,1.000e+00,1.800e+00,1.000e+00,4.500e+00,2.925e-01,-3.588e-01,-3.175e-01,6.028e-01,-2.174e-01,-3.635e-01
8.895e-02,3.000e+03,1.000e+00,1.900e+00,1.000e+00,4.500e+00,3.019e-01,-4.545e-01,-3.867e-01,4.447e-01,-2.422e-01,-4.240e-01
8.895e-02,3.000e+03,1.000e+00,2.000e+00,1.000e+00,4.500e+00,3.112e-01,-5.840e-01,-4.729e-01,3.725e-01,-2.716e-01,-5.030e-01
8.895e-02,3.000e+03,1.000e+00,2.100e+00,1.000e+00,4.500e+00,3.203e-01,-7.667e-01,-5.821e-01,3.329e-01,-3.070e-01,-6.103e-01
8.895e-02,3.000e+03,1.000e+00,2.200e+00,1.000e+00,4.500e+00,3.293e-01,-1.041e+00,-7.234e-01,3.093e-01,-3.503e-01,-7.636e-01
8.895e-02,3.000e+03,1.000e+00,2.300e+00,1.000e+00,4.500e+00,3.381e-01,-1.494e+00,-9.117e-01,2.947e-01,-4.044e-01,-9.995e-01
8.895e-02,3.000e+03,1.000e+00,2.400e+00,1.000e+00,4.500e+00,3.468e-01,-2.374e+00,-1.173e+00,2.856e-01,-4.734e-01,-1.408e+00
8.895e-02,3.000e+03,1.000e+00,2.500e+00,1.000e+00,4.500e+00,3.554e-01,-4.792e+00,-1.558e+00,2.802e-01,-5.645e-01,-2.279e+00
8.895e-02,3.000e+03,1.000e+00,2.600e+00,1.000e+00,4.500e+00,3.638e-01,-3.879e+01,-2.174e+00,2.774e-01,-6.896e-01,-5.407e+00
8.895e-02,3.000e+03,1.000e+00,2.700e+00,1.000e+00,4.500e+00,3.721e-01,7.554e+00,-3.311e+00,2.764e-01,-8.715e-01,1.925e+01
8.895e-02,3.000e+03,1.000e+00,2.800e+00,1.000e+00,4.500e+00,3.803e-01,3.708e+00,-6.088e+00,2.769e-01,-1.159e+00,3.669e+00
8.895e-02,3.000e+03,1.000e+00,2.900e+00,1.000e+00,4.500e+00,3.885e-01,2.569e+00,-2.289e+01,2.784e-01,-1.678e+00,2.094e+00
8.895e-02,3.000e+03,1.000e+00,3.000e+00,1.000e+00,4.500e+00,3.965e-01,2.024e+00,1.608e+01,2.808e-01,-2.894e+00,1.497e+00
8.895e-02,3.000e+03,1.000e+00,3.100e+00,1.000e+00,4.500e+00,4.044e-01,1.707e+00,6.430e+00,2.840e-01,-8.980e+00,1.185e+00
8.895e-02,3.000e+03,1.000e+00,3.200e+00,1.000e+00,4.500e+00,4.123e-01,1.500e+00,4.202e+00,2.877e-01,9.322e+00,9.933e-01
8.895e-02,3.000e+03,1.000e+00,3.300e+00,1.000e+00,4.500e+00,4.200e-01,1.356e+00,3.215e+00,2.919e-01,3.215e+00,8.644e-01
8.895e-02,3.000e+03,1.000e+00,3.400e+00,1.000e+00,4.500e+00,4.277e-01,1.249e+00,2.660e+00,2.966e-01,1.997e+00,7.721e-01
8.895e-02,3.000e+03,1.000e+00,3.500e+00,1.000e+00,4.500e+00,4.353e-01,1.168e+00,2.306e+00,3.016e-01,1.477e+00,7.032e-01
8.895e-02,3.000e+03,1.000e+00,3.600e+00,1.000e+00,4.500e+00,4.429e-01,1.104e+00,2.061e+00,3.069e-01,1.190e+00,6.501e-01
8.895e-02,3.000e+03,1.000e+00,3.700e+00,1.000e+00,4.500e+00,4.503e-01,1.053e+00,1.882e+00,3.125e-01,1.009e+00,6.080e-01
8.895e-02,3.000e+03,1.000e+00,3.800e+00,1.000e+00,4.500e+00,4.577e-01,1.011e+00,1.747e+00,3.183e-01,8.844e-01,5.742e-01
8.895e-02,3.000e+03,1.000e+00,3.900e+00,1.000e+00,4.500e+00,4.651e-01,9.770e-01,1.641e+00,3.244e-01,7.941e-01,5.465e-01
8.895e-02,3.000e+03,1.000e+00,4.000e+00,1.000e+00,4.500e+00,4.724e-01,9.483e-01,1.557e+00,3.306e-01,7.259e-01,5.237e-01
1.153e-01,3.000e+03,1.000e+00,1.300e+00,1.000e+00,4.500e+00,2.675e-01,-1.319e-01,-1.267e-01,-1.975e-01,-1.441e-01,-2.639e-01
1.153e-01,3.000e+03,1.000e+00,1.400e+00,1.000e+00,4.500e+00,2.788e-01,-1.634e-01,-1.532e-01,-3.622e-01,-1.575e-01,-2.994e-01
1.153e-01,3.000e+03,1.000e+00,1.500e+00,1.000e+00,4.500e+00,2.898e-01,-2.048e-01,-1.860e-01,-1.046e+00,-1.727e-01,-3.437e-01
1.153e-01,3.000e+03,1.000e+00,1.600e+00,1.000e+00,4.500e+00,3.006e-01,-2.595e-01,-2.267e-01,2.671e+00,-1.902e-01,-4.000e-01
1.153e-01,3.000e+03,1.000e+00,1.700e+00,1.000e+00,4.500e+00,3.110e-01,-3.327e-01,-2.777e-01,7.583e-01,-2.106e-01,-4.738e-01
1.153e-01,3.000e+03,1.000e+00,1.800e+00,1.000e+00,4.500e+00,3.213e-01,-4.327e-01,-3.417e-01,5.076e-01,-2.347e-01,-5.738e-01
1.153e-01,3.000e+03,1.000e+00,1.900e+00,1.000e+00,4.500e+00,3.313e-01,-5.746e-01,-4.231e-01,4.153e-01,-2.633e-01,-7.164e-01
1.153e-01,3.000e+03,1.000e+00,2.000e+00,1.000e+00,4.500e+00,3.411e-01,-7.876e-01,-5.282e-01,3.714e-01,-2.979e-01,-9.343e-01
1.153e-01,3.000e+03,1.000e+00,2.100e+00,1.000e+00,4.500e+00,3.507e-01,-1.136e+00,-6.674e-01,3.485e-01,-3.405e-01,-1.306e+00
1.153e-01,3.000e+03,1.000e+00,2.200e+00,1.000e+00,4.500e+00,3.602e-01,-1.800e+00,-8.578e-01,3.367e-01,-3.939e-01,-2.076e+00
1.153e-01,3.000e+03,1.000e+00,2.300e+00,1.000e+00,4.500e+00,3.695e-01,-3.518e+00,-1.131e+00,3.316e-01,-4.626e-01,-4.592e+00
1.153e-01,3.000e+03,1.000e+00,2.400e+00,1.000e+00,4.500e+00,3.787e-01,-1.784e+01,-1.550e+00,3.306e-01,-5.539e-01,3.789e+01
1.153e-01,3.000e+03,1.000e+00,2.500e+00,1.000e+00,4.500e+00,3.877e-01,7.312e+00,-2.269e+00,3.326e-01,-6.801e-01,3.975e+00
1.153e-01,3.000e+03,1.000e+00,2.600e+00,1.000e+00,4.500e+00,3.966e-01,3.329e+00,-3.767e+00,3.366e-01,-8.653e-01,2.181e+00
1.153e-01,3.000e+03,1.000e+00,2.700e+00,1.000e+00,4.500e+00,4.053e-01,2.273e+00,-8.727e+00,3.422e-01,-1.161e+00,1.543e+00
1.153e-01,3.000e+03,1.000e+00,2.800e+00,1.000e+00,4.500e+00,4.140e-01,1.788e+00,6.302e+01,3.490e-01,-1.704e+00,1.218e+00
1.153e-01,3.000e+03,1.000e+00,2.900e+00,1.000e+00,4.500e+00,4.225e-01,1.511e+00,7.749e+00,3.567e-01,-3.015e+00,1.022e+00
1.153e-01,3.000e+03,1.000e+00,3.000e+00,1.000e+00,4.500e+00,4.309e-01,1.333e+00,4.394e+00,3.653e-01,-1.051e+01,8.923e-01
1.153e-01,3.000e+03,1.000e+00,3.100e+00,1.000e+00,4.500e+00,4.393e-01,1.210e+00,3.189e+00,3.745e-01,8.114e+00,8.005e-01
1.153e-01,3.000e+03,1.000e+00,3.200e+00,1.000e+00,4.500e+00,4.475e-01,1.121e+00,2.571e+00,3.842e-01,3.083e+00,7.327e-01
1.153e-01,3.000e+03,1.000e+00,3.300e+00,1.000e+00,4.500e+00,4.556e-01,1.053e+00,2.198e+00,3.944e-01,1.965e+00,6.811e-01
1.153e-01,3.000e+03,1.000e+00,3.400e+00,1.000e+00,4.500e+00,4.637e-01,1.000e+00,1.949e+00,4.051e-01,1.476e+00,6.409e-01
1.153e-01,3.000e+03,1.000e+00,3.500e+00,1.000e+00,4.500e+00,4.716e-01,9.589e-01,1.772e+00,4.161e-01,1.203e+00,6.090e-01
1.153e-01,3.000e+03,1.000e+00,3.600e+00,1.000e+00,4.500e+00,4.795e-01,9.254e-01,1.640e+00,4.274e-01,1.029e+00,5.834e-01
1.153e-01,3.000e+03,1.000e+00,3.700e+00,1.000e+00,4.500e+00,4.873e-01,8.981e-01,1.539e+00,4.390e-01,9.108e-01,5.627e-01
1.153e-01,3.000e+03,1.000e+00,3.800e+00,1.000e+00,4.500e+00,4.951e-01,8.755e-01,1.460e+00,4.509e-01,8.249e-01,5.458e-01
1.153e-01,3.000e+03,1.000e+00,3.900e+00,1.000e+00,4.500e+00,5.027e-01,8.568e-01,1.396e+00,4.631e-01,7.605e-01,5.320e-01
1.153e-01,3.000e+03,1.000e+00,4.000e+00,1.000e+00,4.500e+00,5.103e-01,8.411e-01,1.344e+00,4.755e-01,7.107e-01,5.207e-01
1.416e-01,3.000e+03,1.000e+00,1.300e+00,1.000e+00,4.500e+00,3.017e-01,-1.464e-01,-1.380e-01,-2.234e-01,-1.564e-01,-4.344e-01
1.416e-01,3.000e+03,1.000e+00,1.400e+00,1.000e+00,4.500e+00,3.140e-01,-1.822e-01,-1.658e-01,-4.713e-01,-1.716e-01,-5.167e-01
1.416e-01,3.000e+03,1.000e+00,1.500e+00,1.000e+00,4.500e+00,3.258e-01,-2.322e-01,-2.007e-01,-3.024e+00,-1.892e-01,-6.314e-01
1.416e-01,3.000e+03,1.000e+00,1.600e+00,1.000e+00,4.500e+00,3.373e-01,-3.025e-01,-2.459e-01,1.118e+00,-2.096e-01,-8.006e-01
1.416e-01,3.000e+03,1.000e+00,1.700e+00,1.000e+00,4.500e+00,3.486e-01,-4.035e-01,-3.046e-01,5.960e-01,-2.337e-01,-1.072e+00
1.416e-01,3.000e+03,1.000e+00,1.800e+00,1.000e+00,4.500e+00,3.595e-01,-5.548e-01,-3.813e-01,4.647e-01,-2.626e-01,-1.573e+00
1.416e-01,3.000e+03,1.000e+00,1.900e+00,1.000e+00,4.500e+00,3.703e-01,-7.981e-01,-4.831e-01,4.130e-01,-2.977e-01,-2.785e+00
1.416e-01,3.000e+03,1.000e+00,2.000e+00,1.000e+00,4.500e+00,3.807e-01,-1.241e+00,-6.218e-01,3.909e-01,-3.413e-01,-9.749e+00
1.416e-01,3.000e+03,1.000e+00,2.100e+00,1.000e+00,4.500e+00,3.910e-01,-2.264e+00,-8.178e-01,3.830e-01,-3.966e-01,7.486e+00
1.416e-01,3.000e+03,1.000e+00,2.200e+00,1.000e+00,4.500e+00,4.011e-01,-6.960e+00,-1.111e+00,3.832e-01,-4.684e-01,2.859e+00
1.416e-01,3.000e+03,1.000e+00,2.300e+00,1.000e+00,4.500e+00,4.110e-01,9.884e+00,-1.589e+00,3.883e-01,-5.652e-01,1.830e+00
1.416e-01,3.000e+03,1.000e+00,2.400e+00,1.000e+00,4.500e+00,4.208e-01,3.298e+00,-2.493e+00,3.967e-01,-7.013e-01,1.380e+00
1.416e-01,3.000e+03,1.000e+00,2.500e+00,1.000e+00,4.500e+00,4.304e-01,2.125e+00,-4.802e+00,4.074e-01,-9.054e-01,1.130e+00
1.416e-01,3.000e+03,1.000e+00,2.600e+00,1.000e+00,4.500e+00,4.398e-01,1.639e+00,-2.245e+01,4.199e-01,-1.242e+00,9.727e-01
1.416e-01,3.000e+03,1.000e+00,2.700e+00,1.000e+00,4.500e+00,4.491e-01,1.377e+00,1.053e+01,4.338e-01,-1.894e+00,8.655e-01
1.416e-01,3.000e+03,1.000e+00,2.800e+00,1.000e+00,4.500e+00,4.583e-01,1.214e+00,4.670e+00,4.487e-01,-3.672e+00,7.887e-01
1.416e-01,3.000e+03,1.000e+00,2.900e+00,1.000e+00,4.500e+00,4.673e-01,1.104e+00,3.160e+00,4.645e-01,-2.649e+01,7.317e-01
1.416e-01,3.000e+03,1.000e+00,3.000e+00,1.000e+00,4.500e+00,4.762e-01,1.026e+00,2.473e+00,4.811e-01,5.669e+00,6.883e-01
1.416e-01,3.000e+03,1.000e+00,3.100e+00,1.000e+00,4.500e+00,4.850e-01,9.677e-01,2.082e+00,4.982e-01,2.696e+00,6.548e-01
1.416e-01,3.000e+03,1.000e+00,3.200e+00,1.000e+00,4.500e+00,4.937e-01,9.237e-01,1.832e+00,5.160e-01,1.829e+00,6.286e-01
1.416e-01,3.000e+03,1.000e+00,3.300e+00,1.000e+00,4.500e+00,5.023e-01,8.895e-01,1.659e+00,5.342e-01,1.418e+00,6.079e-01
1.416e-01,3.000e+03,1.000e+00,3.400e+00,1.000e+00,4.500e+00,5.108e-01,8.625e-01,1.533e+00,5.529e-01,1.181e+00,5.917e-01
1.416e-01,3.000e+03,1.000e+00,3.500e+00,1.000e+00,4.500e+00,5.192e-01,8.410e-01,1.438e+00,5.719e-01,1.028e+00,5.789e-01
1.416e-01,3.000e+03,1.000e+00,3.600e+00,1.000e+00,4.500e+00,5.276e-01,8.236e-01,1.365e+00,5.914e-01,9.220e-01,5.690e-01
1.416e-01,3.000e+03,1.000e+00,3.700e+00,1.000e+00,4.500e+00,5.358e-01,8.096e-01,1.307e+00,6.112e-01,8.453e-01,5.614e-01
1.416e-01,3.000e+03,1.000e+00,3.800e+00,1.000e+00,4.500e+00,5.439e-01,7.983e-01,1.260e+00,6.313e-01,7.878e-01,5.557e-01
1.416e-01,3.000e+03,1.000e+00,3.900e+00,1.000e+00,4.500e+00,5.520e-01,7.890e-01,1.222e+00,6.518e-01,7.439e-01,5.518e-01
1.416e-01,3.000e+03,1.000e+00,4.000e+00,1.000e+00,4.500e+00,5.600e-01,7.816e-01,1.190e+00,6.725e-01,7.096e-01,5.492e-01
1.679e-01,3.000e+03,1.000e+00,1.300e+00,1.000e+00,4.500e+00,3.464e-01,-1.628e-01,-1.551e-01,-2.617e-01,-1.727e-01,-1.447e+00
1.679e-01,3.000e+03,1.000e+00,1.400e+00,1.000e+00,4.500e+00,3.597e-01,-2.042e-01,-1.825e-01,-7.063e-01,-1.913e-01,-2.270e+00
1.679e-01,3.000e+03,1.000e+00,1.500e+00,1.000e+00,4.500e+00,3.726e-01,-2.667e-01,-2.215e-01,3.358e+00,-2.130e-01,-5.003e+00
1.679e-01,3.000e+03,1.000e+00,1.600e+00,1.000e+00,4.500e+00,3.851e-01,-3.617e-01,-2.743e-01,7.472e-01,-2.386e-01,3.570e+01
1.679e-01,3.000e+03,1.000e+00,1.700e+00,1.000e+00,4.500e+00,3.973e-01,-5.122e-01,-3.461e-01,5.244e-01,-2.695e-01,4.149e+00
1.679e-01,3.000e+03,1.000e+00,1.800e+00,1.000e+00,4.500e+00,4.091e-01,-7.716e-01,-4.448e-01,4.574e-01,-3.073e-01,2.284e+00
1.679e-01,3.000e+03,1.000e+00,1.900e+00,1.000e+00,4.500e+00,4.207e-01,-1.296e+00,-5.839e-01,4.354e-01,-3.548e-01,1.619e+00
1.679e-01,3.000e+03,1.000e+00,2.000e+00,1.000e+00,4.500e+00,4.320e-01,-2.823e+00,-7.889e-01,4.325e-01,-4.158e-01,1.281e+00
1.679e-01,3.000e+03,1.000e+00,2.100e+00,1.000e+00,4.500e+00,4.431e-01,-4.533e+01,-1.112e+00,4.396e-01,-4.967e-01,1.079e+00
1.679e-01,3.000e+03,1.000e+00,2.200e+00,1.000e+00,4.500e+00,4.540e-01,4.115e+00,-1.684e+00,4.526e-01,-6.080e-01,9.470e-01
1.679e-01,3.000e+03,1.000e+00,2.300e+00,1.000e+00,4.500e+00,4.646e-01,2.197e+00,-2.935e+00,4.694e-01,-7.696e-01,8.548e-01
1.679e-01,3.000e+03,1.000e+00,2.400e+00,1.000e+00,4.500e+00,4.751e-01,1.598e+00,-7.674e+00,4.890e-01,-1.023e+00,7.880e-01
1.679e-01,3.000e+03,1.000e+00,2.500e+00,1.000e+00,4.500e+00,4.854e-01,1.311e+00,2.211e+01,5.105e-01,-1.470e+00,7.383e-01
1.679e-01,3.000e+03,1.000e+00,2.600e+00,1.000e+00,4.500e+00,4.955e-01,1.144e+00,5.205e+00,5.335e-01,-2.455e+00,7.006e-01
1.679e-01,3.000e+03,1.000e+00,2.700e+00,1.000e+00,4.500e+00,5.054e-01,1.037e+00,3.170e+00,5.578e-01,-6.333e+00,6.718e-01
1.679e-01,3.000e+03,1.000e+00,2.800e+00,1.000e+00,4.500e+00,5.152e-01,9.638e-01,2.385e+00,5.831e-01,1.467e+01,6.497e-01
1.679e-01,3.000e+03,1.000e+00,2.900e+00,1.000e+00,4.500e+00,5.249e-01,9.116e-01,1.972e+00,6.092e-01,3.680e+00,6.329e-01
1.679e-01,3.000e+03,1.000e+00,3.000e+00,1.000e+00,4.500e+00,5.344e-01,8.731e-01,1.720e+00,6.361e-01,2.203e+00,6.201e-01
1.679e-01,3.000e+03,1.000e+00,3.100e+00,1.000e+00,4.500e+00,5.438e-01,8.442e-01,1.552e+00,6.636e-01,1.624e+00,6.107e-01
1.679e-01,3.000e+03,1.000e+00,3.200e+00,1.000e+00,4.500e+00,5.530e-01,8.222e-01,1.432e+00,6.917e-01,1.318e+00,6.040e-01
1.679e-01,3.000e+03,1.000e+00,3.300e+00,1.000e+00,4.500e+00,5.622e-01,8.053e-01,1.344e+00,7.204e-01,1.131e+00,5.996e-01
1.679e-01,3.000e+03,1.000e+00,3.400e+00,1.000e+00,4.500e+00,5.712e-01,7.923e-01,1.278e+00,7.496e-01,1.007e+00,5.972e-01
1.679e-01,3.000e+03,1.000e+00,3.500e+00,1.000e+00,4.500e+00,5.802e-01,7.823e-01,1.226e+00,7.793e-01,9.198e-01,5.963e-01
1.679e-01,3.000e+03,1.000e+00,3.600e+00,1.000e+00,4.500e+00,5.890e-01,7.748e-01,1.184e+00,8.095e-01,8.563e-01,5.970e-01
1.679e-01,3.000e+03,1.000e+00,3.700e+00,1.000e+00,4.500e+00,5.977e-01,7.691e-01,1.151e+00,8.400e-01,8.089e-01,5.988e-01
1.679e-01,3.000e+03,1.000e+00,3.800e+00,1.000e+00,4.500e+00,6.064e-01,7.650e-01,1.125e+00,8.710e-01,7.729e-01,6.017e-01
1.679e-01,3.000e+03,1.000e+00,3.900e+00,1.000e+00,4.500e+00,6.149e-01,7.622e-01,1.103e+00,9.024e-01,7.455e-01,6.056e-01
1.679e-01,3.000e+03,1.000e+00,4.000e+00,1.000e+00,4.500e+00,6.234e-01,7.605e-01,1.086e+00,9.342e-01,7.245e-01,6.104e-01
1.942e-01,3.000e+03,1.000e+00,1.300e+00,1.000e+00,4.500e+00,4.036e-01,-1.802e-01,-1.725e-01,-3.223e-01,-1.938e-01,1.295e+00
1.942e-01,3.000e+03,1.000e+00,1.400e+00,1.000e+00,4.500e+00,4.183e-01,-2.290e-01,-2.026e-01,-1.492e+00,-2.185e-01,1.135e+00
1.942e-01,3.000e+03,1.000e+00,1.500e+00,1.000e+00,4.500e+00,4.324e-01,-3.093e-01,-2.482e-01,1.156e+00,-2.481e-01,1.013e+00
1.942e-01,3.000e+03,1.000e+00,1.600e+00,1.000e+00,4.500e+00,4.461e-01,-4.444e-01,-3.136e-01,6.083e-01,-2.841e-01,9.194e-01
1.942e-01,3.000e+03,1.000e+00,1.700e+00,1.000e+00,4.500e+00,4.594e-01,-6.912e-01,-4.076e-01,5.058e-01,-3.286e-01,8.473e-01
1.942e-01,3.000e+03,1.000e+00,1.800e+00,1.000e+00,4.500e+00,4.723e-01,-1.232e+00,-5.463e-01,4.811e-01,-3.854e-01,7.914e-01
1.942e-01,3.000e+03,1.000e+00,1.900e+00,1.000e+00,4.500e+00,4.850e-01,-3.135e+00,-7.609e-01,4.838e-01,-4.599e-01,7.478e-01
1.942e-01,3.000e+03,1.000e+00,2.000e+00,1.000e+00,4.500e+00,4.973e-01,1.635e+01,-1.122e+00,4.996e-01,-5.615e-01,7.139e-01
1.942e-01,3.000e+03,1.000e+00,2.100e+00,1.000e+00,4.500e+00,5.093e-01,2.827e+00,-1.832e+00,5.227e-01,-7.072e-01,6.875e-01
1.942e-01,3.000e+03,1.000e+00,2.200e+00,1.000e+00,4.500e+00,5.211e-01,1.727e+00,-3.775e+00,5.503e-01,-9.311e-01,6.672e-01
1.942e-01,3.000e+03,1.000e+00,2.300e+00,1.000e+00,4.500e+00,5.326e-01,1.328e+00,-2.767e+01,5.811e-01,-1.314e+00,6.517e-01
1.942e-01,3.000e+03,1.000e+00,2.400e+00,1.000e+00,4.500e+00,5.439e-01,1.127e+00,6.645e+00,6.141e-01,-2.106e+00,6.403e-01
1.942e-01,3.000e+03,1.000e+00,2.500e+00,1.000e+00,4.500e+00,5.550e-01,1.009e+00,3.299e+00,6.488e-01,-4.645e+00,6.322e-01
1.942e-01,3.000e+03,1.000e+00,2.600e+00,1.000e+00,4.500e+00,5.659e-01,9.328e-01,2.334e+00,6.850e-01,5.505e+01,6.269e-01
1.942e-01,3.000e+03,1.000e+00,2.700e+00,1.000e+00,4.500e+00,5.766e-01,8.815e-01,1.882e+00,7.223e-01,4.416e+00,6.241e-01
1.942e-01,3.000e+03,1.000e+00,2.800e+00,1.000e+00,4.500e+00,5.871e-01,8.457e-01,1.622e+00,7.607e-01,2.434e+00,6.232e-01
1.942e-01,3.000e+03,1.000e+00,2.900e+00,1.000e+00,4.500e+00,5.975e-01,8.201e-01,1.456e+00,8.000e-01,1.746e+00,6.242e-01
1.942e-01,3.000e+03,1.000e+00,3.000e+00,1.000e+00,4.500e+00,6.077e-01,8.018e-01,1.343e+00,8.400e-01,1.402e+00,6.267e-01
1.942e-01,3.000e+03,1.000e+00,3.100e+00,1.000e+00,4.500e+00,6.178e-01,7.887e-01,1.261e+00,8.809e-01,1.198e+00,6.305e-01
1.942e-01,3.000e+03,1.000e+00,3.200e+00,1.000e+00,4.500e+00,6.277e-01,7.794e-01,1.201e+00,9.224e-01,1.065e+00,6.356e-01
1.942e-01,3.000e+03,1.000e+00,3.300e+00,1.000e+00,4.500e+00,6.375e-01,7.731e-01,1.155e+00,9.646e-01,9.740e-01,6.418e-01
1.942e-01,3.000e+03,1.000e+00,3.400e+00,1.000e+00,4.500e+00,6.472e-01,7.691e-01,1.119e+00,1.007e+00,9.089e-01,6.489e-01
1.942e-01,3.000e+03,1.000e+00,3.500e+00,1.000e+00,4.500e+00,6.568e-01,7.669e-01,1.092e+00,1.051e+00,8.614e-01,6.569e-01
1.942e-01,3.000e+03,1.000e+00,3.600e+00,1.000e+00,4.500e+00,6.662e-01,7.662e-01,1.070e+00,1.095e+00,8.262e-01,6.657e-01
1.942e-01,3.000e+03,1.000e+00,3.700e+00,1.000e+00,4.500e+00,6.755e-01,7.665e-01,1.053e+00,1.139e+00,8.001e-01,6.753e-01
1.942e-01,3.000e+03,1.000e+00,3.800e+00,1.000e+00,4.500e+00,6.847e-01,7.679e-01,1.039e+00,1.184e+00,7.810e-01,6.855e-01
1.942e-01,3.000e+03,1.000e+00,3.900e+00,1.000e+00,4.500e+00,6.939e-01,7.700e-01,1.029e+00,1.230e+00,7.672e-01,6.964e-01
1.942e-01,3.000e+03,1.000e+00,4.000e+00,1.000e+00,4.500e+00,7.029e-01,7.727e-01,1.021e+00,1.276e+00,7.577e-01,7.078e-01
2.205e-01,3.000e+03,1.000e+00,1.300e+00,1.000e+00,4.500e+00,4.762e-01,-1.985e-01,-1.905e-01,-4.377e-01,-2.214e-01,5.903e-01
2.205e-01,3.000e+03,1.000e+00,1.400e+00,1.000e+00,4.500e+00,4.924e-01,-2.568e-01,-2.269e-01,1.191e+01,-2.586e-01,5.938e-01
2.205e-01,3.000e+03,1.000e+00,1.500e+00,1.000e+00,4.500e+00,5.080e-01,-3.635e-01,-2.840e-01,7.646e-01,-3.054e-01,5.957e-01
2.205e-01,3.000e+03,1.000e+00,1.600e+00,1.000e+00,4.500e+00,5.231e-01,-5.685e-01,-3.716e-01,5.617e-01,-3.651e-01,5.969e-01
2.205e-01,3.000e+03,1.000e+00,1.700e+00,1.000e+00,4.500e+00,5.377e-01,-1.035e+00,-5.084e-01,5.266e-01,-4.431e-01,5.982e-01
2.205e-01,3.000e+03,1.000e+00,1.800e+00,1.000e+00,4.500e+00,5.520e-01,-2.773e+00,-7.339e-01,5.352e-01,-5.495e-01,5.999e-01
2.205e-01,3.000e+03,1.000e+00,1.900e+00,1.000e+00,4.500e+00,5.658e-01,1.104e+01,-1.147e+00,5.616e-01,-7.027e-01,6.023e-01
2.205e-01,3.000e+03,1.000e+00,2.000e+00,1.000e+00,4.500e+00,5.792e-01,2.362e+00,-2.086e+00,5.972e-01,-9.406e-01,6.056e-01
2.205e-01,3.000e+03,1.000e+00,2.100e+00,1.000e+00,4.500e+00,5.924e-01,1.498e+00,-5.971e+00,6.384e-01,-1.356e+00,6.099e-01
2.205e-01,3.000e+03,1.000e+00,2.200e+00,1.000e+00,4.500e+00,6.052e-01,1.181e+00,1.258e+01,6.832e-01,-2.249e+00,6.152e-01
2.205e-01,3.000e+03,1.000e+00,2.300e+00,1.000e+00,4.500e+00,6.178e-01,1.023e+00,3.635e+00,7.307e-01,-5.473e+00,6.215e-01
2.205e-01,3.000e+03,1.000e+00,2.400e+00,1.000e+00,4.500e+00,6.301e-01,9.314e-01,2.324e+00,7.802e-01,2.011e+01,6.287e-01
2.205e-01,3.000e+03,1.000e+00,2.500e+00,1.000e+00,4.500e+00,6.421e-01,8.747e-01,1.806e+00,8.314e-01,3.932e+00,6.370e-01
2.205e-01,3.000e+03,1.000e+00,2.600e+00,1.000e+00,4.500e+00,6.539e-01,8.380e-01,1.533e+00,8.839e-01,2.311e+00,6.461e-01
2.205e-01,3.000e+03,1.000e+00,2.700e+00,1.000e+00,4.500e+00,6.655e-01,8.138e-01,1.369e+00,9.377e-01,1.704e+00,6.561e-01
2.205e-01,3.000e+03,1.000e+00,2.800e+00,1.000e+00,4.500e+00,6.770e-01,7.980e-01,1.260e+00,9.926e-01,1.391e+00,6.669e-01
2.205e-01,3.000e+03,1.000e+00,2.900e+00,1.000e+00,4.500e+00,6.882e-01,7.880e-01,1.185e+00,1.048e+00,1.204e+00,6.785e-01
2.205e-01,3.000e+03,1.000e+00,3.000e+00,1.000e+00,4.500e+00,6.992e-01,7.822e-01,1.132e+00,1.105e+00,1.082e+00,6.909e-01
2.205e-01,3.000e+03,1.000e+00,3.100e+00,1.000e+00,4.500e+00,7.101e-01,7.795e-01,1.092e+00,1.163e+00,9.981e-01,7.039e-01
2.205e-01,3.000e+03,1.000e+00,3.200e+00,1.000e+00,4.500e+00,7.208e-01,7.791e-01,1.063e+00,1.221e+00,9.390e-01,7.176e-01
2.205e-01,3.000e+03,1.000e+00,3.300e+00,1.000e+00,4.500e+00,7.313e-01,7.805e-01,1.041e+00,1.281e+00,8.966e-01,7.319e-01
2.205e-01,3.000e+03,1.000e+00,3.400e+00,1.000e+00,4.500e+00,7.417e-01,7.832e-01,1.024e+00,1.341e+00,8.660e-01,7.468e-01
2.205e-01,3.000e+03,1.000e+00,3.500e+00,1.000e+00,4.500e+00,7.520e-01,7.871e-01,1.012e+00,1.402e+00,8.443e-01,7.623e-01
2.205e-01,3.000e+03,1.000e+00,3.600e+00,1.000e+00,4.500e+00,7.621e-01,7.918e-01,1.003e+00,1.464e+00,8.292e-01,7.784e-01
2.205e-01,3.000e+03,1.000e+00,3.700e+00,1.000e+00,4.500e+00,7.721e-01,7.972e-01,9.968e-01,1.526e+00,8.194e-01,7.949e-01
2.205e-01,3.000e+03,1.000e+00,3.800e+00,1.000e+00,4.500e+00,7.820e-01,8.032e-01,9.926e-01,1.589e+00,8.138e-01,8.119e-01
2.205e-01,3.000e+03,1.000e+00,3.900e+00,1.000e+00,4.500e+00,7.918e-01,8.096e-01,9.901e-01,1.653e+00,8.116e-01,8.294e-01
2.205e-01,3.000e+03,1.000e+00,4.000e+00,1.000e+00,4.500e+00,8.014e-01,8.164e-01,9.889e-01,1.717e+00,8.122e-01,8.473e-01
2.468e-01,3.000e+03,1.000e+00,1.300e+00,1.000e+00,4.500e+00,5.674e-01,-2.181e-01,-2.129e-01,-7.926e-01,-2.604e-01,5.170e-01
2.468e-01,3.000e+03,1.000e+00,1.400e+00,1.000e+00,4.500e+00,5.855e-01,-2.897e-01,-2.601e-01,1.246e+00,-3.267e-01,5.346e-01
2.468e-01,3.000e+03,1.000e+00,1.500e+00,1.000e+00,4.500e+00,6.028e-01,-4.384e-01,-3.403e-01,6.339e-01,-4.190e-01,5.514e-01
2.468e-01,3.000e+03,1.000e+00,1.600e+00,1.000e+00,4.500e+00,6.196e-01,-7.829e-01,-4.762e-01,5.709e-01,-5.497e-01,5.676e-01
2.468e-01,3.000e+03,1.000e+00,1.700e+00,1.000e+00,4.500e+00,6.357e-01,-1.978e+00,-7.198e-01,5.845e-01,-7.451e-01,5.834e-01
2.468e-01,3.000e+03,1.000e+00,1.800e+00,1.000e+00,4.500e+00,6.514e-01,1.860e+01,-1.222e+00,6.239e-01,-1.067e+00,5.991e-01
2.468e-01,3.000e+03,1.000e+00,1.900e+00,1.000e+00,4.500e+00,6.666e-01,2.235e+00,-2.683e+00,6.752e-01,-1.691e+00,6.149e-01
2.468e-01,3.000e+03,1.000e+00,2.000e+00,1.000e+00,4.500e+00,6.814e-01,1.388e+00,-3.245e+01,7.332e-01,-3.403e+00,6.307e-01
2.468e-01,3.000e+03,1.000e+00,2.100e+00,1.000e+00,4.500e+00,6.959e-01,1.101e+00,4.352e+00,7.956e-01,-2.667e+01,6.469e-01
2.468e-01,3.000e+03,1.000e+00,2.200e+00,1.000e+00,4.500e+00,7.099e-01,9.647e-01,2.337e+00,8.611e-01,5.466e+00,6.633e-01
2.468e-01,3.000e+03,1.000e+00,2.300e+00,1.000e+00,4.500e+00,7.237e-01,8.903e-01,1.728e+00,9.289e-01,2.690e+00,6.801e-01
2.468e-01,3.000e+03,1.000e+00,2.400e+00,1.000e+00,4.500e+00,7.371e-01,8.471e-01,1.442e+00,9.987e-01,1.879e+00,6.974e-01
2.468e-01,3.000e+03,1.000e+00,2.500e+00,1.000e+00,4.500e+00,7.502e-01,8.216e-01,1.281e+00,1.070e+00,1.498e+00,7.151e-01
2.468e-01,3.000e+03,1.000e+00,2.600e+00,1.000e+00,4.500e+00,7.631e-01,8.070e-01,1.180e+00,1.143e+00,1.281e+00,7.332e-01
2.468e-01,3.000e+03,1.000e+00,2.700e+00,1.000e+00,4.500e+00,7.757e-01,7.997e-01,1.113e+00,1.217e+00,1.144e+00,7.519e-01
2.468e-01,3.000e+03,1.000e+00,2.800e+00,1.000e+00,4.500e+00,7.881e-01,7.972e-01,1.068e+00,1.293e+00,1.052e+00,7.710e-01
2.468e-01,3.000e+03,1.000e+00,2.900e+00,1.000e+00,4.500e+00,8.003e-01,7.983e-01,1.036e+00,1.370e+00,9.888e-01,7.906e-01
2.468e-01,3.000e+03,1.000e+00,3.000e+00,1.000e+00,4.500e+00,8.123e-01,8.018e-01,1.014e+00,1.447e+00,9.443e-01,8.107e-01
2.468e-01,3.000e+03,1.000e+00,3.100e+00,1.000e+00,4.500e+00,8.240e-01,8.073e-01,9.984e-01,1.526e+00,9.131e-01,8.313e-01
2.468e-01,3.000e+03,1.000e+00,3.200e+00,1.000e+00,4.500e+00,8.356e-01,8.141e-01,9.878e-01,1.606e+00,8.916e-01,8.523e-01
2.468e-01,3.000e+03,1.000e+00,3.300e+00,1.000e+00,4.500e+00,8.470e-01,8.220e-01,9.811e-01,1.687e+00,8.774e-01,8.739e-01
2.468e-01,3.000e+03,1.000e+00,3.400e+00,1.000e+00,4.500e+00,8.582e-01,8.307e-01,9.772e-01,1.769e+00,8.691e-01,8.958e-01
2.468e-01,3.000e+03,1.000e+00,3.500e+00,1.000e+00,4.500e+00,8.693e-01,8.400e-01,9.755e-01,1.852e+00,8.653e-01,9.183e-01
2.468e-01,3.000e+03,1.000e+00,3.600e+00,1.000e+00,4.500e+00,8.802e-01,8.498e-01,9.756e-01,1.936e+00,8.653e-01,9.412e-01
2.468e-01,3.000e+03,1.000e+00,3.700e+00,1.000e+00,4.500e+00,8.910e-01,8.600e-01,9.772e-01,2.022e+00,8.683e-01,9.645e-01
2.468e-01,3.000e+03,1.000e+00,3.800e+00,1.000e+00,4.500e+00,9.016e-01,8.705e-01,9.799e-01,2.107e+00,8.741e-01,9.882e-01
2.468e-01,3.000e+03,1.000e+00,3.900e+00,1.000e+00,4.500e+00,9.121e-01,8.812e-01,9.835e-01,2.194e+00,8.820e-01,1.012e+00
2.468e-01,3.000e+03,1.000e+00,4.000e+00,1.000e+00,4.500e+00,9.225e-01,8.920e-01,9.880e-01,2.282e+00,8.920e-01,1.037e+00
2.732e-01,3.000e+03,1.000e+00,1.300e+00,1.000e+00,4.500e+00,6.816e-01,-2.405e-01,-2.435e-01,-7.816e+00,-3.239e-01,5.788e-01
2.732e-01,3.000e+03,1.000e+00,1.400e+00,1.000e+00,4.500e+00,7.018e-01,-3.336e-01,-3.157e-01,7.618e-01,-4.737e-01,6.018e-01
2.732e-01,3.000e+03,1.000e+00,1.500e+00,1.000e+00,4.500e+00,7.211e-01,-5.604e-01,-4.535e-01,6.147e-01,-7.410e-01,6.246e-01
2.732e-01,3.000e+03,1.000e+00,1.600e+00,1.000e+00,4.500e+00,7.397e-01,-1.276e+00,-7.317e-01,6.300e-01,-1.277e+00,6.474e-01
2.732e-01,3.000e+03,1.000e+00,1.700e+00,1.000e+00,4.500e+00,7.577e-01,-1.634e+01,-1.422e+00,6.845e-01,-2.781e+00,6.702e-01
2.732e-01,3.000e+03,1.000e+00,1.800e+00,1.000e+00,4.500e+00,7.750e-01,2.350e+00,-4.859e+00,7.550e-01,-2.750e+01,6.931e-01
2.732e-01,3.000e+03,1.000e+00,1.900e+00,1.000e+00,4.500e+00,7.918e-01,1.348e+00,6.348e+00,8.338e-01,4.634e+00,7.161e-01
2.732e-01,3.000e+03,1.000e+00,2.000e+00,1.000e+00,4.500e+00,8.082e-01,1.060e+00,2.384e+00,9.178e-01,2.404e+00,7.394e-01
2.732e-01,3.000e+03,1.000e+00,2.100e+00,1.000e+00,4.500e+00,8.240e-01,9.350e-01,1.646e+00,1.005e+00,1.735e+00,7.629e-01
2.732e-01,3.000e+03,1.000e+00,2.200e+00,1.000e+00,4.500e+00,8.395e-01,8.727e-01,1.347e+00,1.096e+00,1.417e+00,7.867e-01
2.732e-01,3.000e+03,1.000e+00,2.300e+00,1.000e+00,4.500e+00,8.545e-01,8.406e-01,1.193e+00,1.188e+00,1.235e+00,8.109e-01
2.732e-01,3.000e+03,1.000e+00,2.400e+00,1.000e+00,4.500e+00,8.692e-01,8.251e-01,1.102e+00,1.283e+00,1.120e+00,8.355e-01
2.732e-01,3.000e+03,1.000e+00,2.500e+00,1.000e+00,4.500e+00,8.836e-01,8.197e-01,1.047e+00,1.380e+00,1.044e+00,8.604e-01
2.732e-01,3.000e+03,1.000e+00,2.600e+00,1.000e+00,4.500e+00,8.977e-01,8.207e-01,1.011e+00,1.478e+00,9.916e-01,8.858e-01
2.732e-01,3.000e+03,1.000e+00,2.700e+00,1.000e+00,4.500e+00,9.114e-01,8.260e-01,9.883e-01,1.578e+00,9.557e-01,9.116e-01
2.732e-01,3.000e+03,1.000e+00,2.800e+00,1.000e+00,4.500e+00,9.249e-01,8.342e-01,9.742e-01,1.679e+00,9.314e-01,9.378e-01
2.732e-01,3.000e+03,1.000e+00,2.900e+00,1.000e+00,4.500e+00,9.382e-01,8.445e-01,9.661e-01,1.782e+00,9.157e-01,9.645e-01
2.732e-01,3.000e+03,1.000e+00,3.000e+00,1.000e+00,4.500e+00,9.512e-01,8.563e-01,9.623e-01,1.886e+00,9.067e-01,9.916e-01
2.732e-01,3.000e+03,1.000e+00,3.100e+00,1.000e+00,4.500e+00,9.639e-01,8.692e-01,9.617e-01,1.991e+00,9.030e-01,1.019e+00
2.732e-01,3.000e+03,1.000e+00,3.200e+00,1.000e+00,4.500e+00,9.765e-01,8.828e-01,9.635e-01,2.098e+00,9.036e-01,1.047e+00
2.732e-01,3.000e+03,1.000e+00,3.300e+00,1.000e+00,4.500e+00,9.888e-01,8.970e-01,9.671e-01,2.206e+00,9.077e-01,1.076e+00
2.732e-01,3.000e+03,1.000e+00,3.400e+00,1.000e+00,4.500e+00,1.001e+00,9.116e-01,9.721e-01,2.316e+00,9.148e-01,1.104e+00
2.732e-01,3.000e+03,1.000e+00,3.500e+00,1.000e+00,4.500e+00,1.013e+00,9.265e-01,9.782e-01,2.427e+00,9.245e-01,1.134e+00
2.732e-01,3.000e+03,1.000e+00,3.600e+00,1.000e+00,4.500e+00,1.025e+00,9.416e-01,9.852e-01,2.539e+00,9.364e-01,1.164e+00
2.732e-01,3.000e+03,1.000e+00,3.700e+00,1.000e+00,4.500e+00,1.036e+00,9.568e-01,9.929e-01,2.652e+00,9.502e-01,1.194e+00
2.732e-01,3.000e+03,1.000e+00,3.800e+00,1.000e+00,4.500e+00,1.048e+00,9.721e-01,1.001e+00,2.767e+00,9.658e-01,1.224e+00
2.732e-01,3.000e+03,1.000e+00,3.900e+00,1.000e+00,4.500e+00,1.059e+00,9.873e-01,1.010e+00,2.883e+00,9.828e-01,1.255e+00
2.732e-01,3.000e+03,1.000e+00,4.000e+00,1.000e+00,4.500e+00,1.070e+00,1.003e+00,1.019e+00,3.000e+00,1.001e+00,1.287e+00
2.995e-01,3.000e+03,1.000e+00,1.300e+00,1.000e+00,4.500e+00,8.241e-01,-2.693e-01,-2.974e-01,1.213e+00,-4.517e-01,7.278e-01
2.995e-01,3.000e+03,1.000e+00,1.400e+00,1.000e+00,4.500e+00,8.466e-01,-4.047e-01,-4.412e-01,6.650e-01,-9.767e-01,7.554e-01
2.995e-01,3.000e+03,1.000e+00,1.500e+00,1.000e+00,4.500e+00,8.682e-01,-8.202e-01,-7.855e-01,6.690e-01,-3.879e+00,7.831e-01
2.995e-01,3.000e+03,1.000e+00,1.600e+00,1.000e+00,4.500e+00,8.889e-01,-3.768e+00,-1.963e+00,7.405e-01,4.739e+00,8.111e-01
2.995e-01,3.000e+03,1.000e+00,1.700e+00,1.000e+00,4.500e+00,9.089e-01,2.778e+00,3.397e+01,8.342e-01,1.982e+00,8.393e-01
2.995e-01,3.000e+03,1.000e+00,1.800e+00,1.000e+00,4.500e+00,9.281e-01,1.351e+00,2.536e+00,9.384e-01,1.436e+00,8.679e-01
2.995e-01,3.000e+03,1.000e+00,1.900e+00,1.000e+00,4.500e+00,9.467e-01,1.040e+00,1.570e+00,1.049e+00,1.211e+00,8.968e-01
2.995e-01,3.000e+03,1.000e+00,2.000e+00,1.000e+00,4.500e+00,9.647e-01,9.219e-01,1.255e+00,1.163e+00,1.091e+00,9.262e-01
2.995e-01,3.000e+03,1.000e+00,2.100e+00,1.000e+00,4.500e+00,9.822e-01,8.703e-01,1.109e+00,1.281e+00,1.020e+00,9.559e-01
2.995e-01,3.000e+03,1.000e+00,2.200e+00,1.000e+00,4.500e+00,9.992e-01,8.491e-01,1.032e+00,1.402e+00,9.751e-01,9.860e-01
2.995e-01,3.000e+03,1.000e+00,2.300e+00,1.000e+00,4.500e+00,1.016e+00,8.442e-01,9.887e-01,1.525e+00,9.466e-01,1.017e+00
2.995e-01,3.000e+03,1.000e+00,2.400e+00,1.000e+00,4.500e+00,1.032e+00,8.486e-01,9.646e-01,1.651e+00,9.290e-01,1.048e+00
2.995e-01,3.000e+03,1.000e+00,2.500e+00,1.000e+00,4.500e+00,1.048e+00,8.588e-01,9.521e-01,1.778e+00,9.193e-01,1.079e+00
2.995e-01,3.000e+03,1.000e+00,2.600e+00,1.000e+00,4.500e+00,1.063e+00,8.728e-01,9.472e-01,1.907e+00,9.155e-01,1.111e+00
2.995e-01,3.000e+03,1.000e+00,2.700e+00,1.000e+00,4.500e+00,1.078e+00,8.892e-01,9.474e-01,2.039e+00,9.164e-01,1.144e+00
2.995e-01,3.000e+03,1.000e+00,2.800e+00,1.000e+00,4.500e+00,1.093e+00,9.073e-01,9.512e-01,2.172e+00,9.211e-01,1.177e+00
2.995e-01,3.000e+03,1.000e+00,2.900e+00,1.000e+00,4.500e+00,1.107e+00,9.265e-01,9.575e-01,2.307e+00,9.291e-01,1.210e+00
2.995e-01,3.000e+03,1.000e+00,3.000e+00,1.000e+00,4.500e+00,1.121e+00,9.465e-01,9.656e-01,2.444e+00,9.398e-01,1.244e+00
2.995e-01,3.000e+03,1.000e+00,3.100e+00,1.000e+00,4.500e+00,1.135e+00,9.669e-01,9.751e-01,2.583e+00,9.529e-01,1.279e+00
2.995e-01,3.000e+03,1.000e+00,3.200e+00,1.000e+00,4.500e+00,1.149e+00,9.876e-01,9.855e-01,2.724e+00,9.681e-01,1.314e+00
2.995e-01,3.000e+03,1.000e+00,3.300e+00,1.000e+00,4.500e+00,1.162e+00,1.009e+00,9.967e-01,2.866e+00,9.853e-01,1.349e+00
2.995e-01,3.000e+03,1.000e+00,3.400e+00,1.000e+00,4.500e+00,1.175e+00,1.029e+00,1.008e+00,3.010e+00,1.004e+00,1.385e+00
2.995e-01,3.000e+03,1.000e+00,3.500e+00,1.000e+00,4.500e+00,1.188e+00,1.050e+00,1.020e+00,3.156e+00,1.024e+00,1.421e+00
2.995e-01,3.000e+03,1.000e+00,3.600e+00,1.000e+00,4.500e+00,1.201e+00,1.071e+00,1.033e+00,3.303e+00,1.046e+00,1.458e+00
2.995e-01,3.000e+03,1.000e+00,3.700e+00,1.000e+00,4.500e+00,1.213e+00,1.092e+00,1.045e+00,3.452e+00,1.069e+00,1.496e+00
2.995e-01,3.000e+03,1.000e+00,3.800e+00,1.000e+00,4.500e+00,1.226e+00,1.113e+00,1.058e+00,3.603e+00,1.094e+00,1.533e+00
2.995e-01,3.000e+03,1.000e+00,3.900e+00,1.000e+00,4.500e+00,1.238e+00,1.133e+00,1.071e+00,3.755e+00,1.119e+00,1.572e+00
2.995e-01,3.000e+03,1.000e+00,4.000e+00,1.000e+00,4.500e+00,1.250e+00,1.154e+00,1.084e+00,3.909e+00,1.146e+00,1.610e+00
3.258e-01,3.000e+03,1.000e+00,1.300e+00,1.000e+00,4.500e+00,1.002e+00,-3.153e-01,-4.431e-01,7.495e-01,-8.207e-01,9.657e-01
3.258e-01,3.000e+03,1.000e+00,1.400e+00,1.000e+00,4.500e+00,1.027e+00,-5.576e-01,-9.321e-01,7.005e-01,2.364e+01,9.980e-01
3.258e-01,3.000e+03,1.000e+00,1.500e+00,1.000e+00,4.500e+00,1.051e+00,-1.786e+00,-4.650e+00,7.892e-01,1.573e+00,1.031e+00
3.258e-01,3.000e+03,1.000e+00,1.600e+00,1.000e+00,4.500e+00,1.074e+00,3.862e+00,3.013e+00,9.106e-01,1.103e+00,1.064e+00
3.258e-01,3.000e+03,1.000e+00,1.700e+00,1.000e+00,4.500e+00,1.096e+00,1.378e+00,1.511e+00,1.046e+00,9.669e-01,1.097e+00
3.258e-01,3.000e+03,1.000e+00,1.800e+00,1.000e+00,4.500e+00,1.117e+00,1.030e+00,1.168e+00,1.188e+00,9.133e-01,1.131e+00
3.258e-01,3.000e+03,1.000e+00,1.900e+00,1.000e+00,4.500e+00,1.138e+00,9.178e-01,1.033e+00,1.336e+00,8.914e-01,1.166e+00
3.258e-01,3.000e+03,1.000e+00,2.000e+00,1.000e+00,4.500e+00,1.158e+00,8.781e-01,9.712e-01,1.487e+00,8.845e-01,1.201e+00
3.258e-01,3.000e+03,1.000e+00,2.100e+00,1.000e+00,4.500e+00,1.177e+00,8.696e-01,9.425e-01,1.642e+00,8.860e-01,1.237e+00
3.258e-01,3.000e+03,1.000e+00,2.200e+00,1.000e+00,4.500e+00,1.196e+00,8.767e-01,9.315e-01,1.800e+00,8.928e-01,1.273e+00
3.258e-01,3.000e+03,1.000e+00,2.300e+00,1.000e+00,4.500e+00,1.214e+00,8.927e-01,9.307e-01,1.960e+00,9.032e-01,1.310e+00
3.258e-01,3.000e+03,1.000e+00,2.400e+00,1.000e+00,4.500e+00,1.231e+00,9.138e-01,9.362e-01,2.123e+00,9.164e-01,1.347e+00
3.258e-01,3.000e+03,1.000e+00,2.500e+00,1.000e+00,4.500e+00,1.249e+00,9.380e-01,9.457e-01,2.289e+00,9.318e-01,1.385e+00
3.258e-01,3.000e+03,1.000e+00,2.600e+00,1.000e+00,4.500e+00,1.265e+00,9.643e-01,9.579e-01,2.457e+00,9.491e-01,1.424e+00
3.258e-01,3.000e+03,1.000e+00,2.700e+00,1.000e+00,4.500e+00,1.282e+00,9.917e-01,9.719e-01,2.628e+00,9.681e-01,1.463e+00
3.258e-01,3.000e+03,1.000e+00,2.800e+00,1.000e+00,4.500e+00,1.298e+00,1.020e+00,9.871e-01,2.801e+00,9.887e-01,1.503e+00
3.258e-01,3.000e+03,1.000e+00,2.900e+00,1.000e+00,4.500e+00,1.313e+00,1.048e+00,1.003e+00,2.976e+00,1.011e+00,1.543e+00
3.258e-01,3.000e+03,1.000e+00,3.000e+00,1.000e+00,4.500e+00,1.329e+00,1.077e+00,1.020e+00,3.154e+00,1.034e+00,1.584e+00
3.258e-01,3.000e+03,1.000e+00,3.100e+00,1.000e+00,4.500e+00,1.344e+00,1.106e+00,1.036e+00,3.334e+00,1.059e+00,1.625e+00
3.258e-01,3.000e+03,1.000e+00,3.200e+00,1.000e+00,4.500e+00,1.358e+00,1.134e+00,1.053e+00,3.517e+00,1.085e+00,1.667e+00
3.258e-01,3.000e+03,1.000e+00,3.300e+00,1.000e+00,4.500e+00,1.373e+00,1.162e+00,1.070e+00,3.702e+00,1.112e+00,1.710e+00
3.258e-01,3.000e+03,1.000e+00,3.400e+00,1.000e+00,4.500e+00,1.387e+00,1.191e+00,1.087e+00,3.889e+00,1.140e+00,1.753e+00
3.258e-01,3.000e+03,1.000e+00,3.500e+00,1.000e+00,4.500e+00,1.401e+00,1.218e+00,1.104e+00,4.078e+00,1.170e+00,1.797e+00
3.258e-01,3.000e+03,1.000e+00,3.600e+00,1.000e+00,4.500e+00,1.415e+00,1.246e+00,1.121e+00,4.269e+00,1.200e+00,1.841e+00
3.258e-01,3.000e+03,1.000e+00,3.700e+00,1.000e+00,4.500e+00,1.428e+00,1.273e+00,1.138e+00,4.463e+00,1.232e+00,1.886e+00
3.258e-01,3.000e+03,1.000e+00,3.800e+00,1.000e+00,4.500e+00,1.442e+00,1.300e+00,1.155e+00,4.659e+00,1.264e+00,1.932e+00
3.258e-01,3.000e+03,1.000e+00,3.900e+00,1.000e+00,4.500e+00,1.455e+00,1.327e+00,1.171e+00,4.857e+00,1.297e+00,1.977e+00
3.258e-01,3.000e+03,1.000e+00,4.000e+00,1.000e+00,4.500e+00,1.468e+00,1.353e+00,1.187e+00,5.057e+00,1.332e+00,2.024e+00
3.521e-01,3.000e+03,1.000e+00,1.300e+00,1.000e+00,4.500e+00,1.223e+00,-4.193e-01,-1.428e+00,7.257e-01,-4.614e+00,1.311e+00
3.521e-01,3.000e+03,1.000e+00,1.400e+00,1.000e+00,4.500e+00,1.251e+00,-1.101e+00,5.089e+00,8.279e-01,1.230e+00,1.348e+00
3.521e-01,3.000e+03,1.000e+00,1.500e+00,1.000e+00,4.500e+00,1.278e+00,6.864e+00,1.472e+00,9.820e-01,9.012e-01,1.386e+00
3.521e-01,3.000e+03,1.000e+00,1.600e+00,1.000e+00,4.500e+00,1.303e+00,1.397e+00,1.085e+00,1.154e+00,8.453e-01,1.424e+00
3.521e-01,3.000e+03,1.000e+00,1.700e+00,1.000e+00,4.500e+00,1.328e+00,1.018e+00,9.645e-01,1.335e+00,8.425e-01,1.463e+00
3.521e-01,3.000e+03,1.000e+00,1.800e+00,1.000e+00,4.500e+00,1.351e+00,9.178e-01,9.213e-01,1.523e+00,8.565e-01,1.503e+00
3.521e-01,3.000e+03,1.000e+00,1.900e+00,1.000e+00,4.500e+00,1.374e+00,8.940e-01,9.100e-01,1.715e+00,8.770e-01,1.543e+00
3.521e-01,3.000e+03,1.000e+00,2.000e+00,1.000e+00,4.500e+00,1.396e+00,9.011e-01,9.143e-01,1.911e+00,9.004e-01,1.584e+00
3.521e-01,3.000e+03,1.000e+00,2.100e+00,1.000e+00,4.500e+00,1.417e+00,9.231e-01,9.271e-01,2.111e+00,9.255e-01,1.625e+00
3.521e-01,3.000e+03,1.000e+00,2.200e+00,1.000e+00,4.500e+00,1.437e+00,9.530e-01,9.445e-01,2.314e+00,9.516e-01,1.668e+00
3.521e-01,3.000e+03,1.000e+00,2.300e+00,1.000e+00,4.500e+00,1.457e+00,9.872e-01,9.648e-01,2.520e+00,9.786e-01,1.711e+00
3.521e-01,3.000e+03,1.000e+00,2.400e+00,1.000e+00,4.500e+00,1.476e+00,1.024e+00,9.866e-01,2.730e+00,1.006e+00,1.754e+00
3.521e-01,3.000e+03,1.000e+00,2.500e+00,1.000e+00,4.500e+00,1.495e+00,1.062e+00,1.009e+00,2.943e+00,1.035e+00,1.799e+00
3.521e-01,3.000e+03,1.000e+00,2.600e+00,1.000e+00,4.500e+00,1.513e+00,1.101e+00,1.033e+00,3.160e+00,1.064e+00,1.844e+00
3.521e-01,3.000e+03,1.000e+00,2.700e+00,1.000e+00,4.500e+00,1.531e+00,1.140e+00,1.056e+00,3.379e+00,1.094e+00,1.890e+00
3.521e-01,3.000e+03,1.000e+00,2.800e+00,1.000e+00,4.500e+00,1.548e+00,1.179e+00,1.079e+00,3.602e+00,1.125e+00,1.936e+00
3.521e-01,3.000e+03,1.000e+00,2.900e+00,1.000e+00,4.500e+00,1.565e+00,1.218e+00,1.102e+00,3.827e+00,1.157e+00,1.984e+00
3.521e-01,3.000e+03,1.000e+00,3.000e+00,1.000e+00,4.500e+00,1.582e+00,1.256e+00,1.125e+00,4.056e+00,1.190e+00,2.032e+00
3.521e-01,3.000e+03,1.000e+00,3.100e+00,1.000e+00,4.500e+00,1.598e+00,1.294e+00,1.148e+00,4.288e+00,1.223e+00,2.080e+00
3.521e-01,3.000e+03,1.000e+00,3.200e+00,1.000e+00,4.500e+00,1.614e+00,1.331e+00,1.170e+00,4.522e+00,1.258e+00,2.130e+00
3.521e-01,3.000e+03,1.000e+00,3.300e+00,1.000e+00,4.500e+00,1.629e+00,1.368e+00,1.192e+00,4.760e+00,1.293e+00,2.180e+00
3.521e-01,3.000e+03,1.000e+00,3.400e+00,1.000e+00,4.500e+00,1.645e+00,1.405e+00,1.213e+00,5.001e+00,1.330e+00,2.230e+00
3.521e-01,3.000e+03,1.000e+00,3.500e+00,1.000e+00,4.500e+00,1.660e+00,1.441e+00,1.235e+00,5.244e+00,1.367e+00,2.282e+00
3.521e-01,3.000e+03,1.000e+00,3.600e+00,1.000e+00,4.500e+00,1.674e+00,1.476e+00,1.255e+00,5.491e+00,1.405e+00,2.334e+00
3.521e-01,3.000e+03,1.000e+00,3.700e+00,1.000e+00,4.500e+00,1.689e+00,1.511e+00,1.276e+00,5.740e+00,1.444e+00,2.386e+00
3.521e-01,3.000e+03,1.000e+00,3.800e+00,1.000e+00,4.500e+00,1.703e+00,1.545e+00,1.296e+00,5.992e+00,1.484e+00,2.439e+00
3.521e-01,3.000e+03,1.000e+00,3.900e+00,1.000e+00,4.500e+00,1.717e+00,1.579e+00,1.316e+00,6.248e+00,1.525e+00,2.493e+00
3.521e-01,3.000e+03,1.000e+00,4.000e+00,1.000e+00,4.500e+00,1.731e+00,1.612e+00,1.335e+00,6.505e+00,1.567e+00,2.548e+00
3.784e-01,3.000e+03,1.000e+00,1.300e+00,1.000e+00,4.500e+00,1.499e+00,-8.372e-01,1.470e+00,8.532e-01,1.742e+00,1.794e+00
3.784e-01,3.000e+03,1.000e+00,1.400e+00,1.000e+00,4.500e+00,1.530e+00,1.288e+01,1.004e+00,1.045e+00,8.701e-01,1.836e+00
3.784e-01,3.000e+03,1.000e+00,1.500e+00,1.000e+00,4.500e+00,1.560e+00,1.359e+00,9.040e-01,1.261e+00,8.388e-01,1.879e+00
3.784e-01,3.000e+03,1.000e+00,1.600e+00,1.000e+00,4.500e+00,1.588e+00,9.963e-01,8.848e-01,1.489e+00,8.699e-01,1.922e+00
3.784e-01,3.000e+03,1.000e+00,1.700e+00,1.000e+00,4.500e+00,1.615e+00,9.206e-01,8.947e-01,1.725e+00,9.112e-01,1.966e+00
3.784e-01,3.000e+03,1.000e+00,1.800e+00,1.000e+00,4.500e+00,1.640e+00,9.189e-01,9.173e-01,1.966e+00,9.528e-01,2.011e+00
3.784e-01,3.000e+03,1.000e+00,1.900e+00,1.000e+00,4.500e+00,1.665e+00,9.458e-01,9.459e-01,2.212e+00,9.930e-01,2.057e+00
3.784e-01,3.000e+03,1.000e+00,2.000e+00,1.000e+00,4.500e+00,1.689e+00,9.860e-01,9.773e-01,2.462e+00,1.032e+00,2.103e+00
3.784e-01,3.000e+03,1.000e+00,2.100e+00,1.000e+00,4.500e+00,1.712e+00,1.033e+00,1.010e+00,2.717e+00,1.070e+00,2.150e+00
3.784e-01,3.000e+03,1.000e+00,2.200e+00,1.000e+00,4.500e+00,1.734e+00,1.083e+00,1.043e+00,2.977e+00,1.107e+00,2.198e+00
3.784e-01,3.000e+03,1.000e+00,2.300e+00,1.000e+00,4.500e+00,1.755e+00,1.135e+00,1.076e+00,3.240e+00,1.143e+00,2.247e+00
3.784e-01,3.000e+03,1.000e+00,2.400e+00,1.000e+00,4.500e+00,1.776e+00,1.188e+00,1.108e+00,3.508e+00,1.180e+00,2.297e+00
3.784e-01,3.000e+03,1.000e+00,2.500e+00,1.000e+00,4.500e+00,1.796e+00,1.240e+00,1.140e+00,3.780e+00,1.217e+00,2.348e+00
3.784e-01,3.000e+03,1.000e+00,2.600e+00,1.000e+00,4.500e+00,1.816e+00,1.293e+00,1.171e+00,4.056e+00,1.255e+00,2.399e+00
3.784e-01,3.000e+03,1.000e+00,2.700e+00,1.000e+00,4.500e+00,1.835e+00,1.344e+00,1.201e+00,4.336e+00,1.293e+00,2.452e+00
3.784e-01,3.000e+03,1.000e+00,2.800e+00,1.000e+00,4.500e+00,1.854e+00,1.396e+00,1.230e+00,4.620e+00,1.331e+00,2.505e+00
3.784e-01,3.000e+03,1.000e+00,2.900e+00,1.000e+00,4.500e+00,1.872e+00,1.446e+00,1.259e+00,4.908e+00,1.371e+00,2.559e+00
3.784e-01,3.000e+03,1.000e+00,3.000e+00,1.000e+00,4.500e+00,1.890e+00,1.495e+00,1.287e+00,5.200e+00,1.411e+00,2.614e+00
3.784e-01,3.000e+03,1.000e+00,3.100e+00,1.000e+00,4.500e+00,1.907e+00,1.544e+00,1.315e+00,5.496e+00,1.452e+00,2.670e+00
3.784e-01,3.000e+03,1.000e+00,3.200e+00,1.000e+00,4.500e+00,1.924e+00,1.592e+00,1.341e+00,5.796e+00,1.494e+00,2.727e+00
3.784e-01,3.000e+03,1.000e+00,3.300e+00,1.000e+00,4.500e+00,1.941e+00,1.639e+00,1.367e+00,6.100e+00,1.536e+00,2.784e+00
3.784e-01,3.000e+03,1.000e+00,3.400e+00,1.000e+00,4.500e+00,1.957e+00,1.685e+00,1.393e+00,6.408e+00,1.580e+00,2.842e+00
3.784e-01,3.000e+03,1.000e+00,3.500e+00,1.000e+00,4.500e+00,1.974e+00,1.731e+00,1.417e+00,6.719e+00,1.624e+00,2.901e+00
3.784e-01,3.000e+03,1.000e+00,3.600e+00,1.000e+00,4.500e+00,1.989e+00,1.776e+00,1.442e+00,7.034e+00,1.670e+00,2.961e+00
3.784e-01,3.000e+03,1.000e+00,3.700e+00,1.000e+00,4.500e+00,2.005e+00,1.820e+00,1.465e+00,7.354e+00,1.716e+00,3.022e+00
3.784e-01,3.000e+03,1.000e+00,3.800e+00,1.000e+00,4.500e+00,2.020e+00,1.863e+00,1.489e+00,7.676e+00,1.763e+00,3.083e+00
3.784e-01,3.000e+03,1.000e+00,3.900e+00,1.000e+00,4.500e+00,2.035e+00,1.905e+00,1.511e+00,8.003e+00,1.811e+00,3.145e+00
3.784e-01,3.000e+03,1.000e+00,4.000e+00,1.000e+00,4.500e+00,2.050e+00,1.947e+00,1.533e+00,8.333e+00,1.860e+00,3.208e+00
4.047e-01,3.000e+03,1.000e+00,1.300e+00,1.000e+00,4.500e+00,1.845e+00,6.129e+00,8.545e-01,1.094e+00,9.951e-01,2.459e+00
4.047e-01,3.000e+03,1.000e+00,1.400e+00,1.000e+00,4.500e+00,1.879e+00,1.228e+00,8.654e-01,1.363e+00,8.664e-01,2.506e+00
4.047e-01,3.000e+03,1.000e+00,1.500e+00,1.000e+00,4.500e+00,1.911e+00,9.646e-01,9.013e-01,1.647e+00,9.394e-01,2.552e+00
4.047e-01,3.000e+03,1.000e+00,1.600e+00,1.000e+00,4.500e+00,1.942e+00,9.301e-01,9.458e-01,1.940e+00,1.020e+00,2.600e+00
4.047e-01,3.000e+03,1.000e+00,1.700e+00,1.000e+00,4.500e+00,1.971e+00,9.573e-01,9.932e-01,2.240e+00,1.091e+00,2.648e+00
4.047e-01,3.000e+03,1.000e+00,1.800e+00,1.000e+00,4.500e+00,1.999e+00,1.009e+00,1.041e+00,2.546e+00,1.152e+00,2.697e+00
4.047e-01,3.000e+03,1.000e+00,1.900e+00,1.000e+00,4.500e+00,2.026e+00,1.071e+00,1.088e+00,2.859e+00,1.207e+00,2.747e+00
4.047e-01,3.000e+03,1.000e+00,2.000e+00,1.000e+00,4.500e+00,2.051e+00,1.138e+00,1.134e+00,3.176e+00,1.258e+00,2.798e+00
4.047e-01,3.000e+03,1.000e+00,2.100e+00,1.000e+00,4.500e+00,2.076e+00,1.208e+00,1.178e+00,3.500e+00,1.305e+00,2.850e+00
4.047e-01,3.000e+03,1.000e+00,2.200e+00,1.000e+00,4.500e+00,2.100e+00,1.278e+00,1.221e+00,3.829e+00,1.350e+00,2.903e+00
4.047e-01,3.000e+03,1.000e+00,2.300e+00,1.000e+00,4.500e+00,2.123e+00,1.348e+00,1.262e+00,4.163e+00,1.395e+00,2.958e+00
4.047e-01,3.000e+03,1.000e+00,2.400e+00,1.000e+00,4.500e+00,2.145e+00,1.418e+00,1.302e+00,4.503e+00,1.438e+00,3.013e+00
4.047e-01,3.000e+03,1.000e+00,2.500e+00,1.000e+00,4.500e+00,2.167e+00,1.486e+00,1.340e+00,4.848e+00,1.482e+00,3.069e+00
4.047e-01,3.000e+03,1.000e+00,2.600e+00,1.000e+00,4.500e+00,2.188e+00,1.554e+00,1.377e+00,5.198e+00,1.526e+00,3.127e+00
4.047e-01,3.000e+03,1.000e+00,2.700e+00,1.000e+00,4.500e+00,2.208e+00,1.620e+00,1.413e+00,5.554e+00,1.570e+00,3.185e+00
4.047e-01,3.000e+03,1.000e+00,2.800e+00,1.000e+00,4.500e+00,2.228e+00,1.685e+00,1.447e+00,5.915e+00,1.615e+00,3.245e+00
4.047e-01,3.000e+03,1.000e+00,2.900e+00,1.000e+00,4.500e+00,2.247e+00,1.749e+00,1.481e+00,6.281e+00,1.660e+00,3.306e+00
4.047e-01,3.000e+03,1.000e+00,3.000e+00,1.000e+00,4.500e+00,2.266e+00,1.812e+00,1.513e+00,6.652e+00,1.707e+00,3.367e+00
4.047e-01,3.000e+03,1.000e+00,3.100e+00,1.000e+00,4.500e+00,2.285e+00,1.873e+00,1.544e+00,7.029e+00,1.754e+00,3.430e+00
4.047e-01,3.000e+03,1.000e+00,3.200e+00,1.000e+00,4.500e+00,2.303e+00,1.934e+00,1.575e+00,7.410e+00,1.802e+00,3.494e+00
4.047e-01,3.000e+03,1.000e+00,3.300e+00,1.000e+00,4.500e+00,2.320e+00,1.993e+00,1.605e+00,7.797e+00,1.851e+00,3.558e+00
4.047e-01,3.000e+03,1.000e+00,3.400e+00,1.000e+00,4.500e+00,2.338e+00,2.051e+00,1.633e+00,8.189e+00,1.901e+00,3.624e+00
4.047e-01,3.000e+03,1.000e+00,3.500e+00,1.000e+00,4.500e+00,2.355e+00,2.108e+00,1.661e+00,8.585e+00,1.952e+00,3.690e+00
4.047e-01,3.000e+03,1.000e+00,3.600e+00,1.000e+00,4.500e+00,2.371e+00,2.163e+00,1.689e+00,8.987e+00,2.004e+00,3.758e+00
4.047e-01,3.000e+03,1.000e+00,3.700e+00,1.000e+00,4.500e+00,2.388e+00,2.218e+00,1.715e+00,9.393e+00,2.057e+00,3.826e+00
4.047e-01,3.000e+03,1.000e+00,3.800e+00,1.000e+00,4.500e+00,2.404e+00,2.272e+00,1.741e+00,9.805e+00,2.111e+00,3.896e+00
4.047e-01,3.000e+03,1.000e+00,3.900e+00,1.000e+00,4.500e+00,2.419e+00,2.325e+00,1.766e+00,1.022e+01,2.166e+00,3.966e+00
4.047e-01,3.000e+03,1.000e+00,4.000e+00,1.000e+00,4.500e+00,2.435e+00,2.378e+00,1.791e+00,1.064e+01,2.222e+00,4.037e+00
4.311e-01,3.000e+03,1.000e+00,1.300e+00,1.000e+00,4.500e+00,2.279e+00,1.046e+00,9.345e-01,1.454e+00,8.971e-01,3.371e+00
4.311e-01,3.000e+03,1.000e+00,1.400e+00,1.000e+00,4.500e+00,2.316e+00,9.374e-01,1.006e+00,1.804e+00,9.935e-01,3.419e+00
4.311e-01,3.000e+03,1.000e+00,1.500e+00,1.000e+00,4.500e+00,2.351e+00,9.562e-01,1.076e+00,2.166e+00,1.143e+00,3.467e+00
4.311e-01,3.000e+03,1.000e+00,1.600e+00,1.000e+00,4.500e+00,2.384e+00,1.018e+00,1.143e+00,2.537e+00,1.268e+00,3.516e+00
4.311e-01,3.000e+03,1.000e+00,1.700e+00,1.000e+00,4.500e+00,2.415e+00,1.097e+00,1.207e+00,2.916e+00,1.368e+00,3.566e+00
4.311e-01,3.000e+03,1.000e+00,1.800e+00,1.000e+00,4.500e+00,2.444e+00,1.185e+00,1.268e+00,3.302e+00,1.450e+00,3.617e+00
4.311e-01,3.000e+03,1.000e+00,1.900e+00,1.000e+00,4.500e+00,2.473e+00,1.276e+00,1.326e+00,3.696e+00,1.519e+00,3.670e+00
4.311e-01,3.000e+03,1.000e+00,2.000e+00,1.000e+00,4.500e+00,2.500e+00,1.368e+00,1.381e+00,4.097e+00,1.580e+00,3.723e+00
4.311e-01,3.000e+03,1.000e+00,2.100e+00,1.000e+00,4.500e+00,2.526e+00,1.461e+00,1.433e+00,4.506e+00,1.636e+00,3.778e+00
4.311e-01,3.000e+03,1.000e+00,2.200e+00,1.000e+00,4.500e+00,2.551e+00,1.552e+00,1.483e+00,4.921e+00,1.689e+00,3.835e+00
4.311e-01,3.000e+03,1.000e+00,2.300e+00,1.000e+00,4.500e+00,2.575e+00,1.642e+00,1.530e+00,5.344e+00,1.739e+00,3.893e+00
4.311e-01,3.000e+03,1.000e+00,2.400e+00,1.000e+00,4.500e+00,2.599e+00,1.731e+00,1.575e+00,5.774e+00,1.788e+00,3.952e+00
4.311e-01,3.000e+03,1.000e+00,2.500e+00,1.000e+00,4.500e+00,2.622e+00,1.818e+00,1.619e+00,6.210e+00,1.837e+00,4.013e+00
4.311e-01,3.000e+03,1.000e+00,2.600e+00,1.000e+00,4.500e+00,2.644e+00,1.903e+00,1.660e+00,6.654e+00,1.886e+00,4.075e+00
4.311e-01,3.000e+03,1.000e+00,2.700e+00,1.000e+00,4.500e+00,2.665e+00,1.986e+00,1.700e+00,7.104e+00,1.936e+00,4.138e+00
4.311e-01,3.000e+03,1.000e+00,2.800e+00,1.000e+00,4.500e+00,2.686e+00,2.068e+00,1.739e+00,7.562e+00,1.986e+00,4.203e+00
4.311e-01,3.000e+03,1.000e+00,2.900e+00,1.000e+00,4.500e+00,2.706e+00,2.148e+00,1.776e+00,8.026e+00,2.036e+00,4.269e+00
4.311e-01,3.000e+03,1.000e+00,3.000e+00,1.000e+00,4.500e+00,2.726e+00,2.226e+00,1.812e+00,8.497e+00,2.088e+00,4.337e+00
4.311e-01,3.000e+03,1.000e+00,3.100e+00,1.000e+00,4.500e+00,2.745e+00,2.303e+00,1.847e+00,8.975e+00,2.141e+00,4.405e+00
4.311e-01,3.000e+03,1.000e+00,3.200e+00,1.000e+00,4.500e+00,2.764e+00,2.378e+00,1.881e+00,9.459e+00,2.194e+00,4.475e+00
4.311e-01,3.000e+03,1.000e+00,3.300e+00,1.000e+00,4.500e+00,2.783e+00,2.452e+00,1.913e+00,9.950e+00,2.249e+00,4.546e+00
4.311e-01,3.000e+03,1.000e+00,3.400e+00,1.000e+00,4.500e+00,2.801e+00,2.524e+00,1.945e+00,1.045e+01,2.305e+00,4.618e+00
4.311e-01,3.000e+03,1.000e+00,3.500e+00,1.000e+00,4.500e+00,2.818e+00,2.595e+00,1.976e+00,1.095e+01,2.362e+00,4.692e+00
4.311e-01,3.000e+03,1.000e+00,3.600e+00,1.000e+00,4.500e+00,2.835e+00,2.664e+00,2.006e+00,1.146e+01,2.420e+00,4.766e+00
4.311e-01,3.000e+03,1.000e+00,3.700e+00,1.000e+00,4.500e+00,2.852e+00,2.732e+00,2.035e+00,1.198e+01,2.479e+00,4.842e+00
4.311e-01,3.000e+03,1.000e+00,3.800e+00,1.000e+00,4.500e+00,2.869e+00,2.800e+00,2.063e+00,1.250e+01,2.540e+00,4.919e+00
4.311e-01,3.000e+03,1.000e+00,3.900e+00,1.000e+00,4.500e+00,2.885e+00,2.865e+00,2.091e+00,1.303e+01,2.601e+00,4.997e+00
4.311e-01,3.000e+03,1.000e+00,4.000e+00,1.000e+00,4.500e+00,2.901e+00,2.930e+00,2.118e+00,1.356e+01,2.664e+00,5.076e+00
4.574e-01,3.000e+03,1.000e+00,1.300e+00,1.000e+00,4.500e+00,2.828e+00,9.446e-01,1.204e+00,1.951e+00,9.616e-01,4.620e+00
4.574e-01,3.000e+03,1.000e+00,1.400e+00,1.000e+00,4.500e+00,2.867e+00,1.016e+00,1.295e+00,2.396e+00,1.214e+00,4.664e+00
4.574e-01,3.000e+03,1.000e+00,1.500e+00,1.000e+00,4.500e+00,2.903e+00,1.112e+00,1.380e+00,2.852e+00,1.442e+00,4.708e+00
4.574e-01,3.000e+03,1.000e+00,1.600e+00,1.000e+00,4.500e+00,2.937e+00,1.221e+00,1.459e+00,3.318e+00,1.617e+00,4.753e+00
4.574e-01,3.000e+03,1.000e+00,1.700e+00,1.000e+00,4.500e+00,2.969e+00,1.337e+00,1.532e+00,3.795e+00,1.749e+00,4.801e+00
4.574e-01,3.000e+03,1.000e+00,1.800e+00,1.000e+00,4.500e+00,3.000e+00,1.456e+00,1.601e+00,4.281e+00,1.853e+00,4.849e+00
4.574e-01,3.000e+03,1.000e+00,1.900e+00,1.000e+00,4.500e+00,3.030e+00,1.575e+00,1.666e+00,4.777e+00,1.938e+00,4.900e+00
4.574e-01,3.000e+03,1.000e+00,2.000e+00,1.000e+00,4.500e+00,3.058e+00,1.693e+00,1.727e+00,5.283e+00,2.011e+00,4.953e+00
4.574e-01,3.000e+03,1.000e+00,2.100e+00,1.000e+00,4.500e+00,3.085e+00,1.810e+00,1.784e+00,5.798e+00,2.075e+00,5.007e+00
4.574e-01,3.000e+03,1.000e+00,2.200e+00,1.000e+00,4.500e+00,3.110e+00,1.926e+00,1.839e+00,6.322e+00,2.134e+00,5.064e+00
4.574e-01,3.000e+03,1.000e+00,2.300e+00,1.000e+00,4.500e+00,3.135e+00,2.039e+00,1.891e+00,6.855e+00,2.190e+00,5.122e+00
4.574e-01,3.000e+03,1.000e+00,2.400e+00,1.000e+00,4.500e+00,3.160e+00,2.149e+00,1.940e+00,7.398e+00,2.244e+00,5.182e+00
4.574e-01,3.000e+03,1.000e+00,2.500e+00,1.000e+00,4.500e+00,3.183e+00,2.258e+00,1.988e+00,7.950e+00,2.298e+00,5.245e+00
4.574e-01,3.000e+03,1.000e+00,2.600e+00,1.000e+00,4.500e+00,3.205e+00,2.364e+00,2.033e+00,8.511e+00,2.351e+00,5.309e+00
4.574e-01,3.000e+03,1.000e+00,2.700e+00,1.000e+00,4.500e+00,3.227e+00,2.468e+00,2.076e+00,9.081e+00,2.405e+00,5.375e+00
4.574e-01,3.000e+03,1.000e+00,2.800e+00,1.000e+00,4.500e+00,3.249e+00,2.569e+00,2.118e+00,9.660e+00,2.459e+00,5.442e+00
4.574e-01,3.000e+03,1.000e+00,2.900e+00,1.000e+00,4.500e+00,3.269e+00,2.669e+00,2.158e+00,1.025e+01,2.514e+00,5.512e+00
4.574e-01,3.000e+03,1.000e+00,3.000e+00,1.000e+00,4.500e+00,3.289e+00,2.766e+00,2.197e+00,1.084e+01,2.570e+00,5.583e+00
4.574e-01,3.000e+03,1.000e+00,3.100e+00,1.000e+00,4.500e+00,3.309e+00,2.861e+00,2.235e+00,1.145e+01,2.627e+00,5.655e+00
4.574e-01,3.000e+03,1.000e+00,3.200e+00,1.000e+00,4.500e+00,3.328e+00,2.954e+00,2.271e+00,1.206e+01,2.686e+00,5.730e+00
4.574e-01,3.000e+03,1.000e+00,3.300e+00,1.000e+00,4.500e+00,3.347e+00,3.046e+00,2.306e+00,1.269e+01,2.745e+00,5.806e+00
4.574e-01,3.000e+03,1.000e+00,3.400e+00,1.000e+00,4.500e+00,3.365e+00,3.135e+00,2.340e+00,1.332e+01,2.806e+00,5.883e+00
4.574e-01,3.000e+03,1.000e+00,3.500e+00,1.000e+00,4.500e+00,3.383e+00,3.223e+00,2.373e+00,1.396e+01,2.869e+00,5.962e+00
4.574e-01,3.000e+03,1.000e+00,3.600e+00,1.000e+00,4.500e+00,3.401e+00,3.310e+00,2.405e+00,1.460e+01,2.932e+00,6.042e+00
4.574e-01,3.000e+03,1.000e+00,3.700e+00,1.000e+00,4.500e+00,3.418e+00,3.394e+00,2.436e+00,1.526e+01,2.997e+00,6.124e+00
4.574e-01,3.000e+03,1.000e+00,3.800e+00,1.000e+00,4.500e+00,3.434e+00,3.477e+00,2.467e+00,1.592e+01,3.064e+00,6.207e+00
4.574e-01,3.000e+03,1.000e+00,3.900e+00,1.000e+00,4.500e+00,3.451e+00,3.559e+00,2.496e+00,1.659e+01,3.132e+00,6.292e+00
4.574e-01,3.000e+03,1.000e+00,4.000e+00,1.000e+00,4.500e+00,3.467e+00,3.640e+00,2.525e+00,1.727e+01,3.201e+00,6.378e+00
4.837e-01,3.000e+03,1.000e+00,1.300e+00,1.000e+00,4.500e+00,3.525e+00,1.131e+00,1.622e+00,2.619e+00,1.117e+00,6.339e+00
4.837e-01,3.000e+03,1.000e+00,1.400e+00,1.000e+00,4.500e+00,3.564e+00,1.255e+00,1.723e+00,3.177e+00,1.525e+00,6.367e+00
4.837e-01,3.000e+03,1.000e+00,1.500e+00,1.000e+00,4.500e+00,3.600e+00,1.393e+00,1.815e+00,3.749e+00,1.844e+00,6.397e+00
4.837e-01,3.000e+03,1.000e+00,1.600e+00,1.000e+00,4.500e+00,3.634e+00,1.538e+00,1.900e+00,4.335e+00,2.078e+00,6.429e+00
4.837e-01,3.000e+03,1.000e+00,1.700e+00,1.000e+00,4.500e+00,3.666e+00,1.686e+00,1.979e+00,4.933e+00,2.249e+00,6.464e+00
4.837e-01,3.000e+03,1.000e+00,1.800e+00,1.000e+00,4.500e+00,3.697e+00,1.836e+00,2.053e+00,5.545e+00,2.379e+00,6.503e+00
4.837e-01,3.000e+03,1.000e+00,1.900e+00,1.000e+00,4.500e+00,3.726e+00,1.986e+00,2.122e+00,6.170e+00,2.481e+00,6.544e+00
4.837e-01,3.000e+03,1.000e+00,2.000e+00,1.000e+00,4.500e+00,3.754e+00,2.134e+00,2.187e+00,6.807e+00,2.566e+00,6.588e+00
4.837e-01,3.000e+03,1.000e+00,2.100e+00,1.000e+00,4.500e+00,3.781e+00,2.280e+00,2.248e+00,7.456e+00,2.639e+00,6.636e+00
4.837e-01,3.000e+03,1.000e+00,2.200e+00,1.000e+00,4.500e+00,3.806e+00,2.423e+00,2.306e+00,8.118e+00,2.704e+00,6.686e+00
4.837e-01,3.000e+03,1.000e+00,2.300e+00,1.000e+00,4.500e+00,3.831e+00,2.563e+00,2.361e+00,8.792e+00,2.765e+00,6.739e+00
4.837e-01,3.000e+03,1.000e+00,2.400e+00,1.000e+00,4.500e+00,3.854e+00,2.701e+00,2.413e+00,9.478e+00,2.823e+00,6.796e+00
4.837e-01,3.000e+03,1.000e+00,2.500e+00,1.000e+00,4.500e+00,3.877e+00,2.835e+00,2.463e+00,1.018e+01,2.880e+00,6.854e+00
4.837e-01,3.000e+03,1.000e+00,2.600e+00,1.000e+00,4.500e+00,3.900e+00,2.967e+00,2.511e+00,1.089e+01,2.937e+00,6.916e+00
4.837e-01,3.000e+03,1.000e+00,2.700e+00,1.000e+00,4.500e+00,3.921e+00,3.096e+00,2.557e+00,1.161e+01,2.994e+00,6.980e+00
4.837e-01,3.000e+03,1.000e+00,2.800e+00,1.000e+00,4.500e+00,3.942e+00,3.222e+00,2.601e+00,1.234e+01,3.051e+00,7.046e+00
4.837e-01,3.000e+03,1.000e+00,2.900e+00,1.000e+00,4.500e+00,3.962e+00,3.345e+00,2.643e+00,1.309e+01,3.109e+00,7.115e+00
4.837e-01,3.000e+03,1.000e+00,3.000e+00,1.000e+00,4.500e+00,3.982e+00,3.466e+00,2.684e+00,1.384e+01,3.169e+00,7.186e+00
4.837e-01,3.000e+03,1.000e+00,3.100e+00,1.000e+00,4.500e+00,4.001e+00,3.584e+00,2.723e+00,1.461e+01,3.230e+00,7.260e+00
4.837e-01,3.000e+03,1.000e+00,3.200e+00,1.000e+00,4.500e+00,4.020e+00,3.700e+00,2.762e+00,1.539e+01,3.292e+00,7.335e+00
4.837e-01,3.000e+03,1.000e+00,3.300e+00,1.000e+00,4.500e+00,4.038e+00,3.813e+00,2.798e+00,1.618e+01,3.356e+00,7.413e+00
4.837e-01,3.000e+03,1.000e+00,3.400e+00,1.000e+00,4.500e+00,4.056e+00,3.924e+00,2.834e+00,1.698e+01,3.421e+00,7.493e+00
4.837e-01,3.000e+03,1.000e+00,3.500e+00,1.000e+00,4.500e+00,4.073e+00,4.034e+00,2.869e+00,1.779e+01,3.488e+00,7.574e+00
4.837e-01,3.000e+03,1.000e+00,3.600e+00,1.000e+00,4.500e+00,4.090e+00,4.141e+00,2.902e+00,1.861e+01,3.557e+00,7.658e+00
4.837e-01,3.000e+03,1.000e+00,3.700e+00,1.000e+00,4.500e+00,4.107e+00,4.246e+00,2.935e+00,1.944e+01,3.627e+00,7.744e+00
4.837e-01,3.000e+03,1.000e+00,3.800e+00,1.000e+00,4.500e+00,4.124e+00,4.349e+00,2.967e+00,2.028e+01,3.699e+00,7.831e+00
4.837e-01,3.000e+03,1.000e+00,3.900e+00,1.000e+00,4.500e+00,4.140e+00,4.451e+00,2.998e+00,2.114e+01,3.772e+00,7.920e+00
4.837e-01,3.000e+03,1.000e+00,4.000e+00,1.000e+00,4.500e+00,4.155e+00,4.551e+00,3.028e+00,2.200e+01,3.847e+00,8.011e+00
5.100e-01,3.000e+03,1.000e+00,1.300e+00,1.000e+00,4.500e+00,4.416e+00,1.464e+00,2.200e+00,3.499e+00,1.349e+00,8.723e+00
5.100e-01,3.000e+03,1.000e+00,1.400e+00,1.000e+00,4.500e+00,4.452e+00,1.622e+00,2.304e+00,4.198e+00,1.933e+00,8.714e+00
5.100e-01,3.000e+03,1.000e+00,1.500e+00,1.000e+00,4.500e+00,4.486e+00,1.795e+00,2.400e+00,4.915e+00,2.364e+00,8.710e+00
5.100e-01,3.000e+03,1.000e+00,1.600e+00,1.000e+00,4.500e+00,4.518e+00,1.976e+00,2.487e+00,5.651e+00,2.669e+00,8.712e+00
5.100e-01,3.000e+03,1.000e+00,1.700e+00,1.000e+00,4.500e+00,4.548e+00,2.161e+00,2.569e+00,6.405e+00,2.887e+00,8.720e+00
5.100e-01,3.000e+03,1.000e+00,1.800e+00,1.000e+00,4.500e+00,4.576e+00,2.348e+00,2.644e+00,7.175e+00,3.047e+00,8.733e+00
5.100e-01,3.000e+03,1.000e+00,1.900e+00,1.000e+00,4.500e+00,4.603e+00,2.533e+00,2.715e+00,7.963e+00,3.170e+00,8.751e+00
5.100e-01,3.000e+03,1.000e+00,2.000e+00,1.000e+00,4.500e+00,4.628e+00,2.717e+00,2.782e+00,8.767e+00,3.267e+00,8.775e+00
5.100e-01,3.000e+03,1.000e+00,2.100e+00,1.000e+00,4.500e+00,4.653e+00,2.897e+00,2.844e+00,9.588e+00,3.349e+00,8.804e+00
5.100e-01,3.000e+03,1.000e+00,2.200e+00,1.000e+00,4.500e+00,4.676e+00,3.075e+00,2.904e+00,1.043e+01,3.420e+00,8.837e+00
5.100e-01,3.000e+03,1.000e+00,2.300e+00,1.000e+00,4.500e+00,4.699e+00,3.249e+00,2.960e+00,1.128e+01,3.485e+00,8.875e+00
5.100e-01,3.000e+03,1.000e+00,2.400e+00,1.000e+00,4.500e+00,4.720e+00,3.420e+00,3.014e+00,1.215e+01,3.547e+00,8.918e+00
5.100e-01,3.000e+03,1.000e+00,2.500e+00,1.000e+00,4.500e+00,4.741e+00,3.587e+00,3.065e+00,1.303e+01,3.606e+00,8.965e+00
5.100e-01,3.000e+03,1.000e+00,2.600e+00,1.000e+00,4.500e+00,4.762e+00,3.751e+00,3.114e+00,1.393e+01,3.665e+00,9.015e+00
5.100e-01,3.000e+03,1.000e+00,2.700e+00,1.000e+00,4.500e+00,4.781e+00,3.911e+00,3.161e+00,1.485e+01,3.723e+00,9.070e+00
5.100e-01,3.000e+03,1.000e+00,2.800e+00,1.000e+00,4.500e+00,4.800e+00,4.068e+00,3.206e+00,1.578e+01,3.783e+00,9.128e+00
5.100e-01,3.000e+03,1.000e+00,2.900e+00,1.000e+00,4.500e+00,4.819e+00,4.222e+00,3.249e+00,1.672e+01,3.843e+00,9.190e+00
5.100e-01,3.000e+03,1.000e+00,3.000e+00,1.000e+00,4.500e+00,4.837e+00,4.372e+00,3.291e+00,1.768e+01,3.905e+00,9.255e+00
5.100e-01,3.000e+03,1.000e+00,3.100e+00,1.000e+00,4.500e+00,4.854e+00,4.519e+00,3.331e+00,1.866e+01,3.968e+00,9.323e+00
5.100e-01,3.000e+03,1.000e+00,3.200e+00,1.000e+00,4.500e+00,4.871e+00,4.663e+00,3.370e+00,1.965e+01,4.033e+00,9.395e+00
5.100e-01,3.000e+03,1.000e+00,3.300e+00,1.000e+00,4.500e+00,4.888e+00,4.805e+00,3.408e+00,2.065e+01,4.100e+00,9.469e+00
5.100e-01,3.000e+03,1.000e+00,3.400e+00,1.000e+00,4.500e+00,4.904e+00,4.943e+00,3.444e+00,2.167e+01,4.169e+00,9.546e+00
5.100e-01,3.000e+03,1.000e+00,3.500e+00,1.000e+00,4.500e+00,4.920e+00,5.080e+00,3.480e+00,2.270e+01,4.239e+00,9.626e+00
5.100e-01,3.000e+03,1.000e+00,3.600e+00,1.000e+00,4.500e+00,4.936e+00,5.213e+00,3.514e+00,2.374e+01,4.312e+00,9.709e+00
5.100e-01,3.000e+03,1.000e+00,3.700e+00,1.000e+00,4.500e+00,4.951e+00,5.344e+00,3.547e+00,2.480e+01,4.386e+00,9.794e+00
5.100e-01,3.000e+03,1.000e+00,3.800e+00,1.000e+00,4.500e+00,4.966e+00,5.473e+00,3.580e+00,2.587e+01,4.462e+00,9.881e+00
5.100e-01,3.000e+03,1.000e+00,3.900e+00,1.000e+00,4.500e+00,4.981e+00,5.600e+00,3.611e+00,2.696e+01,4.540e+00,9.971e+00
5.100e-01,3.000e+03,1.000e+00,4.000e+00,1.000e+00,4.500e+00,4.995e+00,5.725e+00,3.642e+00,2.805e+01,4.620e+00,1.006e+01
