pf,N,m,T,sigma,cut,U_F-CS,U_RDF_CS,U_F-kolafa,U_F-thol,U_F-mecke,U_F-gottschalk,U_F-hess,U_RDF_LJ
2.500e-02,3.000e+03,1.000e+00,1.300e+00,1.000e+00,4.500e+00,1.568e-02,1.568e-02,-3.809e-01,-3.867e-01,-3.842e-01,-3.838e-01,-3.853e-01,-3.853e-01
5.000e-02,3.000e+03,1.000e+00,1.300e+00,1.000e+00,4.500e+00,3.346e-02,3.346e-02,-7.547e-01,-7.658e-01,-7.566e-01,-7.637e-01,-7.705e-01,-7.705e-01
7.500e-02,3.000e+03,1.000e+00,1.300e+00,1.000e+00,4.500e+00,5.366e-02,5.366e-02,-1.116e+00,-1.135e+00,-1.111e+00,-1.138e+00,-1.156e+00,-1.156e+00
1.000e-01,3.000e+03,1.000e+00,1.300e+00,1.000e+00,4.500e+00,7.665e-02,7.665e-02,-1.465e+00,-1.497e+00,-1.448e+00,-1.505e+00,-1.541e+00,-1.541e+00
1.500e-01,3.000e+03,1.000e+00,1.300e+00,1.000e+00,4.500e+00,1.328e-01,1.328e-01,-2.127e+00,-2.401e+00,-2.098e+00,-2.212e+00,-2.311e+00,-2.311e+00
2.000e-01,3.000e+03,1.000e+00,1.300e+00,1.000e+00,4.500e+00,2.065e-01,2.065e-01,-2.763e+00,-2.769e+00,-2.745e+00,-2.884e+00,-3.081e+00,-3.081e+00
2.500e-01,3.000e+03,1.000e+00,1.300e+00,1.000e+00,4.500e+00,3.044e-01,3.044e-01,-3.394e+00,-3.291e+00,-3.402e+00,-3.530e+00,-3.850e+00,-3.850e+00
3.000e-01,3.000e+03,1.000e+00,1.300e+00,1.000e+00,4.500e+00,4.360e-01,4.360e-01,-4.023e+00,-3.895e+00,-4.066e+00,-4.186e+00,-4.619e+00,-4.619e+00
3.500e-01,3.000e+03,1.000e+00,1.300e+00,1.000e+00,4.500e+00,6.159e-01,6.159e-01,-4.624e+00,-4.519e+00,-4.718e+00,-4.911e+00,-5.388e+00,-5.388e+00
4.000e-01,3.000e+03,1.000e+00,1.300e+00,1.000e+00,4.500e+00,8.668e-01,8.668e-01,-5.137e+00,-5.110e+00,-5.307e+00,-5.803e+00,-6.156e+00,-6.156e+00
4.500e-01,3.000e+03,1.000e+00,1.300e+00,1.000e+00,4.500e+00,1.225e+00,1.225e+00,-5.480e+00,-5.597e+00,-5.776e+00,-6.999e+00,-6.924e+00,-6.924e+00
5.000e-01,3.000e+03,1.000e+00,1.300e+00,1.000e+00,4.500e+00,1.749e+00,1.749e+00,-5.562e+00,-5.904e+00,-6.057e+00,-8.686e+00,-7.691e+00,-7.691e+00
2.500e-02,3.000e+03,1.000e+00,1.400e+00,1.000e+00,4.500e+00,1.705e-02,1.705e-02,-3.678e-01,-3.729e-01,-3.705e-01,-3.701e-01,-3.727e-01,-3.727e-01
5.000e-02,3.000e+03,1.000e+00,1.400e+00,1.000e+00,4.500e+00,3.637e-02,3.637e-02,-7.283e-01,-7.362e-01,-7.293e-01,-7.335e-01,-7.453e-01,-7.453e-01
7.500e-02,3.000e+03,1.000e+00,1.400e+00,1.000e+00,4.500e+00,5.829e-02,5.829e-02,-1.077e+00,-1.087e+00,-1.072e+00,-1.088e+00,-1.118e+00,-1.118e+00
1.000e-01,3.000e+03,1.000e+00,1.400e+00,1.000e+00,4.500e+00,8.320e-02,8.320e-02,-1.414e+00,-1.426e+00,-1.401e+00,-1.430e+00,-1.490e+00,-1.490e+00
1.500e-01,3.000e+03,1.000e+00,1.400e+00,1.000e+00,4.500e+00,1.440e-01,1.440e-01,-2.055e+00,-2.060e+00,-2.037e+00,-2.066e+00,-2.235e+00,-2.235e+00
2.000e-01,3.000e+03,1.000e+00,1.400e+00,1.000e+00,4.500e+00,2.235e-01,2.235e-01,-2.675e+00,-2.653e+00,-2.672e+00,-2.616e+00,-2.980e+00,-2.980e+00
2.500e-01,3.000e+03,1.000e+00,1.400e+00,1.000e+00,4.500e+00,3.288e-01,3.288e-01,-3.294e+00,-3.241e+00,-3.319e+00,-3.053e+00,-3.724e+00,-3.724e+00
3.000e-01,3.000e+03,1.000e+00,1.400e+00,1.000e+00,4.500e+00,4.699e-01,4.699e-01,-3.918e+00,-3.849e+00,-3.971e+00,-3.351e+00,-4.467e+00,-4.467e+00
3.500e-01,3.000e+03,1.000e+00,1.400e+00,1.000e+00,4.500e+00,6.623e-01,6.623e-01,-4.524e+00,-4.465e+00,-4.607e+00,-3.487e+00,-5.210e+00,-5.210e+00
4.000e-01,3.000e+03,1.000e+00,1.400e+00,1.000e+00,4.500e+00,9.293e-01,9.293e-01,-5.063e+00,-5.038e+00,-5.177e+00,-3.443e+00,-5.953e+00,-5.953e+00
4.500e-01,3.000e+03,1.000e+00,1.400e+00,1.000e+00,4.500e+00,1.308e+00,1.308e+00,-5.459e+00,-5.502e+00,-5.626e+00,-3.208e+00,-6.695e+00,-6.695e+00
5.000e-01,3.000e+03,1.000e+00,1.400e+00,1.000e+00,4.500e+00,1.861e+00,1.861e+00,-5.634e+00,-5.782e+00,-5.885e+00,-2.780e+00,-7.436e+00,-7.436e+00
2.500e-02,3.000e+03,1.000e+00,1.500e+00,1.000e+00,4.500e+00,1.843e-02,1.843e-02,-3.567e-01,-3.616e-01,-3.592e-01,-3.589e-01,-3.621e-01,-3.621e-01
5.000e-02,3.000e+03,1.000e+00,1.500e+00,1.000e+00,4.500e+00,3.928e-02,3.928e-02,-7.064e-01,-7.132e-01,-7.071e-01,-7.101e-01,-7.240e-01,-7.240e-01
7.500e-02,3.000e+03,1.000e+00,1.500e+00,1.000e+00,4.500e+00,6.293e-02,6.293e-02,-1.045e+00,-1.052e+00,-1.041e+00,-1.051e+00,-1.086e+00,-1.086e+00
1.000e-01,3.000e+03,1.000e+00,1.500e+00,1.000e+00,4.500e+00,8.977e-02,8.977e-02,-1.372e+00,-1.381e+00,-1.363e+00,-1.381e+00,-1.448e+00,-1.448e+00
1.500e-01,3.000e+03,1.000e+00,1.500e+00,1.000e+00,4.500e+00,1.551e-01,1.551e-01,-1.997e+00,-2.008e+00,-1.988e+00,-1.998e+00,-2.171e+00,-2.171e+00
2.000e-01,3.000e+03,1.000e+00,1.500e+00,1.000e+00,4.500e+00,2.405e-01,2.405e-01,-2.602e+00,-2.605e+00,-2.614e+00,-2.550e+00,-2.894e+00,-2.894e+00
2.500e-01,3.000e+03,1.000e+00,1.500e+00,1.000e+00,4.500e+00,3.531e-01,3.531e-01,-3.210e+00,-3.198e+00,-3.252e+00,-3.037e+00,-3.616e+00,-3.616e+00
3.000e-01,3.000e+03,1.000e+00,1.500e+00,1.000e+00,4.500e+00,5.038e-01,5.038e-01,-3.827e+00,-3.806e+00,-3.893e+00,-3.471e+00,-4.338e+00,-4.338e+00
3.500e-01,3.000e+03,1.000e+00,1.500e+00,1.000e+00,4.500e+00,7.083e-01,7.083e-01,-4.435e+00,-4.411e+00,-4.513e+00,-3.883e+00,-5.060e+00,-5.060e+00
4.000e-01,3.000e+03,1.000e+00,1.500e+00,1.000e+00,4.500e+00,9.912e-01,9.912e-01,-4.990e+00,-4.968e+00,-5.066e+00,-4.327e+00,-5.781e+00,-5.781e+00
4.500e-01,3.000e+03,1.000e+00,1.500e+00,1.000e+00,4.500e+00,1.391e+00,1.391e+00,-5.425e+00,-5.410e+00,-5.495e+00,-4.883e+00,-6.501e+00,-6.501e+00
5.000e-01,3.000e+03,1.000e+00,1.500e+00,1.000e+00,4.500e+00,1.971e+00,1.971e+00,-5.667e+00,-5.664e+00,-5.732e+00,-5.663e+00,-7.221e+00,-7.221e+00
2.500e-02,3.000e+03,1.000e+00,1.600e+00,1.000e+00,4.500e+00,1.981e-02,1.981e-02,-3.474e-01,-3.520e-01,-3.497e-01,-3.495e-01,-3.529e-01,-3.529e-01
5.000e-02,3.000e+03,1.000e+00,1.600e+00,1.000e+00,4.500e+00,4.221e-02,4.221e-02,-6.880e-01,-6.943e-01,-6.886e-01,-6.911e-01,-7.057e-01,-7.057e-01
7.500e-02,3.000e+03,1.000e+00,1.600e+00,1.000e+00,4.500e+00,6.758e-02,6.758e-02,-1.018e+00,-1.025e+00,-1.015e+00,-1.023e+00,-1.058e+00,-1.058e+00
1.000e-01,3.000e+03,1.000e+00,1.600e+00,1.000e+00,4.500e+00,9.636e-02,9.636e-02,-1.337e+00,-1.347e+00,-1.331e+00,-1.345e+00,-1.411e+00,-1.411e+00
1.500e-01,3.000e+03,1.000e+00,1.600e+00,1.000e+00,4.500e+00,1.663e-01,1.663e-01,-1.948e+00,-1.967e+00,-1.949e+00,-1.956e+00,-2.116e+00,-2.116e+00
2.000e-01,3.000e+03,1.000e+00,1.600e+00,1.000e+00,4.500e+00,2.574e-01,2.574e-01,-2.541e+00,-2.565e+00,-2.566e+00,-2.528e+00,-2.820e+00,-2.820e+00
2.500e-01,3.000e+03,1.000e+00,1.600e+00,1.000e+00,4.500e+00,3.774e-01,3.774e-01,-3.138e+00,-3.160e+00,-3.197e+00,-3.086e+00,-3.524e+00,-3.524e+00
3.000e-01,3.000e+03,1.000e+00,1.600e+00,1.000e+00,4.500e+00,5.374e-01,5.374e-01,-3.748e+00,-3.764e+00,-3.827e+00,-3.675e+00,-4.228e+00,-4.228e+00
3.500e-01,3.000e+03,1.000e+00,1.600e+00,1.000e+00,4.500e+00,7.541e-01,7.541e-01,-4.354e+00,-4.359e+00,-4.432e+00,-4.373e+00,-4.930e+00,-4.930e+00
4.000e-01,3.000e+03,1.000e+00,1.600e+00,1.000e+00,4.500e+00,1.053e+00,1.053e+00,-4.919e+00,-4.899e+00,-4.967e+00,-5.294e+00,-5.632e+00,-5.632e+00
4.500e-01,3.000e+03,1.000e+00,1.600e+00,1.000e+00,4.500e+00,1.473e+00,1.473e+00,-5.381e+00,-5.320e+00,-5.377e+00,-6.592e+00,-6.334e+00,-6.334e+00
5.000e-01,3.000e+03,1.000e+00,1.600e+00,1.000e+00,4.500e+00,2.080e+00,2.080e+00,-5.673e+00,-5.549e+00,-5.592e+00,-8.474e+00,-7.034e+00,-7.034e+00
2.500e-02,3.000e+03,1.000e+00,1.700e+00,1.000e+00,4.500e+00,2.120e-02,2.120e-02,-3.392e-01,-3.438e-01,-3.415e-01,-3.415e-01,-3.449e-01,-3.449e-01
5.000e-02,3.000e+03,1.000e+00,1.700e+00,1.000e+00,4.500e+00,4.516e-02,4.516e-02,-6.721e-01,-6.784e-01,-6.729e-01,-6.752e-01,-6.897e-01,-6.897e-01
7.500e-02,3.000e+03,1.000e+00,1.700e+00,1.000e+00,4.500e+00,7.225e-02,7.225e-02,-9.952e-01,-1.003e+00,-9.933e-01,-1.000e+00,-1.034e+00,-1.034e+00
1.000e-01,3.000e+03,1.000e+00,1.700e+00,1.000e+00,4.500e+00,1.030e-01,1.030e-01,-1.308e+00,-1.319e+00,-1.305e+00,-1.316e+00,-1.379e+00,-1.379e+00
1.500e-01,3.000e+03,1.000e+00,1.700e+00,1.000e+00,4.500e+00,1.775e-01,1.775e-01,-1.907e+00,-1.934e+00,-1.915e+00,-1.923e+00,-2.068e+00,-2.068e+00
2.000e-01,3.000e+03,1.000e+00,1.700e+00,1.000e+00,4.500e+00,2.744e-01,2.744e-01,-2.489e+00,-2.531e+00,-2.526e+00,-2.512e+00,-2.756e+00,-2.756e+00
2.500e-01,3.000e+03,1.000e+00,1.700e+00,1.000e+00,4.500e+00,4.017e-01,4.017e-01,-3.076e+00,-3.125e+00,-3.149e+00,-3.117e+00,-3.444e+00,-3.444e+00
3.000e-01,3.000e+03,1.000e+00,1.700e+00,1.000e+00,4.500e+00,5.710e-01,5.710e-01,-3.677e+00,-3.724e+00,-3.769e+00,-3.804e+00,-4.131e+00,-4.131e+00
3.500e-01,3.000e+03,1.000e+00,1.700e+00,1.000e+00,4.500e+00,7.995e-01,7.995e-01,-4.280e+00,-4.308e+00,-4.360e+00,-4.672e+00,-4.817e+00,-4.817e+00
4.000e-01,3.000e+03,1.000e+00,1.700e+00,1.000e+00,4.500e+00,1.113e+00,1.113e+00,-4.850e+00,-4.831e+00,-4.878e+00,-5.858e+00,-5.503e+00,-5.503e+00
4.500e-01,3.000e+03,1.000e+00,1.700e+00,1.000e+00,4.500e+00,1.554e+00,1.554e+00,-5.330e+00,-5.231e+00,-5.268e+00,-7.552e+00,-6.188e+00,-6.188e+00
5.000e-01,3.000e+03,1.000e+00,1.700e+00,1.000e+00,4.500e+00,2.186e+00,2.186e+00,-5.659e+00,-5.437e+00,-5.461e+00,-9.995e+00,-6.872e+00,-6.872e+00
2.500e-02,3.000e+03,1.000e+00,1.800e+00,1.000e+00,4.500e+00,2.260e-02,2.260e-02,-3.321e-01,-3.367e-01,-3.344e-01,-3.345e-01,-3.378e-01,-3.378e-01
5.000e-02,3.000e+03,1.000e+00,1.800e+00,1.000e+00,4.500e+00,4.811e-02,4.811e-02,-6.583e-01,-6.646e-01,-6.593e-01,-6.615e-01,-6.756e-01,-6.756e-01
7.500e-02,3.000e+03,1.000e+00,1.800e+00,1.000e+00,4.500e+00,7.694e-02,7.694e-02,-9.751e-01,-9.833e-01,-9.745e-01,-9.806e-01,-1.013e+00,-1.013e+00
1.000e-01,3.000e+03,1.000e+00,1.800e+00,1.000e+00,4.500e+00,1.096e-01,1.096e-01,-1.282e+00,-1.295e+00,-1.282e+00,-1.292e+00,-1.351e+00,-1.351e+00
1.500e-01,3.000e+03,1.000e+00,1.800e+00,1.000e+00,4.500e+00,1.887e-01,1.887e-01,-1.870e+00,-1.905e+00,-1.886e+00,-1.896e+00,-2.025e+00,-2.025e+00
2.000e-01,3.000e+03,1.000e+00,1.800e+00,1.000e+00,4.500e+00,2.913e-01,2.913e-01,-2.442e+00,-2.500e+00,-2.491e+00,-2.493e+00,-2.699e+00,-2.699e+00
2.500e-01,3.000e+03,1.000e+00,1.800e+00,1.000e+00,4.500e+00,4.259e-01,4.259e-01,-3.020e+00,-3.092e+00,-3.106e+00,-3.124e+00,-3.372e+00,-3.372e+00
3.000e-01,3.000e+03,1.000e+00,1.800e+00,1.000e+00,4.500e+00,6.044e-01,6.044e-01,-3.613e+00,-3.685e+00,-3.716e+00,-3.858e+00,-4.045e+00,-4.045e+00
3.500e-01,3.000e+03,1.000e+00,1.800e+00,1.000e+00,4.500e+00,8.447e-01,8.447e-01,-4.211e+00,-4.258e+00,-4.294e+00,-4.797e+00,-4.717e+00,-4.717e+00
4.000e-01,3.000e+03,1.000e+00,1.800e+00,1.000e+00,4.500e+00,1.174e+00,1.174e+00,-4.782e+00,-4.764e+00,-4.795e+00,-6.084e+00,-5.388e+00,-5.388e+00
4.500e-01,3.000e+03,1.000e+00,1.800e+00,1.000e+00,4.500e+00,1.633e+00,1.633e+00,-5.274e+00,-5.145e+00,-5.166e+00,-7.907e+00,-6.058e+00,-6.058e+00
5.000e-01,3.000e+03,1.000e+00,1.800e+00,1.000e+00,4.500e+00,2.291e+00,2.291e+00,-5.629e+00,-5.327e+00,-5.338e+00,-1.051e+01,-6.728e+00,-6.728e+00
2.500e-02,3.000e+03,1.000e+00,1.900e+00,1.000e+00,4.500e+00,2.400e-02,2.400e-02,-3.257e-01,-3.303e-01,-3.281e-01,-3.283e-01,-3.315e-01,-3.315e-01
5.000e-02,3.000e+03,1.000e+00,1.900e+00,1.000e+00,4.500e+00,5.106e-02,5.106e-02,-6.460e-01,-6.525e-01,-6.474e-01,-6.495e-01,-6.629e-01,-6.629e-01
7.500e-02,3.000e+03,1.000e+00,1.900e+00,1.000e+00,4.500e+00,8.163e-02,8.163e-02,-9.574e-01,-9.664e-01,-9.580e-01,-9.636e-01,-9.942e-01,-9.942e-01
1.000e-01,3.000e+03,1.000e+00,1.900e+00,1.000e+00,4.500e+00,1.162e-01,1.162e-01,-1.259e+00,-1.275e+00,-1.262e+00,-1.271e+00,-1.325e+00,-1.325e+00
1.500e-01,3.000e+03,1.000e+00,1.900e+00,1.000e+00,4.500e+00,1.999e-01,1.999e-01,-1.838e+00,-1.880e+00,-1.861e+00,-1.871e+00,-1.987e+00,-1.987e+00
2.000e-01,3.000e+03,1.000e+00,1.900e+00,1.000e+00,4.500e+00,3.082e-01,3.082e-01,-2.401e+00,-2.471e+00,-2.460e+00,-2.471e+00,-2.648e+00,-2.648e+00
2.500e-01,3.000e+03,1.000e+00,1.900e+00,1.000e+00,4.500e+00,4.500e-01,4.500e-01,-2.969e+00,-3.061e+00,-3.068e+00,-3.112e+00,-3.309e+00,-3.309e+00
3.000e-01,3.000e+03,1.000e+00,1.900e+00,1.000e+00,4.500e+00,6.376e-01,6.376e-01,-3.553e+00,-3.647e+00,-3.667e+00,-3.859e+00,-3.969e+00,-3.969e+00
3.500e-01,3.000e+03,1.000e+00,1.900e+00,1.000e+00,4.500e+00,8.895e-01,8.895e-01,-4.145e+00,-4.208e+00,-4.232e+00,-4.811e+00,-4.627e+00,-4.627e+00
4.000e-01,3.000e+03,1.000e+00,1.900e+00,1.000e+00,4.500e+00,1.233e+00,1.233e+00,-4.715e+00,-4.699e+00,-4.717e+00,-6.097e+00,-5.285e+00,-5.285e+00
4.500e-01,3.000e+03,1.000e+00,1.900e+00,1.000e+00,4.500e+00,1.712e+00,1.712e+00,-5.214e+00,-5.060e+00,-5.069e+00,-7.892e+00,-5.942e+00,-5.942e+00
5.000e-01,3.000e+03,1.000e+00,1.900e+00,1.000e+00,4.500e+00,2.395e+00,2.395e+00,-5.587e+00,-5.219e+00,-5.219e+00,-1.041e+01,-6.598e+00,-6.598e+00
2.500e-02,3.000e+03,1.000e+00,2.000e+00,1.000e+00,4.500e+00,2.540e-02,2.540e-02,-3.200e-01,-3.247e-01,-3.225e-01,-3.227e-01,-3.259e-01,-3.259e-01
5.000e-02,3.000e+03,1.000e+00,2.000e+00,1.000e+00,4.500e+00,5.403e-02,5.403e-02,-6.349e-01,-6.417e-01,-6.368e-01,-6.389e-01,-6.516e-01,-6.516e-01
7.500e-02,3.000e+03,1.000e+00,2.000e+00,1.000e+00,4.500e+00,8.633e-02,8.633e-02,-9.415e-01,-9.513e-01,-9.433e-01,-9.486e-01,-9.771e-01,-9.771e-01
1.000e-01,3.000e+03,1.000e+00,2.000e+00,1.000e+00,4.500e+00,1.228e-01,1.228e-01,-1.239e+00,-1.256e+00,-1.244e+00,-1.252e+00,-1.303e+00,-1.303e+00
1.500e-01,3.000e+03,1.000e+00,2.000e+00,1.000e+00,4.500e+00,2.111e-01,2.111e-01,-1.809e+00,-1.856e+00,-1.838e+00,-1.848e+00,-1.953e+00,-1.953e+00
2.000e-01,3.000e+03,1.000e+00,2.000e+00,1.000e+00,4.500e+00,3.251e-01,3.251e-01,-2.363e+00,-2.445e+00,-2.432e+00,-2.447e+00,-2.602e+00,-2.602e+00
2.500e-01,3.000e+03,1.000e+00,2.000e+00,1.000e+00,4.500e+00,4.741e-01,4.741e-01,-2.923e+00,-3.030e+00,-3.032e+00,-3.088e+00,-3.251e+00,-3.251e+00
3.000e-01,3.000e+03,1.000e+00,2.000e+00,1.000e+00,4.500e+00,6.707e-01,6.707e-01,-3.498e+00,-3.610e+00,-3.622e+00,-3.831e+00,-3.899e+00,-3.899e+00
3.500e-01,3.000e+03,1.000e+00,2.000e+00,1.000e+00,4.500e+00,9.341e-01,9.341e-01,-4.083e+00,-4.159e+00,-4.173e+00,-4.761e+00,-4.546e+00,-4.546e+00
4.000e-01,3.000e+03,1.000e+00,2.000e+00,1.000e+00,4.500e+00,1.293e+00,1.293e+00,-4.650e+00,-4.634e+00,-4.643e+00,-5.995e+00,-5.193e+00,-5.193e+00
4.500e-01,3.000e+03,1.000e+00,2.000e+00,1.000e+00,4.500e+00,1.790e+00,1.790e+00,-5.152e+00,-4.976e+00,-4.976e+00,-7.682e+00,-5.838e+00,-5.838e+00
5.000e-01,3.000e+03,1.000e+00,2.000e+00,1.000e+00,4.500e+00,2.497e+00,2.497e+00,-5.535e+00,-5.114e+00,-5.106e+00,-1.001e+01,-6.482e+00,-6.482e+00
2.500e-02,3.000e+03,1.000e+00,2.100e+00,1.000e+00,4.500e+00,2.681e-02,2.681e-02,-3.147e-01,-3.196e-01,-3.174e-01,-3.177e-01,-3.207e-01,-3.207e-01
5.000e-02,3.000e+03,1.000e+00,2.100e+00,1.000e+00,4.500e+00,5.700e-02,5.700e-02,-6.249e-01,-6.320e-01,-6.272e-01,-6.293e-01,-6.412e-01,-6.412e-01
7.500e-02,3.000e+03,1.000e+00,2.100e+00,1.000e+00,4.500e+00,9.104e-02,9.104e-02,-9.270e-01,-9.378e-01,-9.301e-01,-9.350e-01,-9.616e-01,-9.616e-01
1.000e-01,3.000e+03,1.000e+00,2.100e+00,1.000e+00,4.500e+00,1.295e-01,1.295e-01,-1.220e+00,-1.239e+00,-1.228e+00,-1.236e+00,-1.282e+00,-1.282e+00
1.500e-01,3.000e+03,1.000e+00,2.100e+00,1.000e+00,4.500e+00,2.223e-01,2.223e-01,-1.782e+00,-1.835e+00,-1.817e+00,-1.827e+00,-1.922e+00,-1.922e+00
2.000e-01,3.000e+03,1.000e+00,2.100e+00,1.000e+00,4.500e+00,3.420e-01,3.420e-01,-2.329e+00,-2.420e+00,-2.405e+00,-2.423e+00,-2.561e+00,-2.561e+00
2.500e-01,3.000e+03,1.000e+00,2.100e+00,1.000e+00,4.500e+00,4.981e-01,4.981e-01,-2.880e+00,-3.001e+00,-2.998e+00,-3.059e+00,-3.199e+00,-3.199e+00
3.000e-01,3.000e+03,1.000e+00,2.100e+00,1.000e+00,4.500e+00,7.037e-01,7.037e-01,-3.447e+00,-3.573e+00,-3.579e+00,-3.787e+00,-3.836e+00,-3.836e+00
3.500e-01,3.000e+03,1.000e+00,2.100e+00,1.000e+00,4.500e+00,9.784e-01,9.784e-01,-4.024e+00,-4.110e+00,-4.118e+00,-4.679e+00,-4.473e+00,-4.473e+00
4.000e-01,3.000e+03,1.000e+00,2.100e+00,1.000e+00,4.500e+00,1.351e+00,1.351e+00,-4.585e+00,-4.570e+00,-4.572e+00,-5.836e+00,-5.108e+00,-5.108e+00
4.500e-01,3.000e+03,1.000e+00,2.100e+00,1.000e+00,4.500e+00,1.868e+00,1.868e+00,-5.087e+00,-4.894e+00,-4.887e+00,-7.383e+00,-5.742e+00,-5.742e+00
5.000e-01,3.000e+03,1.000e+00,2.100e+00,1.000e+00,4.500e+00,2.598e+00,2.598e+00,-5.477e+00,-5.011e+00,-4.996e+00,-9.477e+00,-6.375e+00,-6.375e+00
2.500e-02,3.000e+03,1.000e+00,2.200e+00,1.000e+00,4.500e+00,2.822e-02,2.822e-02,-3.099e-01,-3.149e-01,-3.128e-01,-3.132e-01,-3.160e-01,-3.160e-01
5.000e-02,3.000e+03,1.000e+00,2.200e+00,1.000e+00,4.500e+00,5.998e-02,5.998e-02,-6.157e-01,-6.232e-01,-6.185e-01,-6.206e-01,-6.318e-01,-6.318e-01
7.500e-02,3.000e+03,1.000e+00,2.200e+00,1.000e+00,4.500e+00,9.576e-02,9.576e-02,-9.137e-01,-9.254e-01,-9.181e-01,-9.227e-01,-9.474e-01,-9.474e-01
1.000e-01,3.000e+03,1.000e+00,2.200e+00,1.000e+00,4.500e+00,1.361e-01,1.361e-01,-1.203e+00,-1.224e+00,-1.213e+00,-1.220e+00,-1.263e+00,-1.263e+00
1.500e-01,3.000e+03,1.000e+00,2.200e+00,1.000e+00,4.500e+00,2.335e-01,2.335e-01,-1.758e+00,-1.815e+00,-1.798e+00,-1.807e+00,-1.893e+00,-1.893e+00
2.000e-01,3.000e+03,1.000e+00,2.200e+00,1.000e+00,4.500e+00,3.589e-01,3.589e-01,-2.297e+00,-2.396e+00,-2.381e+00,-2.399e+00,-2.523e+00,-2.523e+00
2.500e-01,3.000e+03,1.000e+00,2.200e+00,1.000e+00,4.500e+00,5.220e-01,5.220e-01,-2.840e+00,-2.973e+00,-2.967e+00,-3.027e+00,-3.151e+00,-3.151e+00
3.000e-01,3.000e+03,1.000e+00,2.200e+00,1.000e+00,4.500e+00,7.365e-01,7.365e-01,-3.398e+00,-3.537e+00,-3.537e+00,-3.734e+00,-3.779e+00,-3.779e+00
3.500e-01,3.000e+03,1.000e+00,2.200e+00,1.000e+00,4.500e+00,1.022e+00,1.022e+00,-3.967e+00,-4.062e+00,-4.064e+00,-4.584e+00,-4.405e+00,-4.405e+00
4.000e-01,3.000e+03,1.000e+00,2.200e+00,1.000e+00,4.500e+00,1.410e+00,1.410e+00,-4.521e+00,-4.508e+00,-4.503e+00,-5.656e+00,-5.031e+00,-5.031e+00
4.500e-01,3.000e+03,1.000e+00,2.200e+00,1.000e+00,4.500e+00,1.944e+00,1.944e+00,-5.020e+00,-4.813e+00,-4.801e+00,-7.055e+00,-5.655e+00,-5.655e+00
5.000e-01,3.000e+03,1.000e+00,2.200e+00,1.000e+00,4.500e+00,2.698e+00,2.698e+00,-5.414e+00,-4.909e+00,-4.889e+00,-8.907e+00,-6.278e+00,-6.278e+00
2.500e-02,3.000e+03,1.000e+00,2.300e+00,1.000e+00,4.500e+00,2.963e-02,2.963e-02,-3.055e-01,-3.107e-01,-3.085e-01,-3.090e-01,-3.116e-01,-3.116e-01
5.000e-02,3.000e+03,1.000e+00,2.300e+00,1.000e+00,4.500e+00,6.296e-02,6.296e-02,-6.072e-01,-6.151e-01,-6.106e-01,-6.126e-01,-6.230e-01,-6.230e-01
7.500e-02,3.000e+03,1.000e+00,2.300e+00,1.000e+00,4.500e+00,1.005e-01,1.005e-01,-9.014e-01,-9.141e-01,-9.070e-01,-9.114e-01,-9.342e-01,-9.342e-01
1.000e-01,3.000e+03,1.000e+00,2.300e+00,1.000e+00,4.500e+00,1.428e-01,1.428e-01,-1.187e+00,-1.210e+00,-1.200e+00,-1.206e+00,-1.245e+00,-1.245e+00
1.500e-01,3.000e+03,1.000e+00,2.300e+00,1.000e+00,4.500e+00,2.447e-01,2.447e-01,-1.735e+00,-1.796e+00,-1.779e+00,-1.788e+00,-1.867e+00,-1.867e+00
2.000e-01,3.000e+03,1.000e+00,2.300e+00,1.000e+00,4.500e+00,3.757e-01,3.757e-01,-2.267e+00,-2.373e+00,-2.357e+00,-2.375e+00,-2.487e+00,-2.487e+00
2.500e-01,3.000e+03,1.000e+00,2.300e+00,1.000e+00,4.500e+00,5.459e-01,5.459e-01,-2.802e+00,-2.945e+00,-2.936e+00,-2.993e+00,-3.107e+00,-3.107e+00
3.000e-01,3.000e+03,1.000e+00,2.300e+00,1.000e+00,4.500e+00,7.692e-01,7.692e-01,-3.351e+00,-3.501e+00,-3.498e+00,-3.680e+00,-3.725e+00,-3.725e+00
3.500e-01,3.000e+03,1.000e+00,2.300e+00,1.000e+00,4.500e+00,1.066e+00,1.066e+00,-3.911e+00,-4.015e+00,-4.012e+00,-4.485e+00,-4.343e+00,-4.343e+00
4.000e-01,3.000e+03,1.000e+00,2.300e+00,1.000e+00,4.500e+00,1.468e+00,1.468e+00,-4.458e+00,-4.446e+00,-4.436e+00,-5.474e+00,-4.959e+00,-4.959e+00
4.500e-01,3.000e+03,1.000e+00,2.300e+00,1.000e+00,4.500e+00,2.020e+00,2.020e+00,-4.953e+00,-4.734e+00,-4.717e+00,-6.729e+00,-5.574e+00,-5.574e+00
5.000e-01,3.000e+03,1.000e+00,2.300e+00,1.000e+00,4.500e+00,2.796e+00,2.796e+00,-5.345e+00,-4.809e+00,-4.785e+00,-8.352e+00,-6.187e+00,-6.187e+00
2.500e-02,3.000e+03,1.000e+00,2.400e+00,1.000e+00,4.500e+00,3.105e-02,3.105e-02,-3.013e-01,-3.067e-01,-3.046e-01,-3.051e-01,-3.075e-01,-3.075e-01
5.000e-02,3.000e+03,1.000e+00,2.400e+00,1.000e+00,4.500e+00,6.594e-02,6.594e-02,-5.992e-01,-6.076e-01,-6.032e-01,-6.052e-01,-6.149e-01,-6.149e-01
7.500e-02,3.000e+03,1.000e+00,2.400e+00,1.000e+00,4.500e+00,1.052e-01,1.052e-01,-8.900e-01,-9.035e-01,-8.968e-01,-9.008e-01,-9.220e-01,-9.220e-01
1.000e-01,3.000e+03,1.000e+00,2.400e+00,1.000e+00,4.500e+00,1.495e-01,1.495e-01,-1.172e+00,-1.197e+00,-1.187e+00,-1.193e+00,-1.229e+00,-1.229e+00
1.500e-01,3.000e+03,1.000e+00,2.400e+00,1.000e+00,4.500e+00,2.559e-01,2.559e-01,-1.714e+00,-1.778e+00,-1.762e+00,-1.770e+00,-1.842e+00,-1.842e+00
2.000e-01,3.000e+03,1.000e+00,2.400e+00,1.000e+00,4.500e+00,3.925e-01,3.925e-01,-2.239e+00,-2.351e+00,-2.335e+00,-2.352e+00,-2.454e+00,-2.454e+00
2.500e-01,3.000e+03,1.000e+00,2.400e+00,1.000e+00,4.500e+00,5.697e-01,5.697e-01,-2.765e+00,-2.917e+00,-2.907e+00,-2.960e+00,-3.066e+00,-3.066e+00
3.000e-01,3.000e+03,1.000e+00,2.400e+00,1.000e+00,4.500e+00,8.018e-01,8.018e-01,-3.306e+00,-3.465e+00,-3.459e+00,-3.625e+00,-3.676e+00,-3.676e+00
3.500e-01,3.000e+03,1.000e+00,2.400e+00,1.000e+00,4.500e+00,1.110e+00,1.110e+00,-3.857e+00,-3.968e+00,-3.961e+00,-4.387e+00,-4.285e+00,-4.285e+00
4.000e-01,3.000e+03,1.000e+00,2.400e+00,1.000e+00,4.500e+00,1.525e+00,1.525e+00,-4.396e+00,-4.384e+00,-4.372e+00,-5.298e+00,-4.892e+00,-4.892e+00
4.500e-01,3.000e+03,1.000e+00,2.400e+00,1.000e+00,4.500e+00,2.095e+00,2.095e+00,-4.885e+00,-4.656e+00,-4.635e+00,-6.421e+00,-5.498e+00,-5.498e+00
5.000e-01,3.000e+03,1.000e+00,2.400e+00,1.000e+00,4.500e+00,2.894e+00,2.894e+00,-5.274e+00,-4.711e+00,-4.683e+00,-7.835e+00,-6.103e+00,-6.103e+00
2.500e-02,3.000e+03,1.000e+00,2.500e+00,1.000e+00,4.500e+00,3.247e-02,3.247e-02,-2.974e-01,-3.031e-01,-3.010e-01,-3.015e-01,-3.038e-01,-3.038e-01
5.000e-02,3.000e+03,1.000e+00,2.500e+00,1.000e+00,4.500e+00,6.893e-02,6.893e-02,-5.917e-01,-6.007e-01,-5.964e-01,-5.983e-01,-6.073e-01,-6.073e-01
7.500e-02,3.000e+03,1.000e+00,2.500e+00,1.000e+00,4.500e+00,1.099e-01,1.099e-01,-8.792e-01,-8.937e-01,-8.872e-01,-8.910e-01,-9.107e-01,-9.107e-01
1.000e-01,3.000e+03,1.000e+00,2.500e+00,1.000e+00,4.500e+00,1.561e-01,1.561e-01,-1.158e+00,-1.184e+00,-1.175e+00,-1.180e+00,-1.214e+00,-1.214e+00
1.500e-01,3.000e+03,1.000e+00,2.500e+00,1.000e+00,4.500e+00,2.671e-01,2.671e-01,-1.694e+00,-1.761e+00,-1.746e+00,-1.753e+00,-1.819e+00,-1.819e+00
2.000e-01,3.000e+03,1.000e+00,2.500e+00,1.000e+00,4.500e+00,4.093e-01,4.093e-01,-2.212e+00,-2.330e+00,-2.314e+00,-2.329e+00,-2.424e+00,-2.424e+00
2.500e-01,3.000e+03,1.000e+00,2.500e+00,1.000e+00,4.500e+00,5.934e-01,5.934e-01,-2.731e+00,-2.890e+00,-2.878e+00,-2.927e+00,-3.027e+00,-3.027e+00
3.000e-01,3.000e+03,1.000e+00,2.500e+00,1.000e+00,4.500e+00,8.342e-01,8.342e-01,-3.263e+00,-3.430e+00,-3.421e+00,-3.571e+00,-3.629e+00,-3.629e+00
3.500e-01,3.000e+03,1.000e+00,2.500e+00,1.000e+00,4.500e+00,1.153e+00,1.153e+00,-3.805e+00,-3.922e+00,-3.912e+00,-4.293e+00,-4.230e+00,-4.230e+00
4.000e-01,3.000e+03,1.000e+00,2.500e+00,1.000e+00,4.500e+00,1.582e+00,1.582e+00,-4.335e+00,-4.324e+00,-4.308e+00,-5.133e+00,-4.830e+00,-4.830e+00
4.500e-01,3.000e+03,1.000e+00,2.500e+00,1.000e+00,4.500e+00,2.169e+00,2.169e+00,-4.816e+00,-4.578e+00,-4.555e+00,-6.137e+00,-5.428e+00,-5.428e+00
5.000e-01,3.000e+03,1.000e+00,2.500e+00,1.000e+00,4.500e+00,2.990e+00,2.990e+00,-5.200e+00,-4.615e+00,-4.583e+00,-7.364e+00,-6.025e+00,-6.025e+00
2.500e-02,3.000e+03,1.000e+00,2.600e+00,1.000e+00,4.500e+00,3.389e-02,3.389e-02,-2.937e-01,-2.996e-01,-2.976e-01,-2.981e-01,-3.002e-01,-3.002e-01
5.000e-02,3.000e+03,1.000e+00,2.600e+00,1.000e+00,4.500e+00,7.192e-02,7.192e-02,-5.847e-01,-5.942e-01,-5.899e-01,-5.918e-01,-6.002e-01,-6.002e-01
7.500e-02,3.000e+03,1.000e+00,2.600e+00,1.000e+00,4.500e+00,1.147e-01,1.147e-01,-8.689e-01,-8.845e-01,-8.782e-01,-8.817e-01,-9.000e-01,-9.000e-01
1.000e-01,3.000e+03,1.000e+00,2.600e+00,1.000e+00,4.500e+00,1.628e-01,1.628e-01,-1.145e+00,-1.173e+00,-1.164e+00,-1.168e+00,-1.200e+00,-1.200e+00
1.500e-01,3.000e+03,1.000e+00,2.600e+00,1.000e+00,4.500e+00,2.782e-01,2.782e-01,-1.674e+00,-1.745e+00,-1.731e+00,-1.737e+00,-1.798e+00,-1.798e+00
2.000e-01,3.000e+03,1.000e+00,2.600e+00,1.000e+00,4.500e+00,4.261e-01,4.261e-01,-2.186e+00,-2.309e+00,-2.293e+00,-2.307e+00,-2.395e+00,-2.395e+00
2.500e-01,3.000e+03,1.000e+00,2.600e+00,1.000e+00,4.500e+00,6.171e-01,6.171e-01,-2.697e+00,-2.864e+00,-2.851e+00,-2.895e+00,-2.991e+00,-2.991e+00
3.000e-01,3.000e+03,1.000e+00,2.600e+00,1.000e+00,4.500e+00,8.665e-01,8.665e-01,-3.221e+00,-3.395e+00,-3.384e+00,-3.520e+00,-3.586e+00,-3.586e+00
3.500e-01,3.000e+03,1.000e+00,2.600e+00,1.000e+00,4.500e+00,1.196e+00,1.196e+00,-3.754e+00,-3.876e+00,-3.864e+00,-4.205e+00,-4.179e+00,-4.179e+00
4.000e-01,3.000e+03,1.000e+00,2.600e+00,1.000e+00,4.500e+00,1.639e+00,1.639e+00,-4.274e+00,-4.264e+00,-4.246e+00,-4.980e+00,-4.771e+00,-4.771e+00
4.500e-01,3.000e+03,1.000e+00,2.600e+00,1.000e+00,4.500e+00,2.243e+00,2.243e+00,-4.746e+00,-4.502e+00,-4.476e+00,-5.878e+00,-5.362e+00,-5.362e+00
5.000e-01,3.000e+03,1.000e+00,2.600e+00,1.000e+00,4.500e+00,3.085e+00,3.085e+00,-5.124e+00,-4.519e+00,-4.485e+00,-6.940e+00,-5.951e+00,-5.951e+00
2.500e-02,3.000e+03,1.000e+00,2.700e+00,1.000e+00,4.500e+00,3.531e-02,3.531e-02,-2.903e-01,-2.964e-01,-2.944e-01,-2.949e-01,-2.969e-01,-2.969e-01
5.000e-02,3.000e+03,1.000e+00,2.700e+00,1.000e+00,4.500e+00,7.492e-02,7.492e-02,-5.779e-01,-5.880e-01,-5.839e-01,-5.857e-01,-5.935e-01,-5.935e-01
7.500e-02,3.000e+03,1.000e+00,2.700e+00,1.000e+00,4.500e+00,1.194e-01,1.194e-01,-8.592e-01,-8.757e-01,-8.697e-01,-8.729e-01,-8.899e-01,-8.899e-01
1.000e-01,3.000e+03,1.000e+00,2.700e+00,1.000e+00,4.500e+00,1.694e-01,1.694e-01,-1.132e+00,-1.161e+00,-1.153e+00,-1.157e+00,-1.186e+00,-1.186e+00
1.500e-01,3.000e+03,1.000e+00,2.700e+00,1.000e+00,4.500e+00,2.894e-01,2.894e-01,-1.656e+00,-1.729e+00,-1.716e+00,-1.721e+00,-1.778e+00,-1.778e+00
2.000e-01,3.000e+03,1.000e+00,2.700e+00,1.000e+00,4.500e+00,4.428e-01,4.428e-01,-2.161e+00,-2.289e+00,-2.273e+00,-2.286e+00,-2.368e+00,-2.368e+00
2.500e-01,3.000e+03,1.000e+00,2.700e+00,1.000e+00,4.500e+00,6.407e-01,6.407e-01,-2.665e+00,-2.838e+00,-2.824e+00,-2.864e+00,-2.957e+00,-2.957e+00
3.000e-01,3.000e+03,1.000e+00,2.700e+00,1.000e+00,4.500e+00,8.987e-01,8.987e-01,-3.180e+00,-3.361e+00,-3.348e+00,-3.470e+00,-3.545e+00,-3.545e+00
3.500e-01,3.000e+03,1.000e+00,2.700e+00,1.000e+00,4.500e+00,1.239e+00,1.239e+00,-3.703e+00,-3.831e+00,-3.817e+00,-4.122e+00,-4.131e+00,-4.131e+00
4.000e-01,3.000e+03,1.000e+00,2.700e+00,1.000e+00,4.500e+00,1.695e+00,1.695e+00,-4.214e+00,-4.205e+00,-4.185e+00,-4.839e+00,-4.716e+00,-4.716e+00
4.500e-01,3.000e+03,1.000e+00,2.700e+00,1.000e+00,4.500e+00,2.316e+00,2.316e+00,-4.677e+00,-4.427e+00,-4.399e+00,-5.643e+00,-5.299e+00,-5.299e+00
5.000e-01,3.000e+03,1.000e+00,2.700e+00,1.000e+00,4.500e+00,3.179e+00,3.179e+00,-5.046e+00,-4.425e+00,-4.389e+00,-6.561e+00,-5.881e+00,-5.881e+00
2.500e-02,3.000e+03,1.000e+00,2.800e+00,1.000e+00,4.500e+00,3.673e-02,3.673e-02,-2.869e-01,-2.934e-01,-2.914e-01,-2.918e-01,-2.937e-01,-2.937e-01
5.000e-02,3.000e+03,1.000e+00,2.800e+00,1.000e+00,4.500e+00,7.792e-02,7.792e-02,-5.715e-01,-5.822e-01,-5.782e-01,-5.798e-01,-5.872e-01,-5.872e-01
7.500e-02,3.000e+03,1.000e+00,2.800e+00,1.000e+00,4.500e+00,1.241e-01,1.241e-01,-8.499e-01,-8.674e-01,-8.616e-01,-8.645e-01,-8.804e-01,-8.804e-01
1.000e-01,3.000e+03,1.000e+00,2.800e+00,1.000e+00,4.500e+00,1.761e-01,1.761e-01,-1.120e+00,-1.151e+00,-1.143e+00,-1.147e+00,-1.173e+00,-1.173e+00
1.500e-01,3.000e+03,1.000e+00,2.800e+00,1.000e+00,4.500e+00,3.006e-01,3.006e-01,-1.638e+00,-1.714e+00,-1.701e+00,-1.706e+00,-1.758e+00,-1.758e+00
2.000e-01,3.000e+03,1.000e+00,2.800e+00,1.000e+00,4.500e+00,4.595e-01,4.595e-01,-2.137e+00,-2.269e+00,-2.253e+00,-2.265e+00,-2.342e+00,-2.342e+00
2.500e-01,3.000e+03,1.000e+00,2.800e+00,1.000e+00,4.500e+00,6.642e-01,6.642e-01,-2.634e+00,-2.812e+00,-2.797e+00,-2.834e+00,-2.925e+00,-2.925e+00
3.000e-01,3.000e+03,1.000e+00,2.800e+00,1.000e+00,4.500e+00,9.307e-01,9.307e-01,-3.140e+00,-3.327e+00,-3.313e+00,-3.423e+00,-3.506e+00,-3.506e+00
3.500e-01,3.000e+03,1.000e+00,2.800e+00,1.000e+00,4.500e+00,1.282e+00,1.282e+00,-3.654e+00,-3.786e+00,-3.770e+00,-4.044e+00,-4.085e+00,-4.085e+00
4.000e-01,3.000e+03,1.000e+00,2.800e+00,1.000e+00,4.500e+00,1.751e+00,1.751e+00,-4.155e+00,-4.147e+00,-4.125e+00,-4.709e+00,-4.663e+00,-4.663e+00
4.500e-01,3.000e+03,1.000e+00,2.800e+00,1.000e+00,4.500e+00,2.389e+00,2.389e+00,-4.608e+00,-4.353e+00,-4.322e+00,-5.431e+00,-5.240e+00,-5.240e+00
5.000e-01,3.000e+03,1.000e+00,2.800e+00,1.000e+00,4.500e+00,3.273e+00,3.273e+00,-4.967e+00,-4.333e+00,-4.294e+00,-6.222e+00,-5.814e+00,-5.814e+00
2.500e-02,3.000e+03,1.000e+00,2.900e+00,1.000e+00,4.500e+00,3.816e-02,3.816e-02,-2.837e-01,-2.905e-01,-2.885e-01,-2.889e-01,-2.907e-01,-2.907e-01
5.000e-02,3.000e+03,1.000e+00,2.900e+00,1.000e+00,4.500e+00,8.092e-02,8.092e-02,-5.654e-01,-5.767e-01,-5.727e-01,-5.743e-01,-5.812e-01,-5.812e-01
7.500e-02,3.000e+03,1.000e+00,2.900e+00,1.000e+00,4.500e+00,1.289e-01,1.289e-01,-8.409e-01,-8.595e-01,-8.538e-01,-8.565e-01,-8.713e-01,-8.713e-01
1.000e-01,3.000e+03,1.000e+00,2.900e+00,1.000e+00,4.500e+00,1.828e-01,1.828e-01,-1.109e+00,-1.141e+00,-1.133e+00,-1.136e+00,-1.161e+00,-1.161e+00
1.500e-01,3.000e+03,1.000e+00,2.900e+00,1.000e+00,4.500e+00,3.117e-01,3.117e-01,-1.621e+00,-1.699e+00,-1.687e+00,-1.691e+00,-1.740e+00,-1.740e+00
2.000e-01,3.000e+03,1.000e+00,2.900e+00,1.000e+00,4.500e+00,4.762e-01,4.762e-01,-2.114e+00,-2.249e+00,-2.234e+00,-2.245e+00,-2.318e+00,-2.318e+00
2.500e-01,3.000e+03,1.000e+00,2.900e+00,1.000e+00,4.500e+00,6.877e-01,6.877e-01,-2.603e+00,-2.786e+00,-2.771e+00,-2.804e+00,-2.894e+00,-2.894e+00
3.000e-01,3.000e+03,1.000e+00,2.900e+00,1.000e+00,4.500e+00,9.626e-01,9.626e-01,-3.102e+00,-3.293e+00,-3.278e+00,-3.377e+00,-3.469e+00,-3.469e+00
3.500e-01,3.000e+03,1.000e+00,2.900e+00,1.000e+00,4.500e+00,1.324e+00,1.324e+00,-3.606e+00,-3.741e+00,-3.724e+00,-3.970e+00,-4.042e+00,-4.042e+00
4.000e-01,3.000e+03,1.000e+00,2.900e+00,1.000e+00,4.500e+00,1.806e+00,1.806e+00,-4.096e+00,-4.090e+00,-4.066e+00,-4.589e+00,-4.614e+00,-4.614e+00
4.500e-01,3.000e+03,1.000e+00,2.900e+00,1.000e+00,4.500e+00,2.461e+00,2.461e+00,-4.538e+00,-4.280e+00,-4.248e+00,-5.237e+00,-5.183e+00,-5.183e+00
5.000e-01,3.000e+03,1.000e+00,2.900e+00,1.000e+00,4.500e+00,3.365e+00,3.365e+00,-4.887e+00,-4.241e+00,-4.201e+00,-5.917e+00,-5.751e+00,-5.751e+00
2.500e-02,3.000e+03,1.000e+00,3.000e+00,1.000e+00,4.500e+00,3.959e-02,3.959e-02,-2.807e-01,-2.877e-01,-2.857e-01,-2.862e-01,-2.879e-01,-2.879e-01
5.000e-02,3.000e+03,1.000e+00,3.000e+00,1.000e+00,4.500e+00,8.392e-02,8.392e-02,-5.594e-01,-5.714e-01,-5.675e-01,-5.690e-01,-5.754e-01,-5.754e-01
7.500e-02,3.000e+03,1.000e+00,3.000e+00,1.000e+00,4.500e+00,1.336e-01,1.336e-01,-8.322e-01,-8.519e-01,-8.464e-01,-8.488e-01,-8.627e-01,-8.627e-01
1.000e-01,3.000e+03,1.000e+00,3.000e+00,1.000e+00,4.500e+00,1.894e-01,1.894e-01,-1.097e+00,-1.131e+00,-1.123e+00,-1.126e+00,-1.150e+00,-1.150e+00
1.500e-01,3.000e+03,1.000e+00,3.000e+00,1.000e+00,4.500e+00,3.229e-01,3.229e-01,-1.604e+00,-1.685e+00,-1.673e+00,-1.677e+00,-1.723e+00,-1.723e+00
2.000e-01,3.000e+03,1.000e+00,3.000e+00,1.000e+00,4.500e+00,4.928e-01,4.928e-01,-2.091e+00,-2.230e+00,-2.215e+00,-2.225e+00,-2.294e+00,-2.294e+00
2.500e-01,3.000e+03,1.000e+00,3.000e+00,1.000e+00,4.500e+00,7.111e-01,7.111e-01,-2.574e+00,-2.761e+00,-2.745e+00,-2.776e+00,-2.865e+00,-2.865e+00
3.000e-01,3.000e+03,1.000e+00,3.000e+00,1.000e+00,4.500e+00,9.944e-01,9.944e-01,-3.063e+00,-3.259e+00,-3.243e+00,-3.334e+00,-3.433e+00,-3.433e+00
3.500e-01,3.000e+03,1.000e+00,3.000e+00,1.000e+00,4.500e+00,1.366e+00,1.366e+00,-3.558e+00,-3.697e+00,-3.679e+00,-3.901e+00,-4.001e+00,-4.001e+00
4.000e-01,3.000e+03,1.000e+00,3.000e+00,1.000e+00,4.500e+00,1.862e+00,1.862e+00,-4.038e+00,-4.032e+00,-4.007e+00,-4.478e+00,-4.566e+00,-4.566e+00
4.500e-01,3.000e+03,1.000e+00,3.000e+00,1.000e+00,4.500e+00,2.532e+00,2.532e+00,-4.469e+00,-4.207e+00,-4.174e+00,-5.061e+00,-5.129e+00,-5.129e+00
5.000e-01,3.000e+03,1.000e+00,3.000e+00,1.000e+00,4.500e+00,3.456e+00,3.456e+00,-4.806e+00,-4.151e+00,-4.109e+00,-5.643e+00,-5.691e+00,-5.691e+00
2.500e-02,3.000e+03,1.000e+00,3.100e+00,1.000e+00,4.500e+00,4.101e-02,4.101e-02,-2.777e-01,-2.851e-01,-2.831e-01,-2.835e-01,-2.851e-01,-2.851e-01
5.000e-02,3.000e+03,1.000e+00,3.100e+00,1.000e+00,4.500e+00,8.692e-02,8.692e-02,-5.537e-01,-5.663e-01,-5.625e-01,-5.639e-01,-5.699e-01,-5.699e-01
7.500e-02,3.000e+03,1.000e+00,3.100e+00,1.000e+00,4.500e+00,1.384e-01,1.384e-01,-8.239e-01,-8.446e-01,-8.393e-01,-8.414e-01,-8.545e-01,-8.545e-01
1.000e-01,3.000e+03,1.000e+00,3.100e+00,1.000e+00,4.500e+00,1.961e-01,1.961e-01,-1.086e+00,-1.121e+00,-1.114e+00,-1.117e+00,-1.139e+00,-1.139e+00
1.500e-01,3.000e+03,1.000e+00,3.100e+00,1.000e+00,4.500e+00,3.340e-01,3.340e-01,-1.588e+00,-1.671e+00,-1.660e+00,-1.662e+00,-1.706e+00,-1.706e+00
2.000e-01,3.000e+03,1.000e+00,3.100e+00,1.000e+00,4.500e+00,5.094e-01,5.094e-01,-2.069e+00,-2.211e+00,-2.196e+00,-2.205e+00,-2.272e+00,-2.272e+00
2.500e-01,3.000e+03,1.000e+00,3.100e+00,1.000e+00,4.500e+00,7.345e-01,7.345e-01,-2.544e+00,-2.736e+00,-2.720e+00,-2.748e+00,-2.837e+00,-2.837e+00
3.000e-01,3.000e+03,1.000e+00,3.100e+00,1.000e+00,4.500e+00,1.026e+00,1.026e+00,-3.026e+00,-3.226e+00,-3.209e+00,-3.292e+00,-3.400e+00,-3.400e+00
3.500e-01,3.000e+03,1.000e+00,3.100e+00,1.000e+00,4.500e+00,1.408e+00,1.408e+00,-3.511e+00,-3.654e+00,-3.634e+00,-3.836e+00,-3.961e+00,-3.961e+00
4.000e-01,3.000e+03,1.000e+00,3.100e+00,1.000e+00,4.500e+00,1.917e+00,1.917e+00,-3.980e+00,-3.976e+00,-3.950e+00,-4.375e+00,-4.520e+00,-4.520e+00
4.500e-01,3.000e+03,1.000e+00,3.100e+00,1.000e+00,4.500e+00,2.603e+00,2.603e+00,-4.400e+00,-4.135e+00,-4.101e+00,-4.900e+00,-5.078e+00,-5.078e+00
5.000e-01,3.000e+03,1.000e+00,3.100e+00,1.000e+00,4.500e+00,3.547e+00,3.547e+00,-4.725e+00,-4.062e+00,-4.018e+00,-5.396e+00,-5.633e+00,-5.633e+00
2.500e-02,3.000e+03,1.000e+00,3.200e+00,1.000e+00,4.500e+00,4.244e-02,4.244e-02,-2.749e-01,-2.825e-01,-2.806e-01,-2.810e-01,-2.825e-01,-2.825e-01
5.000e-02,3.000e+03,1.000e+00,3.200e+00,1.000e+00,4.500e+00,8.992e-02,8.992e-02,-5.482e-01,-5.615e-01,-5.577e-01,-5.590e-01,-5.647e-01,-5.647e-01
7.500e-02,3.000e+03,1.000e+00,3.200e+00,1.000e+00,4.500e+00,1.431e-01,1.431e-01,-8.157e-01,-8.375e-01,-8.323e-01,-8.343e-01,-8.465e-01,-8.465e-01
1.000e-01,3.000e+03,1.000e+00,3.200e+00,1.000e+00,4.500e+00,2.027e-01,2.027e-01,-1.076e+00,-1.112e+00,-1.105e+00,-1.107e+00,-1.128e+00,-1.128e+00
1.500e-01,3.000e+03,1.000e+00,3.200e+00,1.000e+00,4.500e+00,3.451e-01,3.451e-01,-1.572e+00,-1.658e+00,-1.647e+00,-1.649e+00,-1.690e+00,-1.690e+00
2.000e-01,3.000e+03,1.000e+00,3.200e+00,1.000e+00,4.500e+00,5.260e-01,5.260e-01,-2.047e+00,-2.193e+00,-2.178e+00,-2.186e+00,-2.251e+00,-2.251e+00
2.500e-01,3.000e+03,1.000e+00,3.200e+00,1.000e+00,4.500e+00,7.578e-01,7.578e-01,-2.516e+00,-2.711e+00,-2.695e+00,-2.720e+00,-2.810e+00,-2.810e+00
3.000e-01,3.000e+03,1.000e+00,3.200e+00,1.000e+00,4.500e+00,1.058e+00,1.058e+00,-2.989e+00,-3.193e+00,-3.176e+00,-3.251e+00,-3.367e+00,-3.367e+00
3.500e-01,3.000e+03,1.000e+00,3.200e+00,1.000e+00,4.500e+00,1.450e+00,1.450e+00,-3.464e+00,-3.610e+00,-3.590e+00,-3.773e+00,-3.923e+00,-3.923e+00
4.000e-01,3.000e+03,1.000e+00,3.200e+00,1.000e+00,4.500e+00,1.971e+00,1.971e+00,-3.923e+00,-3.920e+00,-3.893e+00,-4.278e+00,-4.476e+00,-4.476e+00
4.500e-01,3.000e+03,1.000e+00,3.200e+00,1.000e+00,4.500e+00,2.673e+00,2.673e+00,-4.330e+00,-4.064e+00,-4.029e+00,-4.751e+00,-5.028e+00,-5.028e+00
5.000e-01,3.000e+03,1.000e+00,3.200e+00,1.000e+00,4.500e+00,3.637e+00,3.637e+00,-4.644e+00,-3.974e+00,-3.929e+00,-5.170e+00,-5.577e+00,-5.577e+00
2.500e-02,3.000e+03,1.000e+00,3.300e+00,1.000e+00,4.500e+00,4.387e-02,4.387e-02,-2.721e-01,-2.801e-01,-2.782e-01,-2.786e-01,-2.800e-01,-2.800e-01
5.000e-02,3.000e+03,1.000e+00,3.300e+00,1.000e+00,4.500e+00,9.292e-02,9.292e-02,-5.428e-01,-5.568e-01,-5.531e-01,-5.542e-01,-5.596e-01,-5.596e-01
7.500e-02,3.000e+03,1.000e+00,3.300e+00,1.000e+00,4.500e+00,1.478e-01,1.478e-01,-8.078e-01,-8.307e-01,-8.256e-01,-8.274e-01,-8.389e-01,-8.389e-01
1.000e-01,3.000e+03,1.000e+00,3.300e+00,1.000e+00,4.500e+00,2.094e-01,2.094e-01,-1.065e+00,-1.103e+00,-1.097e+00,-1.098e+00,-1.118e+00,-1.118e+00
1.500e-01,3.000e+03,1.000e+00,3.300e+00,1.000e+00,4.500e+00,3.562e-01,3.562e-01,-1.556e+00,-1.644e+00,-1.634e+00,-1.635e+00,-1.675e+00,-1.675e+00
2.000e-01,3.000e+03,1.000e+00,3.300e+00,1.000e+00,4.500e+00,5.425e-01,5.425e-01,-2.026e+00,-2.174e+00,-2.160e+00,-2.167e+00,-2.230e+00,-2.230e+00
2.500e-01,3.000e+03,1.000e+00,3.300e+00,1.000e+00,4.500e+00,7.810e-01,7.810e-01,-2.488e+00,-2.686e+00,-2.670e+00,-2.693e+00,-2.784e+00,-2.784e+00
3.000e-01,3.000e+03,1.000e+00,3.300e+00,1.000e+00,4.500e+00,1.089e+00,1.089e+00,-2.953e+00,-3.160e+00,-3.143e+00,-3.211e+00,-3.336e+00,-3.336e+00
3.500e-01,3.000e+03,1.000e+00,3.300e+00,1.000e+00,4.500e+00,1.492e+00,1.492e+00,-3.418e+00,-3.568e+00,-3.546e+00,-3.714e+00,-3.886e+00,-3.886e+00
4.000e-01,3.000e+03,1.000e+00,3.300e+00,1.000e+00,4.500e+00,2.025e+00,2.025e+00,-3.866e+00,-3.865e+00,-3.837e+00,-4.187e+00,-4.434e+00,-4.434e+00
4.500e-01,3.000e+03,1.000e+00,3.300e+00,1.000e+00,4.500e+00,2.743e+00,2.743e+00,-4.262e+00,-3.994e+00,-3.958e+00,-4.613e+00,-4.980e+00,-4.980e+00
5.000e-01,3.000e+03,1.000e+00,3.300e+00,1.000e+00,4.500e+00,3.726e+00,3.726e+00,-4.562e+00,-3.886e+00,-3.840e+00,-4.964e+00,-5.524e+00,-5.524e+00
2.500e-02,3.000e+03,1.000e+00,3.400e+00,1.000e+00,4.500e+00,4.530e-02,4.530e-02,-2.694e-01,-2.777e-01,-2.759e-01,-2.762e-01,-2.775e-01,-2.775e-01
5.000e-02,3.000e+03,1.000e+00,3.400e+00,1.000e+00,4.500e+00,9.593e-02,9.593e-02,-5.375e-01,-5.522e-01,-5.486e-01,-5.496e-01,-5.547e-01,-5.547e-01
7.500e-02,3.000e+03,1.000e+00,3.400e+00,1.000e+00,4.500e+00,1.526e-01,1.526e-01,-8.001e-01,-8.241e-01,-8.191e-01,-8.206e-01,-8.316e-01,-8.316e-01
1.000e-01,3.000e+03,1.000e+00,3.400e+00,1.000e+00,4.500e+00,2.160e-01,2.160e-01,-1.055e+00,-1.094e+00,-1.088e+00,-1.090e+00,-1.108e+00,-1.108e+00
1.500e-01,3.000e+03,1.000e+00,3.400e+00,1.000e+00,4.500e+00,3.673e-01,3.673e-01,-1.541e+00,-1.631e+00,-1.621e+00,-1.622e+00,-1.660e+00,-1.660e+00
2.000e-01,3.000e+03,1.000e+00,3.400e+00,1.000e+00,4.500e+00,5.590e-01,5.590e-01,-2.005e+00,-2.156e+00,-2.142e+00,-2.148e+00,-2.210e+00,-2.210e+00
2.500e-01,3.000e+03,1.000e+00,3.400e+00,1.000e+00,4.500e+00,8.041e-01,8.041e-01,-2.460e+00,-2.662e+00,-2.645e+00,-2.667e+00,-2.759e+00,-2.759e+00
3.000e-01,3.000e+03,1.000e+00,3.400e+00,1.000e+00,4.500e+00,1.120e+00,1.120e+00,-2.917e+00,-3.128e+00,-3.110e+00,-3.173e+00,-3.306e+00,-3.306e+00
3.500e-01,3.000e+03,1.000e+00,3.400e+00,1.000e+00,4.500e+00,1.533e+00,1.533e+00,-3.373e+00,-3.525e+00,-3.503e+00,-3.656e+00,-3.850e+00,-3.850e+00
4.000e-01,3.000e+03,1.000e+00,3.400e+00,1.000e+00,4.500e+00,2.079e+00,2.079e+00,-3.810e+00,-3.810e+00,-3.781e+00,-4.101e+00,-4.393e+00,-4.393e+00
4.500e-01,3.000e+03,1.000e+00,3.400e+00,1.000e+00,4.500e+00,2.812e+00,2.812e+00,-4.193e+00,-3.925e+00,-3.887e+00,-4.485e+00,-4.934e+00,-4.934e+00
5.000e-01,3.000e+03,1.000e+00,3.400e+00,1.000e+00,4.500e+00,3.814e+00,3.814e+00,-4.480e+00,-3.800e+00,-3.753e+00,-4.775e+00,-5.472e+00,-5.472e+00
2.500e-02,3.000e+03,1.000e+00,3.500e+00,1.000e+00,4.500e+00,4.673e-02,4.673e-02,-2.668e-01,-2.754e-01,-2.736e-01,-2.739e-01,-2.752e-01,-2.752e-01
5.000e-02,3.000e+03,1.000e+00,3.500e+00,1.000e+00,4.500e+00,9.893e-02,9.893e-02,-5.324e-01,-5.478e-01,-5.442e-01,-5.452e-01,-5.500e-01,-5.500e-01
7.500e-02,3.000e+03,1.000e+00,3.500e+00,1.000e+00,4.500e+00,1.573e-01,1.573e-01,-7.925e-01,-8.176e-01,-8.128e-01,-8.141e-01,-8.245e-01,-8.245e-01
1.000e-01,3.000e+03,1.000e+00,3.500e+00,1.000e+00,4.500e+00,2.227e-01,2.227e-01,-1.045e+00,-1.086e+00,-1.080e+00,-1.081e+00,-1.099e+00,-1.099e+00
1.500e-01,3.000e+03,1.000e+00,3.500e+00,1.000e+00,4.500e+00,3.784e-01,3.784e-01,-1.526e+00,-1.618e+00,-1.609e+00,-1.609e+00,-1.646e+00,-1.646e+00
2.000e-01,3.000e+03,1.000e+00,3.500e+00,1.000e+00,4.500e+00,5.755e-01,5.755e-01,-1.984e+00,-2.138e+00,-2.124e+00,-2.130e+00,-2.191e+00,-2.191e+00
2.500e-01,3.000e+03,1.000e+00,3.500e+00,1.000e+00,4.500e+00,8.272e-01,8.272e-01,-2.432e+00,-2.637e+00,-2.621e+00,-2.641e+00,-2.735e+00,-2.735e+00
3.000e-01,3.000e+03,1.000e+00,3.500e+00,1.000e+00,4.500e+00,1.152e+00,1.152e+00,-2.881e+00,-3.096e+00,-3.077e+00,-3.136e+00,-3.276e+00,-3.276e+00
3.500e-01,3.000e+03,1.000e+00,3.500e+00,1.000e+00,4.500e+00,1.574e+00,1.574e+00,-3.328e+00,-3.483e+00,-3.460e+00,-3.601e+00,-3.816e+00,-3.816e+00
4.000e-01,3.000e+03,1.000e+00,3.500e+00,1.000e+00,4.500e+00,2.133e+00,2.133e+00,-3.754e+00,-3.755e+00,-3.726e+00,-4.020e+00,-4.354e+00,-4.354e+00
4.500e-01,3.000e+03,1.000e+00,3.500e+00,1.000e+00,4.500e+00,2.881e+00,2.881e+00,-4.125e+00,-3.856e+00,-3.818e+00,-4.364e+00,-4.889e+00,-4.889e+00
5.000e-01,3.000e+03,1.000e+00,3.500e+00,1.000e+00,4.500e+00,3.902e+00,3.902e+00,-4.398e+00,-3.715e+00,-3.666e+00,-4.599e+00,-5.422e+00,-5.422e+00
2.500e-02,3.000e+03,1.000e+00,3.600e+00,1.000e+00,4.500e+00,4.816e-02,4.816e-02,-2.642e-01,-2.732e-01,-2.714e-01,-2.717e-01,-2.729e-01,-2.729e-01
5.000e-02,3.000e+03,1.000e+00,3.600e+00,1.000e+00,4.500e+00,1.019e-01,1.019e-01,-5.274e-01,-5.435e-01,-5.400e-01,-5.408e-01,-5.454e-01,-5.454e-01
7.500e-02,3.000e+03,1.000e+00,3.600e+00,1.000e+00,4.500e+00,1.620e-01,1.620e-01,-7.851e-01,-8.113e-01,-8.066e-01,-8.077e-01,-8.176e-01,-8.176e-01
1.000e-01,3.000e+03,1.000e+00,3.600e+00,1.000e+00,4.500e+00,2.293e-01,2.293e-01,-1.035e+00,-1.078e+00,-1.072e+00,-1.072e+00,-1.089e+00,-1.089e+00
1.500e-01,3.000e+03,1.000e+00,3.600e+00,1.000e+00,4.500e+00,3.894e-01,3.894e-01,-1.511e+00,-1.605e+00,-1.596e+00,-1.596e+00,-1.632e+00,-1.632e+00
2.000e-01,3.000e+03,1.000e+00,3.600e+00,1.000e+00,4.500e+00,5.920e-01,5.920e-01,-1.964e+00,-2.120e+00,-2.107e+00,-2.112e+00,-2.172e+00,-2.172e+00
2.500e-01,3.000e+03,1.000e+00,3.600e+00,1.000e+00,4.500e+00,8.503e-01,8.503e-01,-2.405e+00,-2.613e+00,-2.597e+00,-2.616e+00,-2.711e+00,-2.711e+00
3.000e-01,3.000e+03,1.000e+00,3.600e+00,1.000e+00,4.500e+00,1.183e+00,1.183e+00,-2.846e+00,-3.064e+00,-3.045e+00,-3.099e+00,-3.248e+00,-3.248e+00
3.500e-01,3.000e+03,1.000e+00,3.600e+00,1.000e+00,4.500e+00,1.615e+00,1.615e+00,-3.283e+00,-3.441e+00,-3.418e+00,-3.548e+00,-3.783e+00,-3.783e+00
4.000e-01,3.000e+03,1.000e+00,3.600e+00,1.000e+00,4.500e+00,2.186e+00,2.186e+00,-3.698e+00,-3.701e+00,-3.671e+00,-3.942e+00,-4.315e+00,-4.315e+00
4.500e-01,3.000e+03,1.000e+00,3.600e+00,1.000e+00,4.500e+00,2.949e+00,2.949e+00,-4.057e+00,-3.788e+00,-3.749e+00,-4.251e+00,-4.846e+00,-4.846e+00
5.000e-01,3.000e+03,1.000e+00,3.600e+00,1.000e+00,4.500e+00,3.989e+00,3.989e+00,-4.316e+00,-3.630e+00,-3.581e+00,-4.435e+00,-5.373e+00,-5.373e+00
2.500e-02,3.000e+03,1.000e+00,3.700e+00,1.000e+00,4.500e+00,4.959e-02,4.959e-02,-2.617e-01,-2.711e-01,-2.693e-01,-2.695e-01,-2.707e-01,-2.707e-01
5.000e-02,3.000e+03,1.000e+00,3.700e+00,1.000e+00,4.500e+00,1.049e-01,1.049e-01,-5.225e-01,-5.393e-01,-5.359e-01,-5.366e-01,-5.410e-01,-5.410e-01
7.500e-02,3.000e+03,1.000e+00,3.700e+00,1.000e+00,4.500e+00,1.668e-01,1.668e-01,-7.778e-01,-8.051e-01,-8.005e-01,-8.014e-01,-8.109e-01,-8.109e-01
1.000e-01,3.000e+03,1.000e+00,3.700e+00,1.000e+00,4.500e+00,2.360e-01,2.360e-01,-1.026e+00,-1.069e+00,-1.064e+00,-1.064e+00,-1.080e+00,-1.080e+00
1.500e-01,3.000e+03,1.000e+00,3.700e+00,1.000e+00,4.500e+00,4.005e-01,4.005e-01,-1.497e+00,-1.593e+00,-1.584e+00,-1.584e+00,-1.618e+00,-1.618e+00
2.000e-01,3.000e+03,1.000e+00,3.700e+00,1.000e+00,4.500e+00,6.084e-01,6.084e-01,-1.944e+00,-2.103e+00,-2.090e+00,-2.094e+00,-2.154e+00,-2.154e+00
2.500e-01,3.000e+03,1.000e+00,3.700e+00,1.000e+00,4.500e+00,8.732e-01,8.732e-01,-2.379e+00,-2.589e+00,-2.573e+00,-2.590e+00,-2.688e+00,-2.688e+00
3.000e-01,3.000e+03,1.000e+00,3.700e+00,1.000e+00,4.500e+00,1.214e+00,1.214e+00,-2.811e+00,-3.032e+00,-3.012e+00,-3.063e+00,-3.220e+00,-3.220e+00
3.500e-01,3.000e+03,1.000e+00,3.700e+00,1.000e+00,4.500e+00,1.656e+00,1.656e+00,-3.239e+00,-3.399e+00,-3.376e+00,-3.497e+00,-3.750e+00,-3.750e+00
4.000e-01,3.000e+03,1.000e+00,3.700e+00,1.000e+00,4.500e+00,2.239e+00,2.239e+00,-3.643e+00,-3.648e+00,-3.617e+00,-3.867e+00,-4.278e+00,-4.278e+00
4.500e-01,3.000e+03,1.000e+00,3.700e+00,1.000e+00,4.500e+00,3.017e+00,3.017e+00,-3.989e+00,-3.720e+00,-3.681e+00,-4.143e+00,-4.803e+00,-4.803e+00
5.000e-01,3.000e+03,1.000e+00,3.700e+00,1.000e+00,4.500e+00,4.075e+00,4.075e+00,-4.235e+00,-3.547e+00,-3.496e+00,-4.282e+00,-5.326e+00,-5.326e+00
2.500e-02,3.000e+03,1.000e+00,3.800e+00,1.000e+00,4.500e+00,5.102e-02,5.102e-02,-2.593e-01,-2.690e-01,-2.672e-01,-2.674e-01,-2.685e-01,-2.685e-01
5.000e-02,3.000e+03,1.000e+00,3.800e+00,1.000e+00,4.500e+00,1.079e-01,1.079e-01,-5.177e-01,-5.352e-01,-5.318e-01,-5.324e-01,-5.367e-01,-5.367e-01
7.500e-02,3.000e+03,1.000e+00,3.800e+00,1.000e+00,4.500e+00,1.715e-01,1.715e-01,-7.706e-01,-7.991e-01,-7.946e-01,-7.953e-01,-8.044e-01,-8.044e-01
1.000e-01,3.000e+03,1.000e+00,3.800e+00,1.000e+00,4.500e+00,2.426e-01,2.426e-01,-1.016e+00,-1.061e+00,-1.056e+00,-1.056e+00,-1.072e+00,-1.072e+00
1.500e-01,3.000e+03,1.000e+00,3.800e+00,1.000e+00,4.500e+00,4.115e-01,4.115e-01,-1.483e+00,-1.580e+00,-1.572e+00,-1.571e+00,-1.605e+00,-1.605e+00
2.000e-01,3.000e+03,1.000e+00,3.800e+00,1.000e+00,4.500e+00,6.248e-01,6.248e-01,-1.924e+00,-2.085e+00,-2.072e+00,-2.076e+00,-2.137e+00,-2.137e+00
2.500e-01,3.000e+03,1.000e+00,3.800e+00,1.000e+00,4.500e+00,8.962e-01,8.962e-01,-2.352e+00,-2.566e+00,-2.549e+00,-2.566e+00,-2.666e+00,-2.666e+00
3.000e-01,3.000e+03,1.000e+00,3.800e+00,1.000e+00,4.500e+00,1.245e+00,1.245e+00,-2.777e+00,-3.000e+00,-2.981e+00,-3.028e+00,-3.194e+00,-3.194e+00
3.500e-01,3.000e+03,1.000e+00,3.800e+00,1.000e+00,4.500e+00,1.697e+00,1.697e+00,-3.195e+00,-3.358e+00,-3.334e+00,-3.447e+00,-3.719e+00,-3.719e+00
4.000e-01,3.000e+03,1.000e+00,3.800e+00,1.000e+00,4.500e+00,2.292e+00,2.292e+00,-3.588e+00,-3.595e+00,-3.564e+00,-3.796e+00,-4.242e+00,-4.242e+00
4.500e-01,3.000e+03,1.000e+00,3.800e+00,1.000e+00,4.500e+00,3.085e+00,3.085e+00,-3.922e+00,-3.653e+00,-3.613e+00,-4.041e+00,-4.762e+00,-4.762e+00
5.000e-01,3.000e+03,1.000e+00,3.800e+00,1.000e+00,4.500e+00,4.160e+00,4.160e+00,-4.153e+00,-3.464e+00,-3.412e+00,-4.138e+00,-5.280e+00,-5.280e+00
2.500e-02,3.000e+03,1.000e+00,3.900e+00,1.000e+00,4.500e+00,5.245e-02,5.245e-02,-2.569e-01,-2.669e-01,-2.652e-01,-2.654e-01,-2.664e-01,-2.664e-01
5.000e-02,3.000e+03,1.000e+00,3.900e+00,1.000e+00,4.500e+00,1.109e-01,1.109e-01,-5.129e-01,-5.312e-01,-5.279e-01,-5.284e-01,-5.325e-01,-5.325e-01
7.500e-02,3.000e+03,1.000e+00,3.900e+00,1.000e+00,4.500e+00,1.762e-01,1.762e-01,-7.636e-01,-7.931e-01,-7.888e-01,-7.893e-01,-7.981e-01,-7.981e-01
1.000e-01,3.000e+03,1.000e+00,3.900e+00,1.000e+00,4.500e+00,2.492e-01,2.492e-01,-1.007e+00,-1.054e+00,-1.048e+00,-1.048e+00,-1.063e+00,-1.063e+00
1.500e-01,3.000e+03,1.000e+00,3.900e+00,1.000e+00,4.500e+00,4.225e-01,4.225e-01,-1.468e+00,-1.568e+00,-1.560e+00,-1.559e+00,-1.592e+00,-1.592e+00
2.000e-01,3.000e+03,1.000e+00,3.900e+00,1.000e+00,4.500e+00,6.411e-01,6.411e-01,-1.904e+00,-2.068e+00,-2.055e+00,-2.059e+00,-2.119e+00,-2.119e+00
2.500e-01,3.000e+03,1.000e+00,3.900e+00,1.000e+00,4.500e+00,9.190e-01,9.190e-01,-2.326e+00,-2.542e+00,-2.526e+00,-2.541e+00,-2.644e+00,-2.644e+00
3.000e-01,3.000e+03,1.000e+00,3.900e+00,1.000e+00,4.500e+00,1.275e+00,1.275e+00,-2.743e+00,-2.969e+00,-2.949e+00,-2.994e+00,-3.167e+00,-3.167e+00
3.500e-01,3.000e+03,1.000e+00,3.900e+00,1.000e+00,4.500e+00,1.737e+00,1.737e+00,-3.152e+00,-3.317e+00,-3.292e+00,-3.398e+00,-3.688e+00,-3.688e+00
4.000e-01,3.000e+03,1.000e+00,3.900e+00,1.000e+00,4.500e+00,2.344e+00,2.344e+00,-3.533e+00,-3.542e+00,-3.511e+00,-3.727e+00,-4.206e+00,-4.206e+00
4.500e-01,3.000e+03,1.000e+00,3.900e+00,1.000e+00,4.500e+00,3.152e+00,3.152e+00,-3.854e+00,-3.587e+00,-3.546e+00,-3.944e+00,-4.722e+00,-4.722e+00
5.000e-01,3.000e+03,1.000e+00,3.900e+00,1.000e+00,4.500e+00,4.245e+00,4.245e+00,-4.072e+00,-3.381e+00,-3.329e+00,-4.002e+00,-5.235e+00,-5.235e+00
2.500e-02,3.000e+03,1.000e+00,4.000e+00,1.000e+00,4.500e+00,5.389e-02,5.389e-02,-2.546e-01,-2.649e-01,-2.632e-01,-2.634e-01,-2.644e-01,-2.644e-01
5.000e-02,3.000e+03,1.000e+00,4.000e+00,1.000e+00,4.500e+00,1.140e-01,1.140e-01,-5.083e-01,-5.272e-01,-5.240e-01,-5.244e-01,-5.283e-01,-5.283e-01
7.500e-02,3.000e+03,1.000e+00,4.000e+00,1.000e+00,4.500e+00,1.810e-01,1.810e-01,-7.566e-01,-7.873e-01,-7.831e-01,-7.834e-01,-7.919e-01,-7.919e-01
1.000e-01,3.000e+03,1.000e+00,4.000e+00,1.000e+00,4.500e+00,2.559e-01,2.559e-01,-9.974e-01,-1.046e+00,-1.041e+00,-1.040e+00,-1.055e+00,-1.055e+00
1.500e-01,3.000e+03,1.000e+00,4.000e+00,1.000e+00,4.500e+00,4.336e-01,4.336e-01,-1.454e+00,-1.556e+00,-1.548e+00,-1.547e+00,-1.580e+00,-1.580e+00
2.000e-01,3.000e+03,1.000e+00,4.000e+00,1.000e+00,4.500e+00,6.575e-01,6.575e-01,-1.884e+00,-2.051e+00,-2.039e+00,-2.042e+00,-2.103e+00,-2.103e+00
2.500e-01,3.000e+03,1.000e+00,4.000e+00,1.000e+00,4.500e+00,9.418e-01,9.418e-01,-2.300e+00,-2.519e+00,-2.502e+00,-2.517e+00,-2.623e+00,-2.623e+00
3.000e-01,3.000e+03,1.000e+00,4.000e+00,1.000e+00,4.500e+00,1.306e+00,1.306e+00,-2.709e+00,-2.938e+00,-2.918e+00,-2.960e+00,-3.142e+00,-3.142e+00
3.500e-01,3.000e+03,1.000e+00,4.000e+00,1.000e+00,4.500e+00,1.778e+00,1.778e+00,-3.109e+00,-3.276e+00,-3.251e+00,-3.350e+00,-3.658e+00,-3.658e+00
4.000e-01,3.000e+03,1.000e+00,4.000e+00,1.000e+00,4.500e+00,2.396e+00,2.396e+00,-3.479e+00,-3.490e+00,-3.458e+00,-3.659e+00,-4.172e+00,-4.172e+00
4.500e-01,3.000e+03,1.000e+00,4.000e+00,1.000e+00,4.500e+00,3.218e+00,3.218e+00,-3.788e+00,-3.521e+00,-3.480e+00,-3.850e+00,-4.683e+00,-4.683e+00
5.000e-01,3.000e+03,1.000e+00,4.000e+00,1.000e+00,4.500e+00,4.330e+00,4.330e+00,-3.990e+00,-3.300e+00,-3.247e+00,-3.872e+00,-5.191e+00,-5.191e+00
