pf,N,m,T,sigma,cut,EOS_CS,EOS_kolafa,EOS_gottschalk,EOS_thol,EOS_mecke,EOS_hess
2.000e-02,3.000e+03,1.000e+00,1.300e+00,1.000e+00,4.500e+00,1.084e+00,8.734e-01,8.772e-01,8.760e-01,8.984e-01,8.742e-01
2.000e-02,3.000e+03,1.000e+00,1.400e+00,1.000e+00,4.500e+00,1.084e+00,8.905e-01,8.937e-01,8.926e-01,9.116e-01,8.909e-01
2.000e-02,3.000e+03,1.000e+00,1.500e+00,1.000e+00,4.500e+00,1.084e+00,9.050e-01,9.075e-01,9.065e-01,9.231e-01,9.049e-01
2.000e-02,3.000e+03,1.000e+00,1.600e+00,1.000e+00,4.500e+00,1.084e+00,9.173e-01,9.193e-01,9.183e-01,9.332e-01,9.168e-01
2.000e-02,3.000e+03,1.000e+00,1.700e+00,1.000e+00,4.500e+00,1.084e+00,9.280e-01,9.294e-01,9.285e-01,9.421e-01,9.270e-01
2.000e-02,3.000e+03,1.000e+00,1.800e+00,1.000e+00,4.500e+00,1.084e+00,9.374e-01,9.381e-01,9.373e-01,9.500e-01,9.360e-01
2.000e-02,3.000e+03,1.000e+00,1.900e+00,1.000e+00,4.500e+00,1.084e+00,9.456e-01,9.458e-01,9.451e-01,9.571e-01,9.438e-01
2.000e-02,3.000e+03,1.000e+00,2.000e+00,1.000e+00,4.500e+00,1.084e+00,9.529e-01,9.526e-01,9.519e-01,9.635e-01,9.507e-01
2.000e-02,3.000e+03,1.000e+00,2.100e+00,1.000e+00,4.500e+00,1.084e+00,9.595e-01,9.587e-01,9.580e-01,9.693e-01,9.569e-01
2.000e-02,3.000e+03,1.000e+00,2.200e+00,1.000e+00,4.500e+00,1.084e+00,9.654e-01,9.641e-01,9.635e-01,9.745e-01,9.624e-01
2.000e-02,3.000e+03,1.000e+00,2.300e+00,1.000e+00,4.500e+00,1.084e+00,9.707e-01,9.690e-01,9.684e-01,9.793e-01,9.673e-01
2.000e-02,3.000e+03,1.000e+00,2.400e+00,1.000e+00,4.500e+00,1.084e+00,9.755e-01,9.735e-01,9.729e-01,9.837e-01,9.718e-01
2.000e-02,3.000e+03,1.000e+00,2.500e+00,1.000e+00,4.500e+00,1.084e+00,9.800e-01,9.775e-01,9.769e-01,9.877e-01,9.759e-01
2.000e-02,3.000e+03,1.000e+00,2.600e+00,1.000e+00,4.500e+00,1.084e+00,9.840e-01,9.812e-01,9.806e-01,9.914e-01,9.796e-01
2.000e-02,3.000e+03,1.000e+00,2.700e+00,1.000e+00,4.500e+00,1.084e+00,9.878e-01,9.845e-01,9.840e-01,9.949e-01,9.830e-01
2.000e-02,3.000e+03,1.000e+00,2.800e+00,1.000e+00,4.500e+00,1.084e+00,9.912e-01,9.876e-01,9.871e-01,9.981e-01,9.861e-01
2.000e-02,3.000e+03,1.000e+00,2.900e+00,1.000e+00,4.500e+00,1.084e+00,9.944e-01,9.905e-01,9.899e-01,1.001e+00,9.890e-01
2.000e-02,3.000e+03,1.000e+00,3.000e+00,1.000e+00,4.500e+00,1.084e+00,9.974e-01,9.931e-01,9.926e-01,1.004e+00,9.917e-01
2.000e-02,3.000e+03,1.000e+00,3.100e+00,1.000e+00,4.500e+00,1.084e+00,1.000e+00,9.955e-01,9.950e-01,1.006e+00,9.941e-01
2.000e-02,3.000e+03,1.000e+00,3.200e+00,1.000e+00,4.500e+00,1.084e+00,1.003e+00,9.978e-01,9.973e-01,1.009e+00,9.964e-01
2.000e-02,3.000e+03,1.000e+00,3.300e+00,1.000e+00,4.500e+00,1.084e+00,1.005e+00,9.999e-01,9.994e-01,1.011e+00,9.986e-01
2.000e-02,3.000e+03,1.000e+00,3.400e+00,1.000e+00,4.500e+00,1.084e+00,1.007e+00,1.002e+00,1.001e+00,1.013e+00,1.001e+00
2.000e-02,3.000e+03,1.000e+00,3.500e+00,1.000e+00,4.500e+00,1.084e+00,1.010e+00,1.004e+00,1.003e+00,1.015e+00,1.002e+00
2.000e-02,3.000e+03,1.000e+00,3.600e+00,1.000e+00,4.500e+00,1.084e+00,1.012e+00,1.005e+00,1.005e+00,1.017e+00,1.004e+00
2.000e-02,3.000e+03,1.000e+00,3.700e+00,1.000e+00,4.500e+00,1.084e+00,1.013e+00,1.007e+00,1.007e+00,1.019e+00,1.006e+00
2.000e-02,3.000e+03,1.000e+00,3.800e+00,1.000e+00,4.500e+00,1.084e+00,1.015e+00,1.009e+00,1.008e+00,1.021e+00,1.007e+00
2.000e-02,3.000e+03,1.000e+00,3.900e+00,1.000e+00,4.500e+00,1.084e+00,1.017e+00,1.010e+00,1.010e+00,1.022e+00,1.009e+00
2.000e-02,3.000e+03,1.000e+00,4.000e+00,1.000e+00,4.500e+00,1.084e+00,1.018e+00,1.011e+00,1.011e+00,1.024e+00,1.010e+00
4.000e-02,3.000e+03,1.000e+00,1.300e+00,1.000e+00,4.500e+00,1.177e+00,7.556e-01,7.629e-01,7.616e-01,7.982e-01,7.503e-01
4.000e-02,3.000e+03,1.000e+00,1.400e+00,1.000e+00,4.500e+00,1.177e+00,7.895e-01,7.955e-01,7.941e-01,8.250e-01,7.836e-01
4.000e-02,3.000e+03,1.000e+00,1.500e+00,1.000e+00,4.500e+00,1.177e+00,8.180e-01,8.227e-01,8.212e-01,8.483e-01,8.116e-01
4.000e-02,3.000e+03,1.000e+00,1.600e+00,1.000e+00,4.500e+00,1.177e+00,8.424e-01,8.457e-01,8.443e-01,8.689e-01,8.354e-01
4.000e-02,3.000e+03,1.000e+00,1.700e+00,1.000e+00,4.500e+00,1.177e+00,8.636e-01,8.655e-01,8.641e-01,8.870e-01,8.559e-01
4.000e-02,3.000e+03,1.000e+00,1.800e+00,1.000e+00,4.500e+00,1.177e+00,8.821e-01,8.827e-01,8.814e-01,9.032e-01,8.738e-01
4.000e-02,3.000e+03,1.000e+00,1.900e+00,1.000e+00,4.500e+00,1.177e+00,8.984e-01,8.979e-01,8.965e-01,9.176e-01,8.894e-01
4.000e-02,3.000e+03,1.000e+00,2.000e+00,1.000e+00,4.500e+00,1.177e+00,9.130e-01,9.113e-01,9.100e-01,9.306e-01,9.033e-01
4.000e-02,3.000e+03,1.000e+00,2.100e+00,1.000e+00,4.500e+00,1.177e+00,9.260e-01,9.232e-01,9.219e-01,9.424e-01,9.156e-01
4.000e-02,3.000e+03,1.000e+00,2.200e+00,1.000e+00,4.500e+00,1.177e+00,9.377e-01,9.339e-01,9.327e-01,9.531e-01,9.266e-01
4.000e-02,3.000e+03,1.000e+00,2.300e+00,1.000e+00,4.500e+00,1.177e+00,9.483e-01,9.435e-01,9.423e-01,9.629e-01,9.365e-01
4.000e-02,3.000e+03,1.000e+00,2.400e+00,1.000e+00,4.500e+00,1.177e+00,9.580e-01,9.523e-01,9.511e-01,9.718e-01,9.455e-01
4.000e-02,3.000e+03,1.000e+00,2.500e+00,1.000e+00,4.500e+00,1.177e+00,9.669e-01,9.602e-01,9.590e-01,9.801e-01,9.536e-01
4.000e-02,3.000e+03,1.000e+00,2.600e+00,1.000e+00,4.500e+00,1.177e+00,9.750e-01,9.675e-01,9.663e-01,9.877e-01,9.611e-01
4.000e-02,3.000e+03,1.000e+00,2.700e+00,1.000e+00,4.500e+00,1.177e+00,9.825e-01,9.741e-01,9.730e-01,9.947e-01,9.678e-01
4.000e-02,3.000e+03,1.000e+00,2.800e+00,1.000e+00,4.500e+00,1.177e+00,9.894e-01,9.803e-01,9.791e-01,1.001e+00,9.741e-01
4.000e-02,3.000e+03,1.000e+00,2.900e+00,1.000e+00,4.500e+00,1.177e+00,9.958e-01,9.859e-01,9.848e-01,1.007e+00,9.798e-01
4.000e-02,3.000e+03,1.000e+00,3.000e+00,1.000e+00,4.500e+00,1.177e+00,1.002e+00,9.911e-01,9.900e-01,1.013e+00,9.852e-01
4.000e-02,3.000e+03,1.000e+00,3.100e+00,1.000e+00,4.500e+00,1.177e+00,1.007e+00,9.960e-01,9.949e-01,1.018e+00,9.901e-01
4.000e-02,3.000e+03,1.000e+00,3.200e+00,1.000e+00,4.500e+00,1.177e+00,1.012e+00,1.000e+00,9.994e-01,1.023e+00,9.947e-01
4.000e-02,3.000e+03,1.000e+00,3.300e+00,1.000e+00,4.500e+00,1.177e+00,1.017e+00,1.005e+00,1.004e+00,1.028e+00,9.989e-01
4.000e-02,3.000e+03,1.000e+00,3.400e+00,1.000e+00,4.500e+00,1.177e+00,1.022e+00,1.009e+00,1.007e+00,1.032e+00,1.003e+00
4.000e-02,3.000e+03,1.000e+00,3.500e+00,1.000e+00,4.500e+00,1.177e+00,1.026e+00,1.012e+00,1.011e+00,1.037e+00,1.007e+00
4.000e-02,3.000e+03,1.000e+00,3.600e+00,1.000e+00,4.500e+00,1.177e+00,1.030e+00,1.016e+00,1.015e+00,1.040e+00,1.010e+00
4.000e-02,3.000e+03,1.000e+00,3.700e+00,1.000e+00,4.500e+00,1.177e+00,1.034e+00,1.019e+00,1.018e+00,1.044e+00,1.013e+00
4.000e-02,3.000e+03,1.000e+00,3.800e+00,1.000e+00,4.500e+00,1.177e+00,1.038e+00,1.022e+00,1.021e+00,1.048e+00,1.016e+00
4.000e-02,3.000e+03,1.000e+00,3.900e+00,1.000e+00,4.500e+00,1.177e+00,1.041e+00,1.025e+00,1.024e+00,1.051e+00,1.019e+00
4.000e-02,3.000e+03,1.000e+00,4.000e+00,1.000e+00,4.500e+00,1.177e+00,1.044e+00,1.027e+00,1.026e+00,1.054e+00,1.022e+00
6.000e-02,3.000e+03,1.000e+00,1.300e+00,1.000e+00,4.500e+00,1.280e+00,6.513e-01,6.581e-01,6.574e-01,6.984e-01,6.283e-01
6.000e-02,3.000e+03,1.000e+00,1.400e+00,1.000e+00,4.500e+00,1.280e+00,7.011e-01,7.062e-01,7.050e-01,7.395e-01,6.782e-01
6.000e-02,3.000e+03,1.000e+00,1.500e+00,1.000e+00,4.500e+00,1.280e+00,7.431e-01,7.460e-01,7.445e-01,7.753e-01,7.202e-01
6.000e-02,3.000e+03,1.000e+00,1.600e+00,1.000e+00,4.500e+00,1.280e+00,7.791e-01,7.798e-01,7.781e-01,8.068e-01,7.559e-01
6.000e-02,3.000e+03,1.000e+00,1.700e+00,1.000e+00,4.500e+00,1.280e+00,8.103e-01,8.089e-01,8.071e-01,8.346e-01,7.867e-01
6.000e-02,3.000e+03,1.000e+00,1.800e+00,1.000e+00,4.500e+00,1.280e+00,8.376e-01,8.342e-01,8.324e-01,8.594e-01,8.135e-01
6.000e-02,3.000e+03,1.000e+00,1.900e+00,1.000e+00,4.500e+00,1.280e+00,8.618e-01,8.565e-01,8.546e-01,8.816e-01,8.369e-01
6.000e-02,3.000e+03,1.000e+00,2.000e+00,1.000e+00,4.500e+00,1.280e+00,8.833e-01,8.762e-01,8.744e-01,9.015e-01,8.577e-01
6.000e-02,3.000e+03,1.000e+00,2.100e+00,1.000e+00,4.500e+00,1.280e+00,9.027e-01,8.938e-01,8.920e-01,9.196e-01,8.762e-01
6.000e-02,3.000e+03,1.000e+00,2.200e+00,1.000e+00,4.500e+00,1.280e+00,9.201e-01,9.096e-01,9.078e-01,9.361e-01,8.927e-01
6.000e-02,3.000e+03,1.000e+00,2.300e+00,1.000e+00,4.500e+00,1.280e+00,9.359e-01,9.239e-01,9.221e-01,9.511e-01,9.075e-01
6.000e-02,3.000e+03,1.000e+00,2.400e+00,1.000e+00,4.500e+00,1.280e+00,9.503e-01,9.369e-01,9.350e-01,9.648e-01,9.210e-01
6.000e-02,3.000e+03,1.000e+00,2.500e+00,1.000e+00,4.500e+00,1.280e+00,9.635e-01,9.486e-01,9.468e-01,9.775e-01,9.332e-01
6.000e-02,3.000e+03,1.000e+00,2.600e+00,1.000e+00,4.500e+00,1.280e+00,9.756e-01,9.594e-01,9.576e-01,9.892e-01,9.443e-01
6.000e-02,3.000e+03,1.000e+00,2.700e+00,1.000e+00,4.500e+00,1.280e+00,9.868e-01,9.693e-01,9.675e-01,1.000e+00,9.545e-01
6.000e-02,3.000e+03,1.000e+00,2.800e+00,1.000e+00,4.500e+00,1.280e+00,9.971e-01,9.784e-01,9.766e-01,1.010e+00,9.639e-01
6.000e-02,3.000e+03,1.000e+00,2.900e+00,1.000e+00,4.500e+00,1.280e+00,1.007e+00,9.868e-01,9.850e-01,1.019e+00,9.725e-01
6.000e-02,3.000e+03,1.000e+00,3.000e+00,1.000e+00,4.500e+00,1.280e+00,1.016e+00,9.945e-01,9.927e-01,1.028e+00,9.805e-01
6.000e-02,3.000e+03,1.000e+00,3.100e+00,1.000e+00,4.500e+00,1.280e+00,1.024e+00,1.002e+00,9.999e-01,1.036e+00,9.879e-01
6.000e-02,3.000e+03,1.000e+00,3.200e+00,1.000e+00,4.500e+00,1.280e+00,1.032e+00,1.008e+00,1.007e+00,1.044e+00,9.947e-01
6.000e-02,3.000e+03,1.000e+00,3.300e+00,1.000e+00,4.500e+00,1.280e+00,1.039e+00,1.015e+00,1.013e+00,1.051e+00,1.001e+00
6.000e-02,3.000e+03,1.000e+00,3.400e+00,1.000e+00,4.500e+00,1.280e+00,1.046e+00,1.020e+00,1.019e+00,1.058e+00,1.007e+00
6.000e-02,3.000e+03,1.000e+00,3.500e+00,1.000e+00,4.500e+00,1.280e+00,1.052e+00,1.026e+00,1.024e+00,1.064e+00,1.013e+00
6.000e-02,3.000e+03,1.000e+00,3.600e+00,1.000e+00,4.500e+00,1.280e+00,1.058e+00,1.031e+00,1.029e+00,1.071e+00,1.018e+00
6.000e-02,3.000e+03,1.000e+00,3.700e+00,1.000e+00,4.500e+00,1.280e+00,1.064e+00,1.036e+00,1.034e+00,1.076e+00,1.023e+00
6.000e-02,3.000e+03,1.000e+00,3.800e+00,1.000e+00,4.500e+00,1.280e+00,1.069e+00,1.040e+00,1.039e+00,1.082e+00,1.027e+00
6.000e-02,3.000e+03,1.000e+00,3.900e+00,1.000e+00,4.500e+00,1.280e+00,1.075e+00,1.045e+00,1.043e+00,1.087e+00,1.032e+00
6.000e-02,3.000e+03,1.000e+00,4.000e+00,1.000e+00,4.500e+00,1.280e+00,1.079e+00,1.049e+00,1.047e+00,1.092e+00,1.036e+00
8.000e-02,3.000e+03,1.000e+00,1.300e+00,1.000e+00,4.500e+00,1.395e+00,5.622e-01,5.636e-01,5.622e-01,5.993e-01,5.082e-01
8.000e-02,3.000e+03,1.000e+00,1.400e+00,1.000e+00,4.500e+00,1.395e+00,6.271e-01,6.263e-01,6.240e-01,6.557e-01,5.748e-01
8.000e-02,3.000e+03,1.000e+00,1.500e+00,1.000e+00,4.500e+00,1.395e+00,6.819e-01,6.780e-01,6.753e-01,7.048e-01,6.308e-01
8.000e-02,3.000e+03,1.000e+00,1.600e+00,1.000e+00,4.500e+00,1.395e+00,7.290e-01,7.219e-01,7.190e-01,7.478e-01,6.784e-01
8.000e-02,3.000e+03,1.000e+00,1.700e+00,1.000e+00,4.500e+00,1.395e+00,7.699e-01,7.598e-01,7.567e-01,7.859e-01,7.194e-01
8.000e-02,3.000e+03,1.000e+00,1.800e+00,1.000e+00,4.500e+00,1.395e+00,8.058e-01,7.928e-01,7.898e-01,8.197e-01,7.551e-01
8.000e-02,3.000e+03,1.000e+00,1.900e+00,1.000e+00,4.500e+00,1.395e+00,8.376e-01,8.220e-01,8.189e-01,8.501e-01,7.864e-01
8.000e-02,3.000e+03,1.000e+00,2.000e+00,1.000e+00,4.500e+00,1.395e+00,8.659e-01,8.479e-01,8.448e-01,8.774e-01,8.140e-01
8.000e-02,3.000e+03,1.000e+00,2.100e+00,1.000e+00,4.500e+00,1.395e+00,8.913e-01,8.710e-01,8.680e-01,9.021e-01,8.386e-01
8.000e-02,3.000e+03,1.000e+00,2.200e+00,1.000e+00,4.500e+00,1.395e+00,9.143e-01,8.918e-01,8.888e-01,9.246e-01,8.606e-01
8.000e-02,3.000e+03,1.000e+00,2.300e+00,1.000e+00,4.500e+00,1.395e+00,9.352e-01,9.106e-01,9.077e-01,9.452e-01,8.805e-01
8.000e-02,3.000e+03,1.000e+00,2.400e+00,1.000e+00,4.500e+00,1.395e+00,9.542e-01,9.277e-01,9.248e-01,9.640e-01,8.984e-01
8.000e-02,3.000e+03,1.000e+00,2.500e+00,1.000e+00,4.500e+00,1.395e+00,9.716e-01,9.432e-01,9.404e-01,9.813e-01,9.146e-01
8.000e-02,3.000e+03,1.000e+00,2.600e+00,1.000e+00,4.500e+00,1.395e+00,9.877e-01,9.574e-01,9.546e-01,9.974e-01,9.295e-01
8.000e-02,3.000e+03,1.000e+00,2.700e+00,1.000e+00,4.500e+00,1.395e+00,1.002e+00,9.705e-01,9.677e-01,1.012e+00,9.431e-01
8.000e-02,3.000e+03,1.000e+00,2.800e+00,1.000e+00,4.500e+00,1.395e+00,1.016e+00,9.825e-01,9.798e-01,1.026e+00,9.555e-01
8.000e-02,3.000e+03,1.000e+00,2.900e+00,1.000e+00,4.500e+00,1.395e+00,1.029e+00,9.936e-01,9.909e-01,1.039e+00,9.670e-01
8.000e-02,3.000e+03,1.000e+00,3.000e+00,1.000e+00,4.500e+00,1.395e+00,1.041e+00,1.004e+00,1.001e+00,1.051e+00,9.776e-01
8.000e-02,3.000e+03,1.000e+00,3.100e+00,1.000e+00,4.500e+00,1.395e+00,1.052e+00,1.013e+00,1.011e+00,1.062e+00,9.875e-01
8.000e-02,3.000e+03,1.000e+00,3.200e+00,1.000e+00,4.500e+00,1.395e+00,1.062e+00,1.022e+00,1.020e+00,1.072e+00,9.966e-01
8.000e-02,3.000e+03,1.000e+00,3.300e+00,1.000e+00,4.500e+00,1.395e+00,1.072e+00,1.031e+00,1.028e+00,1.082e+00,1.005e+00
8.000e-02,3.000e+03,1.000e+00,3.400e+00,1.000e+00,4.500e+00,1.395e+00,1.081e+00,1.038e+00,1.036e+00,1.092e+00,1.013e+00
8.000e-02,3.000e+03,1.000e+00,3.500e+00,1.000e+00,4.500e+00,1.395e+00,1.089e+00,1.045e+00,1.043e+00,1.100e+00,1.020e+00
8.000e-02,3.000e+03,1.000e+00,3.600e+00,1.000e+00,4.500e+00,1.395e+00,1.097e+00,1.052e+00,1.050e+00,1.109e+00,1.027e+00
8.000e-02,3.000e+03,1.000e+00,3.700e+00,1.000e+00,4.500e+00,1.395e+00,1.105e+00,1.059e+00,1.056e+00,1.117e+00,1.034e+00
8.000e-02,3.000e+03,1.000e+00,3.800e+00,1.000e+00,4.500e+00,1.395e+00,1.112e+00,1.065e+00,1.062e+00,1.124e+00,1.040e+00
8.000e-02,3.000e+03,1.000e+00,3.900e+00,1.000e+00,4.500e+00,1.395e+00,1.119e+00,1.070e+00,1.068e+00,1.131e+00,1.046e+00
8.000e-02,3.000e+03,1.000e+00,4.000e+00,1.000e+00,4.500e+00,1.395e+00,1.126e+00,1.075e+00,1.073e+00,1.138e+00,1.051e+00
1.000e-01,3.000e+03,1.000e+00,1.300e+00,1.000e+00,4.500e+00,1.521e+00,4.880e-01,4.801e-01,4.758e-01,5.033e-01,3.901e-01
1.000e-01,3.000e+03,1.000e+00,1.400e+00,1.000e+00,4.500e+00,1.521e+00,5.675e-01,5.565e-01,5.509e-01,5.761e-01,4.733e-01
1.000e-01,3.000e+03,1.000e+00,1.500e+00,1.000e+00,4.500e+00,1.521e+00,6.348e-01,6.191e-01,6.133e-01,6.392e-01,5.433e-01
1.000e-01,3.000e+03,1.000e+00,1.600e+00,1.000e+00,4.500e+00,1.521e+00,6.927e-01,6.723e-01,6.667e-01,6.945e-01,6.028e-01
1.000e-01,3.000e+03,1.000e+00,1.700e+00,1.000e+00,4.500e+00,1.521e+00,7.430e-01,7.185e-01,7.130e-01,7.433e-01,6.540e-01
1.000e-01,3.000e+03,1.000e+00,1.800e+00,1.000e+00,4.500e+00,1.521e+00,7.873e-01,7.590e-01,7.537e-01,7.867e-01,6.986e-01
1.000e-01,3.000e+03,1.000e+00,1.900e+00,1.000e+00,4.500e+00,1.521e+00,8.265e-01,7.948e-01,7.897e-01,8.255e-01,7.377e-01
1.000e-01,3.000e+03,1.000e+00,2.000e+00,1.000e+00,4.500e+00,1.521e+00,8.615e-01,8.266e-01,8.218e-01,8.605e-01,7.723e-01
1.000e-01,3.000e+03,1.000e+00,2.100e+00,1.000e+00,4.500e+00,1.521e+00,8.929e-01,8.552e-01,8.505e-01,8.922e-01,8.030e-01
1.000e-01,3.000e+03,1.000e+00,2.200e+00,1.000e+00,4.500e+00,1.521e+00,9.214e-01,8.809e-01,8.764e-01,9.210e-01,8.305e-01
1.000e-01,3.000e+03,1.000e+00,2.300e+00,1.000e+00,4.500e+00,1.521e+00,9.472e-01,9.041e-01,8.998e-01,9.473e-01,8.553e-01
1.000e-01,3.000e+03,1.000e+00,2.400e+00,1.000e+00,4.500e+00,1.521e+00,9.708e-01,9.253e-01,9.211e-01,9.715e-01,8.777e-01
1.000e-01,3.000e+03,1.000e+00,2.500e+00,1.000e+00,4.500e+00,1.521e+00,9.924e-01,9.446e-01,9.405e-01,9.937e-01,8.980e-01
1.000e-01,3.000e+03,1.000e+00,2.600e+00,1.000e+00,4.500e+00,1.521e+00,1.012e+00,9.622e-01,9.583e-01,1.014e+00,9.165e-01
1.000e-01,3.000e+03,1.000e+00,2.700e+00,1.000e+00,4.500e+00,1.521e+00,1.031e+00,9.784e-01,9.746e-01,1.033e+00,9.335e-01
1.000e-01,3.000e+03,1.000e+00,2.800e+00,1.000e+00,4.500e+00,1.521e+00,1.048e+00,9.933e-01,9.896e-01,1.051e+00,9.491e-01
1.000e-01,3.000e+03,1.000e+00,2.900e+00,1.000e+00,4.500e+00,1.521e+00,1.064e+00,1.007e+00,1.004e+00,1.067e+00,9.634e-01
1.000e-01,3.000e+03,1.000e+00,3.000e+00,1.000e+00,4.500e+00,1.521e+00,1.078e+00,1.020e+00,1.016e+00,1.083e+00,9.767e-01
1.000e-01,3.000e+03,1.000e+00,3.100e+00,1.000e+00,4.500e+00,1.521e+00,1.092e+00,1.032e+00,1.028e+00,1.097e+00,9.889e-01
1.000e-01,3.000e+03,1.000e+00,3.200e+00,1.000e+00,4.500e+00,1.521e+00,1.105e+00,1.043e+00,1.039e+00,1.110e+00,1.000e+00
1.000e-01,3.000e+03,1.000e+00,3.300e+00,1.000e+00,4.500e+00,1.521e+00,1.117e+00,1.053e+00,1.050e+00,1.123e+00,1.011e+00
1.000e-01,3.000e+03,1.000e+00,3.400e+00,1.000e+00,4.500e+00,1.521e+00,1.128e+00,1.063e+00,1.059e+00,1.135e+00,1.021e+00
1.000e-01,3.000e+03,1.000e+00,3.500e+00,1.000e+00,4.500e+00,1.521e+00,1.139e+00,1.072e+00,1.068e+00,1.146e+00,1.030e+00
1.000e-01,3.000e+03,1.000e+00,3.600e+00,1.000e+00,4.500e+00,1.521e+00,1.149e+00,1.080e+00,1.077e+00,1.157e+00,1.039e+00
1.000e-01,3.000e+03,1.000e+00,3.700e+00,1.000e+00,4.500e+00,1.521e+00,1.159e+00,1.088e+00,1.085e+00,1.167e+00,1.047e+00
1.000e-01,3.000e+03,1.000e+00,3.800e+00,1.000e+00,4.500e+00,1.521e+00,1.168e+00,1.095e+00,1.092e+00,1.176e+00,1.055e+00
1.000e-01,3.000e+03,1.000e+00,3.900e+00,1.000e+00,4.500e+00,1.521e+00,1.176e+00,1.102e+00,1.099e+00,1.185e+00,1.062e+00
1.000e-01,3.000e+03,1.000e+00,4.000e+00,1.000e+00,4.500e+00,1.521e+00,1.184e+00,1.109e+00,1.106e+00,1.194e+00,1.068e+00
1.200e-01,3.000e+03,1.000e+00,1.300e+00,1.000e+00,4.500e+00,1.662e+00,4.274e-01,4.083e-01,3.991e-01,4.146e-01,2.739e-01
1.200e-01,3.000e+03,1.000e+00,1.400e+00,1.000e+00,4.500e+00,1.662e+00,5.212e-01,4.969e-01,4.876e-01,5.046e-01,3.738e-01
1.200e-01,3.000e+03,1.000e+00,1.500e+00,1.000e+00,4.500e+00,1.662e+00,6.009e-01,5.692e-01,5.602e-01,5.824e-01,4.577e-01
1.200e-01,3.000e+03,1.000e+00,1.600e+00,1.000e+00,4.500e+00,1.662e+00,6.694e-01,6.311e-01,6.229e-01,6.504e-01,5.291e-01
1.200e-01,3.000e+03,1.000e+00,1.700e+00,1.000e+00,4.500e+00,1.662e+00,7.292e-01,6.851e-01,6.777e-01,7.103e-01,5.906e-01
1.200e-01,3.000e+03,1.000e+00,1.800e+00,1.000e+00,4.500e+00,1.662e+00,7.818e-01,7.328e-01,7.259e-01,7.635e-01,6.441e-01
1.200e-01,3.000e+03,1.000e+00,1.900e+00,1.000e+00,4.500e+00,1.662e+00,8.284e-01,7.751e-01,7.687e-01,8.112e-01,6.910e-01
1.200e-01,3.000e+03,1.000e+00,2.000e+00,1.000e+00,4.500e+00,1.662e+00,8.701e-01,8.129e-01,8.069e-01,8.541e-01,7.325e-01
1.200e-01,3.000e+03,1.000e+00,2.100e+00,1.000e+00,4.500e+00,1.662e+00,9.076e-01,8.468e-01,8.411e-01,8.929e-01,7.693e-01
1.200e-01,3.000e+03,1.000e+00,2.200e+00,1.000e+00,4.500e+00,1.662e+00,9.415e-01,8.774e-01,8.720e-01,9.282e-01,8.023e-01
1.200e-01,3.000e+03,1.000e+00,2.300e+00,1.000e+00,4.500e+00,1.662e+00,9.724e-01,9.051e-01,9.000e-01,9.605e-01,8.320e-01
1.200e-01,3.000e+03,1.000e+00,2.400e+00,1.000e+00,4.500e+00,1.662e+00,1.001e+00,9.304e-01,9.254e-01,9.900e-01,8.589e-01
1.200e-01,3.000e+03,1.000e+00,2.500e+00,1.000e+00,4.500e+00,1.662e+00,1.026e+00,9.534e-01,9.486e-01,1.017e+00,8.832e-01
1.200e-01,3.000e+03,1.000e+00,2.600e+00,1.000e+00,4.500e+00,1.662e+00,1.050e+00,9.744e-01,9.699e-01,1.042e+00,9.055e-01
1.200e-01,3.000e+03,1.000e+00,2.700e+00,1.000e+00,4.500e+00,1.662e+00,1.072e+00,9.938e-01,9.894e-01,1.066e+00,9.258e-01
1.200e-01,3.000e+03,1.000e+00,2.800e+00,1.000e+00,4.500e+00,1.662e+00,1.093e+00,1.012e+00,1.007e+00,1.087e+00,9.445e-01
1.200e-01,3.000e+03,1.000e+00,2.900e+00,1.000e+00,4.500e+00,1.662e+00,1.112e+00,1.028e+00,1.024e+00,1.107e+00,9.617e-01
1.200e-01,3.000e+03,1.000e+00,3.000e+00,1.000e+00,4.500e+00,1.662e+00,1.129e+00,1.043e+00,1.039e+00,1.126e+00,9.776e-01
1.200e-01,3.000e+03,1.000e+00,3.100e+00,1.000e+00,4.500e+00,1.662e+00,1.146e+00,1.057e+00,1.054e+00,1.144e+00,9.923e-01
1.200e-01,3.000e+03,1.000e+00,3.200e+00,1.000e+00,4.500e+00,1.662e+00,1.161e+00,1.071e+00,1.067e+00,1.160e+00,1.006e+00
1.200e-01,3.000e+03,1.000e+00,3.300e+00,1.000e+00,4.500e+00,1.662e+00,1.176e+00,1.083e+00,1.079e+00,1.176e+00,1.019e+00
1.200e-01,3.000e+03,1.000e+00,3.400e+00,1.000e+00,4.500e+00,1.662e+00,1.189e+00,1.094e+00,1.091e+00,1.190e+00,1.031e+00
1.200e-01,3.000e+03,1.000e+00,3.500e+00,1.000e+00,4.500e+00,1.662e+00,1.202e+00,1.105e+00,1.102e+00,1.204e+00,1.042e+00
1.200e-01,3.000e+03,1.000e+00,3.600e+00,1.000e+00,4.500e+00,1.662e+00,1.214e+00,1.115e+00,1.112e+00,1.217e+00,1.052e+00
1.200e-01,3.000e+03,1.000e+00,3.700e+00,1.000e+00,4.500e+00,1.662e+00,1.226e+00,1.125e+00,1.121e+00,1.230e+00,1.062e+00
1.200e-01,3.000e+03,1.000e+00,3.800e+00,1.000e+00,4.500e+00,1.662e+00,1.236e+00,1.133e+00,1.130e+00,1.241e+00,1.071e+00
1.200e-01,3.000e+03,1.000e+00,3.900e+00,1.000e+00,4.500e+00,1.662e+00,1.247e+00,1.142e+00,1.139e+00,1.252e+00,1.079e+00
1.200e-01,3.000e+03,1.000e+00,4.000e+00,1.000e+00,4.500e+00,1.662e+00,1.256e+00,1.150e+00,1.146e+00,1.263e+00,1.088e+00
1.400e-01,3.000e+03,1.000e+00,1.300e+00,1.000e+00,4.500e+00,1.819e+00,3.781e-01,3.483e-01,3.339e-01,3.391e-01,1.598e-01
1.400e-01,3.000e+03,1.000e+00,1.400e+00,1.000e+00,4.500e+00,1.819e+00,4.864e-01,4.478e-01,4.364e-01,4.466e-01,2.763e-01
1.400e-01,3.000e+03,1.000e+00,1.500e+00,1.000e+00,4.500e+00,1.819e+00,5.785e-01,5.283e-01,5.185e-01,5.393e-01,3.742e-01
1.400e-01,3.000e+03,1.000e+00,1.600e+00,1.000e+00,4.500e+00,1.819e+00,6.580e-01,5.981e-01,5.901e-01,6.201e-01,4.575e-01
1.400e-01,3.000e+03,1.000e+00,1.700e+00,1.000e+00,4.500e+00,1.819e+00,7.274e-01,6.596e-01,6.530e-01,6.912e-01,5.292e-01
1.400e-01,3.000e+03,1.000e+00,1.800e+00,1.000e+00,4.500e+00,1.819e+00,7.885e-01,7.144e-01,7.085e-01,7.544e-01,5.916e-01
1.400e-01,3.000e+03,1.000e+00,1.900e+00,1.000e+00,4.500e+00,1.819e+00,8.428e-01,7.633e-01,7.579e-01,8.109e-01,6.463e-01
1.400e-01,3.000e+03,1.000e+00,2.000e+00,1.000e+00,4.500e+00,1.819e+00,8.914e-01,8.071e-01,8.020e-01,8.618e-01,6.946e-01
1.400e-01,3.000e+03,1.000e+00,2.100e+00,1.000e+00,4.500e+00,1.819e+00,9.351e-01,8.465e-01,8.416e-01,9.078e-01,7.376e-01
1.400e-01,3.000e+03,1.000e+00,2.200e+00,1.000e+00,4.500e+00,1.819e+00,9.747e-01,8.821e-01,8.774e-01,9.497e-01,7.761e-01
1.400e-01,3.000e+03,1.000e+00,2.300e+00,1.000e+00,4.500e+00,1.819e+00,1.011e+00,9.143e-01,9.098e-01,9.880e-01,8.107e-01
1.400e-01,3.000e+03,1.000e+00,2.400e+00,1.000e+00,4.500e+00,1.819e+00,1.044e+00,9.437e-01,9.393e-01,1.023e+00,8.420e-01
1.400e-01,3.000e+03,1.000e+00,2.500e+00,1.000e+00,4.500e+00,1.819e+00,1.074e+00,9.705e-01,9.663e-01,1.055e+00,8.704e-01
1.400e-01,3.000e+03,1.000e+00,2.600e+00,1.000e+00,4.500e+00,1.819e+00,1.102e+00,9.950e-01,9.909e-01,1.085e+00,8.963e-01
1.400e-01,3.000e+03,1.000e+00,2.700e+00,1.000e+00,4.500e+00,1.819e+00,1.127e+00,1.018e+00,1.014e+00,1.113e+00,9.201e-01
1.400e-01,3.000e+03,1.000e+00,2.800e+00,1.000e+00,4.500e+00,1.819e+00,1.151e+00,1.038e+00,1.034e+00,1.138e+00,9.418e-01
1.400e-01,3.000e+03,1.000e+00,2.900e+00,1.000e+00,4.500e+00,1.819e+00,1.173e+00,1.057e+00,1.054e+00,1.162e+00,9.619e-01
1.400e-01,3.000e+03,1.000e+00,3.000e+00,1.000e+00,4.500e+00,1.819e+00,1.194e+00,1.075e+00,1.072e+00,1.185e+00,9.804e-01
1.400e-01,3.000e+03,1.000e+00,3.100e+00,1.000e+00,4.500e+00,1.819e+00,1.213e+00,1.092e+00,1.088e+00,1.205e+00,9.976e-01
1.400e-01,3.000e+03,1.000e+00,3.200e+00,1.000e+00,4.500e+00,1.819e+00,1.231e+00,1.107e+00,1.104e+00,1.225e+00,1.014e+00
1.400e-01,3.000e+03,1.000e+00,3.300e+00,1.000e+00,4.500e+00,1.819e+00,1.248e+00,1.121e+00,1.118e+00,1.243e+00,1.028e+00
1.400e-01,3.000e+03,1.000e+00,3.400e+00,1.000e+00,4.500e+00,1.819e+00,1.264e+00,1.135e+00,1.131e+00,1.261e+00,1.042e+00
1.400e-01,3.000e+03,1.000e+00,3.500e+00,1.000e+00,4.500e+00,1.819e+00,1.279e+00,1.147e+00,1.144e+00,1.277e+00,1.055e+00
1.400e-01,3.000e+03,1.000e+00,3.600e+00,1.000e+00,4.500e+00,1.819e+00,1.294e+00,1.159e+00,1.156e+00,1.293e+00,1.067e+00
1.400e-01,3.000e+03,1.000e+00,3.700e+00,1.000e+00,4.500e+00,1.819e+00,1.307e+00,1.170e+00,1.167e+00,1.307e+00,1.079e+00
1.400e-01,3.000e+03,1.000e+00,3.800e+00,1.000e+00,4.500e+00,1.819e+00,1.320e+00,1.180e+00,1.177e+00,1.321e+00,1.089e+00
1.400e-01,3.000e+03,1.000e+00,3.900e+00,1.000e+00,4.500e+00,1.819e+00,1.332e+00,1.189e+00,1.187e+00,1.334e+00,1.099e+00
1.400e-01,3.000e+03,1.000e+00,4.000e+00,1.000e+00,4.500e+00,1.819e+00,1.343e+00,1.198e+00,1.196e+00,1.347e+00,1.109e+00
1.600e-01,3.000e+03,1.000e+00,1.300e+00,1.000e+00,4.500e+00,1.993e+00,3.375e-01,3.001e-01,2.922e-01,2.826e-01,4.773e-02
1.600e-01,3.000e+03,1.000e+00,1.400e+00,1.000e+00,4.500e+00,1.993e+00,4.609e-01,4.087e-01,3.970e-01,4.073e-01,1.809e-01
1.600e-01,3.000e+03,1.000e+00,1.500e+00,1.000e+00,4.500e+00,1.993e+00,5.661e-01,4.960e-01,4.887e-01,5.145e-01,2.927e-01
1.600e-01,3.000e+03,1.000e+00,1.600e+00,1.000e+00,4.500e+00,1.993e+00,6.571e-01,5.729e-01,5.690e-01,6.080e-01,3.879e-01
1.600e-01,3.000e+03,1.000e+00,1.700e+00,1.000e+00,4.500e+00,1.993e+00,7.365e-01,6.419e-01,6.398e-01,6.902e-01,4.698e-01
1.600e-01,3.000e+03,1.000e+00,1.800e+00,1.000e+00,4.500e+00,1.993e+00,8.067e-01,7.039e-01,7.024e-01,7.632e-01,5.411e-01
1.600e-01,3.000e+03,1.000e+00,1.900e+00,1.000e+00,4.500e+00,1.993e+00,8.690e-01,7.595e-01,7.582e-01,8.285e-01,6.035e-01
1.600e-01,3.000e+03,1.000e+00,2.000e+00,1.000e+00,4.500e+00,1.993e+00,9.248e-01,8.096e-01,8.081e-01,8.873e-01,6.588e-01
1.600e-01,3.000e+03,1.000e+00,2.100e+00,1.000e+00,4.500e+00,1.993e+00,9.751e-01,8.548e-01,8.530e-01,9.405e-01,7.079e-01
1.600e-01,3.000e+03,1.000e+00,2.200e+00,1.000e+00,4.500e+00,1.993e+00,1.021e+00,8.955e-01,8.936e-01,9.889e-01,7.518e-01
1.600e-01,3.000e+03,1.000e+00,2.300e+00,1.000e+00,4.500e+00,1.993e+00,1.062e+00,9.325e-01,9.304e-01,1.033e+00,7.914e-01
1.600e-01,3.000e+03,1.000e+00,2.400e+00,1.000e+00,4.500e+00,1.993e+00,1.100e+00,9.662e-01,9.639e-01,1.074e+00,8.271e-01
1.600e-01,3.000e+03,1.000e+00,2.500e+00,1.000e+00,4.500e+00,1.993e+00,1.135e+00,9.969e-01,9.944e-01,1.111e+00,8.596e-01
1.600e-01,3.000e+03,1.000e+00,2.600e+00,1.000e+00,4.500e+00,1.993e+00,1.167e+00,1.025e+00,1.022e+00,1.146e+00,8.892e-01
1.600e-01,3.000e+03,1.000e+00,2.700e+00,1.000e+00,4.500e+00,1.993e+00,1.197e+00,1.051e+00,1.048e+00,1.177e+00,9.163e-01
1.600e-01,3.000e+03,1.000e+00,2.800e+00,1.000e+00,4.500e+00,1.993e+00,1.224e+00,1.074e+00,1.072e+00,1.207e+00,9.411e-01
1.600e-01,3.000e+03,1.000e+00,2.900e+00,1.000e+00,4.500e+00,1.993e+00,1.250e+00,1.096e+00,1.094e+00,1.235e+00,9.640e-01
1.600e-01,3.000e+03,1.000e+00,3.000e+00,1.000e+00,4.500e+00,1.993e+00,1.273e+00,1.117e+00,1.114e+00,1.261e+00,9.852e-01
1.600e-01,3.000e+03,1.000e+00,3.100e+00,1.000e+00,4.500e+00,1.993e+00,1.296e+00,1.135e+00,1.133e+00,1.285e+00,1.005e+00
1.600e-01,3.000e+03,1.000e+00,3.200e+00,1.000e+00,4.500e+00,1.993e+00,1.317e+00,1.153e+00,1.150e+00,1.307e+00,1.023e+00
1.600e-01,3.000e+03,1.000e+00,3.300e+00,1.000e+00,4.500e+00,1.993e+00,1.336e+00,1.169e+00,1.167e+00,1.329e+00,1.040e+00
1.600e-01,3.000e+03,1.000e+00,3.400e+00,1.000e+00,4.500e+00,1.993e+00,1.355e+00,1.184e+00,1.182e+00,1.349e+00,1.056e+00
1.600e-01,3.000e+03,1.000e+00,3.500e+00,1.000e+00,4.500e+00,1.993e+00,1.372e+00,1.198e+00,1.196e+00,1.368e+00,1.070e+00
1.600e-01,3.000e+03,1.000e+00,3.600e+00,1.000e+00,4.500e+00,1.993e+00,1.388e+00,1.212e+00,1.209e+00,1.386e+00,1.084e+00
1.600e-01,3.000e+03,1.000e+00,3.700e+00,1.000e+00,4.500e+00,1.993e+00,1.404e+00,1.224e+00,1.222e+00,1.403e+00,1.097e+00
1.600e-01,3.000e+03,1.000e+00,3.800e+00,1.000e+00,4.500e+00,1.993e+00,1.419e+00,1.236e+00,1.233e+00,1.419e+00,1.109e+00
1.600e-01,3.000e+03,1.000e+00,3.900e+00,1.000e+00,4.500e+00,1.993e+00,1.433e+00,1.247e+00,1.244e+00,1.434e+00,1.121e+00
1.600e-01,3.000e+03,1.000e+00,4.000e+00,1.000e+00,4.500e+00,1.993e+00,1.446e+00,1.257e+00,1.255e+00,1.448e+00,1.132e+00
1.800e-01,3.000e+03,1.000e+00,1.300e+00,1.000e+00,4.500e+00,2.188e+00,3.036e-01,2.633e-01,2.630e-01,2.473e-01,-6.229e-02
1.800e-01,3.000e+03,1.000e+00,1.400e+00,1.000e+00,4.500e+00,2.188e+00,4.428e-01,3.790e-01,3.683e-01,3.887e-01,8.745e-02
1.800e-01,3.000e+03,1.000e+00,1.500e+00,1.000e+00,4.500e+00,2.188e+00,5.620e-01,4.715e-01,4.699e-01,5.102e-01,2.132e-01
1.800e-01,3.000e+03,1.000e+00,1.600e+00,1.000e+00,4.500e+00,2.188e+00,6.652e-01,5.551e-01,5.592e-01,6.161e-01,3.203e-01
1.800e-01,3.000e+03,1.000e+00,1.700e+00,1.000e+00,4.500e+00,2.188e+00,7.555e-01,6.316e-01,6.379e-01,7.093e-01,4.124e-01
1.800e-01,3.000e+03,1.000e+00,1.800e+00,1.000e+00,4.500e+00,2.188e+00,8.353e-01,7.012e-01,7.077e-01,7.920e-01,4.926e-01
1.800e-01,3.000e+03,1.000e+00,1.900e+00,1.000e+00,4.500e+00,2.188e+00,9.063e-01,7.642e-01,7.699e-01,8.661e-01,5.628e-01
1.800e-01,3.000e+03,1.000e+00,2.000e+00,1.000e+00,4.500e+00,2.188e+00,9.699e-01,8.210e-01,8.257e-01,9.328e-01,6.249e-01
1.800e-01,3.000e+03,1.000e+00,2.100e+00,1.000e+00,4.500e+00,2.188e+00,1.027e+00,8.723e-01,8.758e-01,9.931e-01,6.802e-01
1.800e-01,3.000e+03,1.000e+00,2.200e+00,1.000e+00,4.500e+00,2.188e+00,1.079e+00,9.187e-01,9.212e-01,1.048e+00,7.296e-01
1.800e-01,3.000e+03,1.000e+00,2.300e+00,1.000e+00,4.500e+00,2.188e+00,1.126e+00,9.607e-01,9.623e-01,1.098e+00,7.740e-01
1.800e-01,3.000e+03,1.000e+00,2.400e+00,1.000e+00,4.500e+00,2.188e+00,1.170e+00,9.989e-01,9.997e-01,1.144e+00,8.142e-01
1.800e-01,3.000e+03,1.000e+00,2.500e+00,1.000e+00,4.500e+00,2.188e+00,1.210e+00,1.034e+00,1.034e+00,1.187e+00,8.507e-01
1.800e-01,3.000e+03,1.000e+00,2.600e+00,1.000e+00,4.500e+00,2.188e+00,1.246e+00,1.065e+00,1.065e+00,1.226e+00,8.840e-01
1.800e-01,3.000e+03,1.000e+00,2.700e+00,1.000e+00,4.500e+00,2.188e+00,1.280e+00,1.095e+00,1.094e+00,1.262e+00,9.144e-01
1.800e-01,3.000e+03,1.000e+00,2.800e+00,1.000e+00,4.500e+00,2.188e+00,1.311e+00,1.121e+00,1.120e+00,1.296e+00,9.424e-01
1.800e-01,3.000e+03,1.000e+00,2.900e+00,1.000e+00,4.500e+00,2.188e+00,1.341e+00,1.146e+00,1.145e+00,1.327e+00,9.681e-01
1.800e-01,3.000e+03,1.000e+00,3.000e+00,1.000e+00,4.500e+00,2.188e+00,1.368e+00,1.169e+00,1.168e+00,1.357e+00,9.919e-01
1.800e-01,3.000e+03,1.000e+00,3.100e+00,1.000e+00,4.500e+00,2.188e+00,1.393e+00,1.190e+00,1.189e+00,1.384e+00,1.014e+00
1.800e-01,3.000e+03,1.000e+00,3.200e+00,1.000e+00,4.500e+00,2.188e+00,1.417e+00,1.210e+00,1.208e+00,1.410e+00,1.034e+00
1.800e-01,3.000e+03,1.000e+00,3.300e+00,1.000e+00,4.500e+00,2.188e+00,1.440e+00,1.228e+00,1.226e+00,1.434e+00,1.053e+00
1.800e-01,3.000e+03,1.000e+00,3.400e+00,1.000e+00,4.500e+00,2.188e+00,1.461e+00,1.245e+00,1.243e+00,1.457e+00,1.071e+00
1.800e-01,3.000e+03,1.000e+00,3.500e+00,1.000e+00,4.500e+00,2.188e+00,1.481e+00,1.261e+00,1.259e+00,1.479e+00,1.088e+00
1.800e-01,3.000e+03,1.000e+00,3.600e+00,1.000e+00,4.500e+00,2.188e+00,1.499e+00,1.275e+00,1.273e+00,1.499e+00,1.103e+00
1.800e-01,3.000e+03,1.000e+00,3.700e+00,1.000e+00,4.500e+00,2.188e+00,1.517e+00,1.289e+00,1.287e+00,1.518e+00,1.118e+00
1.800e-01,3.000e+03,1.000e+00,3.800e+00,1.000e+00,4.500e+00,2.188e+00,1.534e+00,1.302e+00,1.300e+00,1.536e+00,1.131e+00
1.800e-01,3.000e+03,1.000e+00,3.900e+00,1.000e+00,4.500e+00,2.188e+00,1.550e+00,1.314e+00,1.312e+00,1.554e+00,1.144e+00
1.800e-01,3.000e+03,1.000e+00,4.000e+00,1.000e+00,4.500e+00,2.188e+00,1.565e+00,1.326e+00,1.324e+00,1.570e+00,1.156e+00
2.000e-01,3.000e+03,1.000e+00,1.300e+00,1.000e+00,4.500e+00,2.406e+00,2.746e-01,2.370e-01,2.286e-01,2.295e-01,-1.702e-01
2.000e-01,3.000e+03,1.000e+00,1.400e+00,1.000e+00,4.500e+00,2.406e+00,4.310e-01,3.578e-01,3.498e-01,3.878e-01,-3.871e-03
2.000e-01,3.000e+03,1.000e+00,1.500e+00,1.000e+00,4.500e+00,2.406e+00,5.652e-01,4.537e-01,4.619e-01,5.240e-01,1.358e-01
2.000e-01,3.000e+03,1.000e+00,1.600e+00,1.000e+00,4.500e+00,2.406e+00,6.816e-01,5.435e-01,5.605e-01,6.427e-01,2.548e-01
2.000e-01,3.000e+03,1.000e+00,1.700e+00,1.000e+00,4.500e+00,2.406e+00,7.837e-01,6.281e-01,6.476e-01,7.472e-01,3.571e-01
2.000e-01,3.000e+03,1.000e+00,1.800e+00,1.000e+00,4.500e+00,2.406e+00,8.739e-01,7.062e-01,7.249e-01,8.401e-01,4.461e-01
2.000e-01,3.000e+03,1.000e+00,1.900e+00,1.000e+00,4.500e+00,2.406e+00,9.543e-01,7.774e-01,7.938e-01,9.232e-01,5.242e-01
2.000e-01,3.000e+03,1.000e+00,2.000e+00,1.000e+00,4.500e+00,2.406e+00,1.026e+00,8.419e-01,8.556e-01,9.980e-01,5.931e-01
2.000e-01,3.000e+03,1.000e+00,2.100e+00,1.000e+00,4.500e+00,2.406e+00,1.091e+00,9.000e-01,9.111e-01,1.066e+00,6.545e-01
2.000e-01,3.000e+03,1.000e+00,2.200e+00,1.000e+00,4.500e+00,2.406e+00,1.150e+00,9.525e-01,9.614e-01,1.127e+00,7.094e-01
2.000e-01,3.000e+03,1.000e+00,2.300e+00,1.000e+00,4.500e+00,2.406e+00,1.204e+00,1.000e+00,1.007e+00,1.184e+00,7.587e-01
2.000e-01,3.000e+03,1.000e+00,2.400e+00,1.000e+00,4.500e+00,2.406e+00,1.253e+00,1.043e+00,1.048e+00,1.236e+00,8.034e-01
2.000e-01,3.000e+03,1.000e+00,2.500e+00,1.000e+00,4.500e+00,2.406e+00,1.298e+00,1.082e+00,1.086e+00,1.283e+00,8.439e-01
2.000e-01,3.000e+03,1.000e+00,2.600e+00,1.000e+00,4.500e+00,2.406e+00,1.340e+00,1.118e+00,1.121e+00,1.327e+00,8.808e-01
2.000e-01,3.000e+03,1.000e+00,2.700e+00,1.000e+00,4.500e+00,2.406e+00,1.379e+00,1.151e+00,1.153e+00,1.368e+00,9.146e-01
2.000e-01,3.000e+03,1.000e+00,2.800e+00,1.000e+00,4.500e+00,2.406e+00,1.414e+00,1.181e+00,1.182e+00,1.406e+00,9.457e-01
2.000e-01,3.000e+03,1.000e+00,2.900e+00,1.000e+00,4.500e+00,2.406e+00,1.448e+00,1.208e+00,1.209e+00,1.441e+00,9.742e-01
2.000e-01,3.000e+03,1.000e+00,3.000e+00,1.000e+00,4.500e+00,2.406e+00,1.479e+00,1.233e+00,1.234e+00,1.474e+00,1.001e+00
2.000e-01,3.000e+03,1.000e+00,3.100e+00,1.000e+00,4.500e+00,2.406e+00,1.508e+00,1.257e+00,1.257e+00,1.505e+00,1.025e+00
2.000e-01,3.000e+03,1.000e+00,3.200e+00,1.000e+00,4.500e+00,2.406e+00,1.535e+00,1.279e+00,1.278e+00,1.534e+00,1.048e+00
2.000e-01,3.000e+03,1.000e+00,3.300e+00,1.000e+00,4.500e+00,2.406e+00,1.560e+00,1.299e+00,1.298e+00,1.562e+00,1.069e+00
2.000e-01,3.000e+03,1.000e+00,3.400e+00,1.000e+00,4.500e+00,2.406e+00,1.584e+00,1.318e+00,1.317e+00,1.587e+00,1.089e+00
2.000e-01,3.000e+03,1.000e+00,3.500e+00,1.000e+00,4.500e+00,2.406e+00,1.607e+00,1.335e+00,1.334e+00,1.611e+00,1.107e+00
2.000e-01,3.000e+03,1.000e+00,3.600e+00,1.000e+00,4.500e+00,2.406e+00,1.628e+00,1.351e+00,1.350e+00,1.634e+00,1.124e+00
2.000e-01,3.000e+03,1.000e+00,3.700e+00,1.000e+00,4.500e+00,2.406e+00,1.648e+00,1.367e+00,1.365e+00,1.656e+00,1.140e+00
2.000e-01,3.000e+03,1.000e+00,3.800e+00,1.000e+00,4.500e+00,2.406e+00,1.667e+00,1.381e+00,1.379e+00,1.677e+00,1.155e+00
2.000e-01,3.000e+03,1.000e+00,3.900e+00,1.000e+00,4.500e+00,2.406e+00,1.686e+00,1.394e+00,1.393e+00,1.696e+00,1.170e+00
2.000e-01,3.000e+03,1.000e+00,4.000e+00,1.000e+00,4.500e+00,2.406e+00,1.703e+00,1.407e+00,1.405e+00,1.715e+00,1.183e+00
2.200e-01,3.000e+03,1.000e+00,1.300e+00,1.000e+00,4.500e+00,2.650e+00,2.503e-01,2.199e-01,2.042e-01,2.236e-01,-2.760e-01
2.200e-01,3.000e+03,1.000e+00,1.400e+00,1.000e+00,4.500e+00,2.650e+00,4.250e-01,3.435e-01,3.433e-01,4.004e-01,-9.308e-02
2.200e-01,3.000e+03,1.000e+00,1.500e+00,1.000e+00,4.500e+00,2.650e+00,5.754e-01,4.409e-01,4.667e-01,5.526e-01,6.057e-02
2.200e-01,3.000e+03,1.000e+00,1.600e+00,1.000e+00,4.500e+00,2.650e+00,7.062e-01,5.371e-01,5.754e-01,6.853e-01,1.913e-01
2.200e-01,3.000e+03,1.000e+00,1.700e+00,1.000e+00,4.500e+00,2.650e+00,8.211e-01,6.307e-01,6.714e-01,8.021e-01,3.039e-01
2.200e-01,3.000e+03,1.000e+00,1.800e+00,1.000e+00,4.500e+00,2.650e+00,9.228e-01,7.187e-01,7.566e-01,9.060e-01,4.018e-01
2.200e-01,3.000e+03,1.000e+00,1.900e+00,1.000e+00,4.500e+00,2.650e+00,1.013e+00,7.994e-01,8.325e-01,9.989e-01,4.876e-01
2.200e-01,3.000e+03,1.000e+00,2.000e+00,1.000e+00,4.500e+00,2.650e+00,1.095e+00,8.727e-01,9.005e-01,1.083e+00,5.634e-01
2.200e-01,3.000e+03,1.000e+00,2.100e+00,1.000e+00,4.500e+00,2.650e+00,1.168e+00,9.387e-01,9.617e-01,1.158e+00,6.308e-01
2.200e-01,3.000e+03,1.000e+00,2.200e+00,1.000e+00,4.500e+00,2.650e+00,1.235e+00,9.982e-01,1.017e+00,1.227e+00,6.912e-01
2.200e-01,3.000e+03,1.000e+00,2.300e+00,1.000e+00,4.500e+00,2.650e+00,1.296e+00,1.052e+00,1.067e+00,1.290e+00,7.455e-01
2.200e-01,3.000e+03,1.000e+00,2.400e+00,1.000e+00,4.500e+00,2.650e+00,1.351e+00,1.100e+00,1.112e+00,1.348e+00,7.945e-01
2.200e-01,3.000e+03,1.000e+00,2.500e+00,1.000e+00,4.500e+00,2.650e+00,1.403e+00,1.144e+00,1.154e+00,1.401e+00,8.391e-01
2.200e-01,3.000e+03,1.000e+00,2.600e+00,1.000e+00,4.500e+00,2.650e+00,1.450e+00,1.184e+00,1.192e+00,1.451e+00,8.797e-01
2.200e-01,3.000e+03,1.000e+00,2.700e+00,1.000e+00,4.500e+00,2.650e+00,1.493e+00,1.220e+00,1.226e+00,1.496e+00,9.168e-01
2.200e-01,3.000e+03,1.000e+00,2.800e+00,1.000e+00,4.500e+00,2.650e+00,1.534e+00,1.254e+00,1.258e+00,1.539e+00,9.509e-01
2.200e-01,3.000e+03,1.000e+00,2.900e+00,1.000e+00,4.500e+00,2.650e+00,1.571e+00,1.284e+00,1.288e+00,1.578e+00,9.823e-01
2.200e-01,3.000e+03,1.000e+00,3.000e+00,1.000e+00,4.500e+00,2.650e+00,1.606e+00,1.312e+00,1.315e+00,1.615e+00,1.011e+00
2.200e-01,3.000e+03,1.000e+00,3.100e+00,1.000e+00,4.500e+00,2.650e+00,1.639e+00,1.338e+00,1.340e+00,1.650e+00,1.038e+00
2.200e-01,3.000e+03,1.000e+00,3.200e+00,1.000e+00,4.500e+00,2.650e+00,1.670e+00,1.362e+00,1.363e+00,1.682e+00,1.063e+00
2.200e-01,3.000e+03,1.000e+00,3.300e+00,1.000e+00,4.500e+00,2.650e+00,1.699e+00,1.384e+00,1.385e+00,1.712e+00,1.086e+00
2.200e-01,3.000e+03,1.000e+00,3.400e+00,1.000e+00,4.500e+00,2.650e+00,1.726e+00,1.405e+00,1.405e+00,1.741e+00,1.108e+00
2.200e-01,3.000e+03,1.000e+00,3.500e+00,1.000e+00,4.500e+00,2.650e+00,1.752e+00,1.424e+00,1.423e+00,1.768e+00,1.128e+00
2.200e-01,3.000e+03,1.000e+00,3.600e+00,1.000e+00,4.500e+00,2.650e+00,1.776e+00,1.441e+00,1.441e+00,1.794e+00,1.147e+00
2.200e-01,3.000e+03,1.000e+00,3.700e+00,1.000e+00,4.500e+00,2.650e+00,1.799e+00,1.458e+00,1.457e+00,1.818e+00,1.165e+00
2.200e-01,3.000e+03,1.000e+00,3.800e+00,1.000e+00,4.500e+00,2.650e+00,1.821e+00,1.473e+00,1.472e+00,1.841e+00,1.181e+00
2.200e-01,3.000e+03,1.000e+00,3.900e+00,1.000e+00,4.500e+00,2.650e+00,1.841e+00,1.488e+00,1.487e+00,1.863e+00,1.197e+00
2.200e-01,3.000e+03,1.000e+00,4.000e+00,1.000e+00,4.500e+00,2.650e+00,1.861e+00,1.502e+00,1.500e+00,1.884e+00,1.212e+00
2.400e-01,3.000e+03,1.000e+00,1.300e+00,1.000e+00,4.500e+00,2.924e+00,2.314e-01,2.101e-01,1.987e-01,2.299e-01,-3.797e-01
2.400e-01,3.000e+03,1.000e+00,1.400e+00,1.000e+00,4.500e+00,2.924e+00,4.257e-01,3.341e-01,3.533e-01,4.275e-01,-1.802e-01
2.400e-01,3.000e+03,1.000e+00,1.500e+00,1.000e+00,4.500e+00,2.924e+00,5.935e-01,4.313e-01,4.892e-01,5.975e-01,-1.257e-02
2.400e-01,3.000e+03,1.000e+00,1.600e+00,1.000e+00,4.500e+00,2.924e+00,7.399e-01,5.342e-01,6.087e-01,7.457e-01,1.300e-01
2.400e-01,3.000e+03,1.000e+00,1.700e+00,1.000e+00,4.500e+00,2.924e+00,8.687e-01,6.384e-01,7.141e-01,8.762e-01,2.528e-01
2.400e-01,3.000e+03,1.000e+00,1.800e+00,1.000e+00,4.500e+00,2.924e+00,9.829e-01,7.382e-01,8.075e-01,9.921e-01,3.595e-01
2.400e-01,3.000e+03,1.000e+00,1.900e+00,1.000e+00,4.500e+00,2.924e+00,1.085e+00,8.304e-01,8.906e-01,1.096e+00,4.531e-01
2.400e-01,3.000e+03,1.000e+00,2.000e+00,1.000e+00,4.500e+00,2.924e+00,1.176e+00,9.141e-01,9.649e-01,1.189e+00,5.358e-01
2.400e-01,3.000e+03,1.000e+00,2.100e+00,1.000e+00,4.500e+00,2.924e+00,1.259e+00,9.893e-01,1.032e+00,1.274e+00,6.093e-01
2.400e-01,3.000e+03,1.000e+00,2.200e+00,1.000e+00,4.500e+00,2.924e+00,1.334e+00,1.057e+00,1.092e+00,1.350e+00,6.751e-01
2.400e-01,3.000e+03,1.000e+00,2.300e+00,1.000e+00,4.500e+00,2.924e+00,1.403e+00,1.117e+00,1.146e+00,1.421e+00,7.343e-01
2.400e-01,3.000e+03,1.000e+00,2.400e+00,1.000e+00,4.500e+00,2.924e+00,1.466e+00,1.172e+00,1.195e+00,1.485e+00,7.878e-01
2.400e-01,3.000e+03,1.000e+00,2.500e+00,1.000e+00,4.500e+00,2.924e+00,1.523e+00,1.221e+00,1.240e+00,1.544e+00,8.363e-01
2.400e-01,3.000e+03,1.000e+00,2.600e+00,1.000e+00,4.500e+00,2.924e+00,1.576e+00,1.265e+00,1.281e+00,1.599e+00,8.806e-01
2.400e-01,3.000e+03,1.000e+00,2.700e+00,1.000e+00,4.500e+00,2.924e+00,1.626e+00,1.306e+00,1.318e+00,1.650e+00,9.211e-01
2.400e-01,3.000e+03,1.000e+00,2.800e+00,1.000e+00,4.500e+00,2.924e+00,1.671e+00,1.342e+00,1.353e+00,1.697e+00,9.582e-01
2.400e-01,3.000e+03,1.000e+00,2.900e+00,1.000e+00,4.500e+00,2.924e+00,1.714e+00,1.376e+00,1.384e+00,1.741e+00,9.925e-01
2.400e-01,3.000e+03,1.000e+00,3.000e+00,1.000e+00,4.500e+00,2.924e+00,1.754e+00,1.407e+00,1.414e+00,1.782e+00,1.024e+00
2.400e-01,3.000e+03,1.000e+00,3.100e+00,1.000e+00,4.500e+00,2.924e+00,1.791e+00,1.435e+00,1.440e+00,1.820e+00,1.053e+00
2.400e-01,3.000e+03,1.000e+00,3.200e+00,1.000e+00,4.500e+00,2.924e+00,1.825e+00,1.461e+00,1.465e+00,1.856e+00,1.081e+00
2.400e-01,3.000e+03,1.000e+00,3.300e+00,1.000e+00,4.500e+00,2.924e+00,1.858e+00,1.485e+00,1.488e+00,1.890e+00,1.106e+00
2.400e-01,3.000e+03,1.000e+00,3.400e+00,1.000e+00,4.500e+00,2.924e+00,1.889e+00,1.507e+00,1.510e+00,1.922e+00,1.129e+00
2.400e-01,3.000e+03,1.000e+00,3.500e+00,1.000e+00,4.500e+00,2.924e+00,1.918e+00,1.528e+00,1.530e+00,1.952e+00,1.151e+00
2.400e-01,3.000e+03,1.000e+00,3.600e+00,1.000e+00,4.500e+00,2.924e+00,1.945e+00,1.547e+00,1.548e+00,1.981e+00,1.172e+00
2.400e-01,3.000e+03,1.000e+00,3.700e+00,1.000e+00,4.500e+00,2.924e+00,1.971e+00,1.565e+00,1.566e+00,2.007e+00,1.191e+00
2.400e-01,3.000e+03,1.000e+00,3.800e+00,1.000e+00,4.500e+00,2.924e+00,1.996e+00,1.582e+00,1.582e+00,2.033e+00,1.209e+00
2.400e-01,3.000e+03,1.000e+00,3.900e+00,1.000e+00,4.500e+00,2.924e+00,2.019e+00,1.597e+00,1.597e+00,2.057e+00,1.226e+00
2.400e-01,3.000e+03,1.000e+00,4.000e+00,1.000e+00,4.500e+00,2.924e+00,2.041e+00,1.612e+00,1.611e+00,2.080e+00,1.243e+00
2.600e-01,3.000e+03,1.000e+00,1.300e+00,1.000e+00,4.500e+00,3.233e+00,2.206e-01,2.049e-01,2.155e-01,2.564e-01,-4.812e-01
2.600e-01,3.000e+03,1.000e+00,1.400e+00,1.000e+00,4.500e+00,3.233e+00,4.355e-01,3.271e-01,3.865e-01,4.766e-01,-2.650e-01
2.600e-01,3.000e+03,1.000e+00,1.500e+00,1.000e+00,4.500e+00,3.233e+00,6.218e-01,4.223e-01,5.357e-01,6.660e-01,-8.355e-02
2.600e-01,3.000e+03,1.000e+00,1.600e+00,1.000e+00,4.500e+00,3.233e+00,7.848e-01,5.328e-01,6.665e-01,8.310e-01,7.090e-02
2.600e-01,3.000e+03,1.000e+00,1.700e+00,1.000e+00,4.500e+00,3.233e+00,9.286e-01,6.501e-01,7.815e-01,9.761e-01,2.039e-01
2.600e-01,3.000e+03,1.000e+00,1.800e+00,1.000e+00,4.500e+00,3.233e+00,1.056e+00,7.644e-01,8.830e-01,1.105e+00,3.194e-01
2.600e-01,3.000e+03,1.000e+00,1.900e+00,1.000e+00,4.500e+00,3.233e+00,1.171e+00,8.706e-01,9.732e-01,1.220e+00,4.208e-01
2.600e-01,3.000e+03,1.000e+00,2.000e+00,1.000e+00,4.500e+00,3.233e+00,1.273e+00,9.668e-01,1.054e+00,1.324e+00,5.103e-01
2.600e-01,3.000e+03,1.000e+00,2.100e+00,1.000e+00,4.500e+00,3.233e+00,1.366e+00,1.053e+00,1.125e+00,1.417e+00,5.899e-01
2.600e-01,3.000e+03,1.000e+00,2.200e+00,1.000e+00,4.500e+00,3.233e+00,1.451e+00,1.130e+00,1.190e+00,1.502e+00,6.611e-01
2.600e-01,3.000e+03,1.000e+00,2.300e+00,1.000e+00,4.500e+00,3.233e+00,1.528e+00,1.199e+00,1.248e+00,1.580e+00,7.252e-01
2.600e-01,3.000e+03,1.000e+00,2.400e+00,1.000e+00,4.500e+00,3.233e+00,1.598e+00,1.260e+00,1.301e+00,1.651e+00,7.831e-01
2.600e-01,3.000e+03,1.000e+00,2.500e+00,1.000e+00,4.500e+00,3.233e+00,1.663e+00,1.315e+00,1.349e+00,1.717e+00,8.357e-01
2.600e-01,3.000e+03,1.000e+00,2.600e+00,1.000e+00,4.500e+00,3.233e+00,1.723e+00,1.364e+00,1.393e+00,1.778e+00,8.836e-01
2.600e-01,3.000e+03,1.000e+00,2.700e+00,1.000e+00,4.500e+00,3.233e+00,1.778e+00,1.409e+00,1.433e+00,1.834e+00,9.274e-01
2.600e-01,3.000e+03,1.000e+00,2.800e+00,1.000e+00,4.500e+00,3.233e+00,1.830e+00,1.449e+00,1.469e+00,1.886e+00,9.676e-01
2.600e-01,3.000e+03,1.000e+00,2.900e+00,1.000e+00,4.500e+00,3.233e+00,1.878e+00,1.486e+00,1.503e+00,1.935e+00,1.005e+00
2.600e-01,3.000e+03,1.000e+00,3.000e+00,1.000e+00,4.500e+00,3.233e+00,1.923e+00,1.520e+00,1.534e+00,1.980e+00,1.039e+00
2.600e-01,3.000e+03,1.000e+00,3.100e+00,1.000e+00,4.500e+00,3.233e+00,1.964e+00,1.551e+00,1.562e+00,2.022e+00,1.071e+00
2.600e-01,3.000e+03,1.000e+00,3.200e+00,1.000e+00,4.500e+00,3.233e+00,2.004e+00,1.579e+00,1.588e+00,2.062e+00,1.100e+00
2.600e-01,3.000e+03,1.000e+00,3.300e+00,1.000e+00,4.500e+00,3.233e+00,2.040e+00,1.605e+00,1.613e+00,2.099e+00,1.127e+00
2.600e-01,3.000e+03,1.000e+00,3.400e+00,1.000e+00,4.500e+00,3.233e+00,2.075e+00,1.629e+00,1.635e+00,2.135e+00,1.153e+00
2.600e-01,3.000e+03,1.000e+00,3.500e+00,1.000e+00,4.500e+00,3.233e+00,2.108e+00,1.651e+00,1.656e+00,2.168e+00,1.177e+00
2.600e-01,3.000e+03,1.000e+00,3.600e+00,1.000e+00,4.500e+00,3.233e+00,2.139e+00,1.671e+00,1.675e+00,2.199e+00,1.199e+00
2.600e-01,3.000e+03,1.000e+00,3.700e+00,1.000e+00,4.500e+00,3.233e+00,2.168e+00,1.690e+00,1.694e+00,2.229e+00,1.220e+00
2.600e-01,3.000e+03,1.000e+00,3.800e+00,1.000e+00,4.500e+00,3.233e+00,2.195e+00,1.708e+00,1.710e+00,2.257e+00,1.239e+00
2.600e-01,3.000e+03,1.000e+00,3.900e+00,1.000e+00,4.500e+00,3.233e+00,2.222e+00,1.724e+00,1.726e+00,2.284e+00,1.258e+00
2.600e-01,3.000e+03,1.000e+00,4.000e+00,1.000e+00,4.500e+00,3.233e+00,2.246e+00,1.740e+00,1.741e+00,2.309e+00,1.275e+00
2.800e-01,3.000e+03,1.000e+00,1.300e+00,1.000e+00,4.500e+00,3.581e+00,2.222e-01,2.013e-01,2.620e-01,3.119e-01,-5.805e-01
2.800e-01,3.000e+03,1.000e+00,1.400e+00,1.000e+00,4.500e+00,3.581e+00,4.583e-01,3.193e-01,4.499e-01,5.563e-01,-3.477e-01
2.800e-01,3.000e+03,1.000e+00,1.500e+00,1.000e+00,4.500e+00,3.581e+00,6.640e-01,4.108e-01,6.128e-01,7.663e-01,-1.523e-01
2.800e-01,3.000e+03,1.000e+00,1.600e+00,1.000e+00,4.500e+00,3.581e+00,8.445e-01,5.306e-01,7.546e-01,9.489e-01,1.395e-02
2.800e-01,3.000e+03,1.000e+00,1.700e+00,1.000e+00,4.500e+00,3.581e+00,1.004e+00,6.641e-01,8.788e-01,1.109e+00,1.571e-01
2.800e-01,3.000e+03,1.000e+00,1.800e+00,1.000e+00,4.500e+00,3.581e+00,1.146e+00,7.965e-01,9.881e-01,1.252e+00,2.815e-01
2.800e-01,3.000e+03,1.000e+00,1.900e+00,1.000e+00,4.500e+00,3.581e+00,1.274e+00,9.200e-01,1.085e+00,1.379e+00,3.906e-01
2.800e-01,3.000e+03,1.000e+00,2.000e+00,1.000e+00,4.500e+00,3.581e+00,1.389e+00,1.032e+00,1.171e+00,1.493e+00,4.869e-01
2.800e-01,3.000e+03,1.000e+00,2.100e+00,1.000e+00,4.500e+00,3.581e+00,1.493e+00,1.131e+00,1.247e+00,1.596e+00,5.726e-01
2.800e-01,3.000e+03,1.000e+00,2.200e+00,1.000e+00,4.500e+00,3.581e+00,1.587e+00,1.219e+00,1.316e+00,1.690e+00,6.493e-01
2.800e-01,3.000e+03,1.000e+00,2.300e+00,1.000e+00,4.500e+00,3.581e+00,1.673e+00,1.297e+00,1.378e+00,1.776e+00,7.182e-01
2.800e-01,3.000e+03,1.000e+00,2.400e+00,1.000e+00,4.500e+00,3.581e+00,1.753e+00,1.366e+00,1.434e+00,1.854e+00,7.805e-01
2.800e-01,3.000e+03,1.000e+00,2.500e+00,1.000e+00,4.500e+00,3.581e+00,1.825e+00,1.428e+00,1.484e+00,1.926e+00,8.371e-01
2.800e-01,3.000e+03,1.000e+00,2.600e+00,1.000e+00,4.500e+00,3.581e+00,1.893e+00,1.483e+00,1.530e+00,1.993e+00,8.886e-01
2.800e-01,3.000e+03,1.000e+00,2.700e+00,1.000e+00,4.500e+00,3.581e+00,1.955e+00,1.532e+00,1.572e+00,2.055e+00,9.358e-01
2.800e-01,3.000e+03,1.000e+00,2.800e+00,1.000e+00,4.500e+00,3.581e+00,2.013e+00,1.577e+00,1.610e+00,2.112e+00,9.791e-01
2.800e-01,3.000e+03,1.000e+00,2.900e+00,1.000e+00,4.500e+00,3.581e+00,2.067e+00,1.617e+00,1.645e+00,2.165e+00,1.019e+00
2.800e-01,3.000e+03,1.000e+00,3.000e+00,1.000e+00,4.500e+00,3.581e+00,2.117e+00,1.654e+00,1.678e+00,2.215e+00,1.056e+00
2.800e-01,3.000e+03,1.000e+00,3.100e+00,1.000e+00,4.500e+00,3.581e+00,2.164e+00,1.687e+00,1.707e+00,2.261e+00,1.090e+00
2.800e-01,3.000e+03,1.000e+00,3.200e+00,1.000e+00,4.500e+00,3.581e+00,2.208e+00,1.717e+00,1.734e+00,2.305e+00,1.121e+00
2.800e-01,3.000e+03,1.000e+00,3.300e+00,1.000e+00,4.500e+00,3.581e+00,2.249e+00,1.745e+00,1.760e+00,2.346e+00,1.151e+00
2.800e-01,3.000e+03,1.000e+00,3.400e+00,1.000e+00,4.500e+00,3.581e+00,2.288e+00,1.770e+00,1.783e+00,2.385e+00,1.178e+00
2.800e-01,3.000e+03,1.000e+00,3.500e+00,1.000e+00,4.500e+00,3.581e+00,2.325e+00,1.794e+00,1.804e+00,2.421e+00,1.204e+00
2.800e-01,3.000e+03,1.000e+00,3.600e+00,1.000e+00,4.500e+00,3.581e+00,2.360e+00,1.816e+00,1.824e+00,2.455e+00,1.228e+00
2.800e-01,3.000e+03,1.000e+00,3.700e+00,1.000e+00,4.500e+00,3.581e+00,2.393e+00,1.836e+00,1.843e+00,2.488e+00,1.250e+00
2.800e-01,3.000e+03,1.000e+00,3.800e+00,1.000e+00,4.500e+00,3.581e+00,2.424e+00,1.854e+00,1.860e+00,2.519e+00,1.271e+00
2.800e-01,3.000e+03,1.000e+00,3.900e+00,1.000e+00,4.500e+00,3.581e+00,2.453e+00,1.871e+00,1.876e+00,2.548e+00,1.291e+00
2.800e-01,3.000e+03,1.000e+00,4.000e+00,1.000e+00,4.500e+00,3.581e+00,2.481e+00,1.887e+00,1.891e+00,2.576e+00,1.310e+00
3.000e-01,3.000e+03,1.000e+00,1.300e+00,1.000e+00,4.500e+00,3.974e+00,2.427e-01,1.953e-01,3.468e-01,4.046e-01,-6.775e-01
3.000e-01,3.000e+03,1.000e+00,1.400e+00,1.000e+00,4.500e+00,3.974e+00,4.999e-01,3.068e-01,5.511e-01,6.745e-01,-4.282e-01
3.000e-01,3.000e+03,1.000e+00,1.500e+00,1.000e+00,4.500e+00,3.974e+00,7.253e-01,3.933e-01,7.268e-01,9.060e-01,-2.189e-01
3.000e-01,3.000e+03,1.000e+00,1.600e+00,1.000e+00,4.500e+00,3.974e+00,9.241e-01,5.247e-01,8.791e-01,1.107e+00,-4.080e-02
3.000e-01,3.000e+03,1.000e+00,1.700e+00,1.000e+00,4.500e+00,3.974e+00,1.100e+00,6.788e-01,1.012e+00,1.284e+00,1.125e-01
3.000e-01,3.000e+03,1.000e+00,1.800e+00,1.000e+00,4.500e+00,3.974e+00,1.258e+00,8.339e-01,1.128e+00,1.440e+00,2.457e-01
3.000e-01,3.000e+03,1.000e+00,1.900e+00,1.000e+00,4.500e+00,3.974e+00,1.399e+00,9.789e-01,1.230e+00,1.579e+00,3.626e-01
3.000e-01,3.000e+03,1.000e+00,2.000e+00,1.000e+00,4.500e+00,3.974e+00,1.527e+00,1.109e+00,1.321e+00,1.704e+00,4.657e-01
3.000e-01,3.000e+03,1.000e+00,2.100e+00,1.000e+00,4.500e+00,3.974e+00,1.643e+00,1.225e+00,1.402e+00,1.818e+00,5.575e-01
3.000e-01,3.000e+03,1.000e+00,2.200e+00,1.000e+00,4.500e+00,3.974e+00,1.748e+00,1.326e+00,1.474e+00,1.920e+00,6.396e-01
3.000e-01,3.000e+03,1.000e+00,2.300e+00,1.000e+00,4.500e+00,3.974e+00,1.845e+00,1.416e+00,1.539e+00,2.014e+00,7.134e-01
3.000e-01,3.000e+03,1.000e+00,2.400e+00,1.000e+00,4.500e+00,3.974e+00,1.933e+00,1.494e+00,1.597e+00,2.100e+00,7.801e-01
3.000e-01,3.000e+03,1.000e+00,2.500e+00,1.000e+00,4.500e+00,3.974e+00,2.014e+00,1.563e+00,1.649e+00,2.178e+00,8.407e-01
3.000e-01,3.000e+03,1.000e+00,2.600e+00,1.000e+00,4.500e+00,3.974e+00,2.090e+00,1.624e+00,1.697e+00,2.251e+00,8.959e-01
3.000e-01,3.000e+03,1.000e+00,2.700e+00,1.000e+00,4.500e+00,3.974e+00,2.159e+00,1.679e+00,1.740e+00,2.318e+00,9.463e-01
3.000e-01,3.000e+03,1.000e+00,2.800e+00,1.000e+00,4.500e+00,3.974e+00,2.224e+00,1.728e+00,1.780e+00,2.381e+00,9.927e-01
3.000e-01,3.000e+03,1.000e+00,2.900e+00,1.000e+00,4.500e+00,3.974e+00,2.284e+00,1.771e+00,1.816e+00,2.439e+00,1.035e+00
3.000e-01,3.000e+03,1.000e+00,3.000e+00,1.000e+00,4.500e+00,3.974e+00,2.341e+00,1.811e+00,1.849e+00,2.493e+00,1.075e+00
3.000e-01,3.000e+03,1.000e+00,3.100e+00,1.000e+00,4.500e+00,3.974e+00,2.394e+00,1.847e+00,1.879e+00,2.544e+00,1.111e+00
3.000e-01,3.000e+03,1.000e+00,3.200e+00,1.000e+00,4.500e+00,3.974e+00,2.443e+00,1.879e+00,1.907e+00,2.592e+00,1.145e+00
3.000e-01,3.000e+03,1.000e+00,3.300e+00,1.000e+00,4.500e+00,3.974e+00,2.489e+00,1.909e+00,1.933e+00,2.636e+00,1.176e+00
3.000e-01,3.000e+03,1.000e+00,3.400e+00,1.000e+00,4.500e+00,3.974e+00,2.533e+00,1.936e+00,1.956e+00,2.678e+00,1.206e+00
3.000e-01,3.000e+03,1.000e+00,3.500e+00,1.000e+00,4.500e+00,3.974e+00,2.574e+00,1.960e+00,1.978e+00,2.718e+00,1.233e+00
3.000e-01,3.000e+03,1.000e+00,3.600e+00,1.000e+00,4.500e+00,3.974e+00,2.613e+00,1.983e+00,1.998e+00,2.756e+00,1.259e+00
3.000e-01,3.000e+03,1.000e+00,3.700e+00,1.000e+00,4.500e+00,3.974e+00,2.650e+00,2.004e+00,2.017e+00,2.791e+00,1.283e+00
3.000e-01,3.000e+03,1.000e+00,3.800e+00,1.000e+00,4.500e+00,3.974e+00,2.685e+00,2.023e+00,2.034e+00,2.825e+00,1.305e+00
3.000e-01,3.000e+03,1.000e+00,3.900e+00,1.000e+00,4.500e+00,3.974e+00,2.718e+00,2.041e+00,2.051e+00,2.856e+00,1.327e+00
3.000e-01,3.000e+03,1.000e+00,4.000e+00,1.000e+00,4.500e+00,3.974e+00,2.750e+00,2.057e+00,2.066e+00,2.887e+00,1.347e+00
3.200e-01,3.000e+03,1.000e+00,1.300e+00,1.000e+00,4.500e+00,4.419e+00,2.900e-01,1.821e-01,4.797e-01,5.457e-01,-7.723e-01
3.200e-01,3.000e+03,1.000e+00,1.400e+00,1.000e+00,4.500e+00,4.419e+00,5.677e-01,2.852e-01,6.986e-01,8.418e-01,-5.064e-01
3.200e-01,3.000e+03,1.000e+00,1.500e+00,1.000e+00,4.500e+00,4.419e+00,8.127e-01,3.653e-01,8.857e-01,1.095e+00,-2.832e-01
3.200e-01,3.000e+03,1.000e+00,1.600e+00,1.000e+00,4.500e+00,4.419e+00,1.030e+00,5.118e-01,1.047e+00,1.315e+00,-9.330e-02
3.200e-01,3.000e+03,1.000e+00,1.700e+00,1.000e+00,4.500e+00,4.419e+00,1.224e+00,6.919e-01,1.187e+00,1.508e+00,7.015e-02
3.200e-01,3.000e+03,1.000e+00,1.800e+00,1.000e+00,4.500e+00,4.419e+00,1.397e+00,8.756e-01,1.309e+00,1.678e+00,2.122e-01
3.200e-01,3.000e+03,1.000e+00,1.900e+00,1.000e+00,4.500e+00,4.419e+00,1.553e+00,1.047e+00,1.416e+00,1.830e+00,3.368e-01
3.200e-01,3.000e+03,1.000e+00,2.000e+00,1.000e+00,4.500e+00,4.419e+00,1.694e+00,1.201e+00,1.510e+00,1.967e+00,4.468e-01
3.200e-01,3.000e+03,1.000e+00,2.100e+00,1.000e+00,4.500e+00,4.419e+00,1.823e+00,1.336e+00,1.594e+00,2.090e+00,5.446e-01
3.200e-01,3.000e+03,1.000e+00,2.200e+00,1.000e+00,4.500e+00,4.419e+00,1.940e+00,1.454e+00,1.668e+00,2.201e+00,6.321e-01
3.200e-01,3.000e+03,1.000e+00,2.300e+00,1.000e+00,4.500e+00,4.419e+00,2.047e+00,1.556e+00,1.735e+00,2.303e+00,7.108e-01
3.200e-01,3.000e+03,1.000e+00,2.400e+00,1.000e+00,4.500e+00,4.419e+00,2.145e+00,1.645e+00,1.795e+00,2.396e+00,7.819e-01
3.200e-01,3.000e+03,1.000e+00,2.500e+00,1.000e+00,4.500e+00,4.419e+00,2.236e+00,1.723e+00,1.849e+00,2.482e+00,8.464e-01
3.200e-01,3.000e+03,1.000e+00,2.600e+00,1.000e+00,4.500e+00,4.419e+00,2.320e+00,1.791e+00,1.898e+00,2.561e+00,9.052e-01
3.200e-01,3.000e+03,1.000e+00,2.700e+00,1.000e+00,4.500e+00,4.419e+00,2.398e+00,1.851e+00,1.942e+00,2.634e+00,9.590e-01
3.200e-01,3.000e+03,1.000e+00,2.800e+00,1.000e+00,4.500e+00,4.419e+00,2.470e+00,1.905e+00,1.982e+00,2.702e+00,1.008e+00
3.200e-01,3.000e+03,1.000e+00,2.900e+00,1.000e+00,4.500e+00,4.419e+00,2.537e+00,1.952e+00,2.018e+00,2.765e+00,1.054e+00
3.200e-01,3.000e+03,1.000e+00,3.000e+00,1.000e+00,4.500e+00,4.419e+00,2.600e+00,1.995e+00,2.052e+00,2.823e+00,1.096e+00
3.200e-01,3.000e+03,1.000e+00,3.100e+00,1.000e+00,4.500e+00,4.419e+00,2.659e+00,2.033e+00,2.082e+00,2.878e+00,1.135e+00
3.200e-01,3.000e+03,1.000e+00,3.200e+00,1.000e+00,4.500e+00,4.419e+00,2.714e+00,2.068e+00,2.110e+00,2.930e+00,1.171e+00
3.200e-01,3.000e+03,1.000e+00,3.300e+00,1.000e+00,4.500e+00,4.419e+00,2.766e+00,2.099e+00,2.136e+00,2.978e+00,1.204e+00
3.200e-01,3.000e+03,1.000e+00,3.400e+00,1.000e+00,4.500e+00,4.419e+00,2.815e+00,2.127e+00,2.159e+00,3.024e+00,1.235e+00
3.200e-01,3.000e+03,1.000e+00,3.500e+00,1.000e+00,4.500e+00,4.419e+00,2.861e+00,2.153e+00,2.181e+00,3.067e+00,1.265e+00
3.200e-01,3.000e+03,1.000e+00,3.600e+00,1.000e+00,4.500e+00,4.419e+00,2.905e+00,2.176e+00,2.201e+00,3.107e+00,1.292e+00
3.200e-01,3.000e+03,1.000e+00,3.700e+00,1.000e+00,4.500e+00,4.419e+00,2.946e+00,2.198e+00,2.219e+00,3.146e+00,1.318e+00
3.200e-01,3.000e+03,1.000e+00,3.800e+00,1.000e+00,4.500e+00,4.419e+00,2.985e+00,2.217e+00,2.236e+00,3.182e+00,1.342e+00
3.200e-01,3.000e+03,1.000e+00,3.900e+00,1.000e+00,4.500e+00,4.419e+00,3.023e+00,2.235e+00,2.252e+00,3.216e+00,1.364e+00
3.200e-01,3.000e+03,1.000e+00,4.000e+00,1.000e+00,4.500e+00,4.419e+00,3.058e+00,2.252e+00,2.266e+00,3.249e+00,1.385e+00
3.400e-01,3.000e+03,1.000e+00,1.300e+00,1.000e+00,4.500e+00,4.926e+00,3.739e-01,1.562e-01,6.723e-01,7.493e-01,-8.647e-01
3.400e-01,3.000e+03,1.000e+00,1.400e+00,1.000e+00,4.500e+00,4.926e+00,6.707e-01,2.490e-01,9.030e-01,1.072e+00,-5.823e-01
3.400e-01,3.000e+03,1.000e+00,1.500e+00,1.000e+00,4.500e+00,4.926e+00,9.347e-01,3.220e-01,1.099e+00,1.347e+00,-3.453e-01
3.400e-01,3.000e+03,1.000e+00,1.600e+00,1.000e+00,4.500e+00,4.926e+00,1.170e+00,4.880e-01,1.267e+00,1.586e+00,-1.435e-01
3.400e-01,3.000e+03,1.000e+00,1.700e+00,1.000e+00,4.500e+00,4.926e+00,1.381e+00,7.011e-01,1.412e+00,1.795e+00,3.006e-02
3.400e-01,3.000e+03,1.000e+00,1.800e+00,1.000e+00,4.500e+00,4.926e+00,1.571e+00,9.204e-01,1.538e+00,1.979e+00,1.809e-01
3.400e-01,3.000e+03,1.000e+00,1.900e+00,1.000e+00,4.500e+00,4.926e+00,1.743e+00,1.125e+00,1.648e+00,2.144e+00,3.132e-01
3.400e-01,3.000e+03,1.000e+00,2.000e+00,1.000e+00,4.500e+00,4.926e+00,1.898e+00,1.307e+00,1.745e+00,2.291e+00,4.300e-01
3.400e-01,3.000e+03,1.000e+00,2.100e+00,1.000e+00,4.500e+00,4.926e+00,2.040e+00,1.466e+00,1.830e+00,2.424e+00,5.339e-01
3.400e-01,3.000e+03,1.000e+00,2.200e+00,1.000e+00,4.500e+00,4.926e+00,2.169e+00,1.603e+00,1.906e+00,2.544e+00,6.268e-01
3.400e-01,3.000e+03,1.000e+00,2.300e+00,1.000e+00,4.500e+00,4.926e+00,2.287e+00,1.721e+00,1.974e+00,2.654e+00,7.103e-01
3.400e-01,3.000e+03,1.000e+00,2.400e+00,1.000e+00,4.500e+00,4.926e+00,2.396e+00,1.823e+00,2.034e+00,2.755e+00,7.858e-01
3.400e-01,3.000e+03,1.000e+00,2.500e+00,1.000e+00,4.500e+00,4.926e+00,2.497e+00,1.910e+00,2.088e+00,2.847e+00,8.543e-01
3.400e-01,3.000e+03,1.000e+00,2.600e+00,1.000e+00,4.500e+00,4.926e+00,2.590e+00,1.987e+00,2.137e+00,2.932e+00,9.168e-01
3.400e-01,3.000e+03,1.000e+00,2.700e+00,1.000e+00,4.500e+00,4.926e+00,2.677e+00,2.053e+00,2.181e+00,3.011e+00,9.739e-01
3.400e-01,3.000e+03,1.000e+00,2.800e+00,1.000e+00,4.500e+00,4.926e+00,2.757e+00,2.112e+00,2.221e+00,3.084e+00,1.026e+00
3.400e-01,3.000e+03,1.000e+00,2.900e+00,1.000e+00,4.500e+00,4.926e+00,2.832e+00,2.163e+00,2.257e+00,3.152e+00,1.075e+00
3.400e-01,3.000e+03,1.000e+00,3.000e+00,1.000e+00,4.500e+00,4.926e+00,2.902e+00,2.209e+00,2.290e+00,3.215e+00,1.119e+00
3.400e-01,3.000e+03,1.000e+00,3.100e+00,1.000e+00,4.500e+00,4.926e+00,2.968e+00,2.250e+00,2.320e+00,3.274e+00,1.160e+00
3.400e-01,3.000e+03,1.000e+00,3.200e+00,1.000e+00,4.500e+00,4.926e+00,3.029e+00,2.286e+00,2.347e+00,3.329e+00,1.199e+00
3.400e-01,3.000e+03,1.000e+00,3.300e+00,1.000e+00,4.500e+00,4.926e+00,3.087e+00,2.319e+00,2.372e+00,3.381e+00,1.234e+00
3.400e-01,3.000e+03,1.000e+00,3.400e+00,1.000e+00,4.500e+00,4.926e+00,3.142e+00,2.348e+00,2.395e+00,3.430e+00,1.267e+00
3.400e-01,3.000e+03,1.000e+00,3.500e+00,1.000e+00,4.500e+00,4.926e+00,3.193e+00,2.375e+00,2.416e+00,3.477e+00,1.298e+00
3.400e-01,3.000e+03,1.000e+00,3.600e+00,1.000e+00,4.500e+00,4.926e+00,3.242e+00,2.399e+00,2.435e+00,3.520e+00,1.327e+00
3.400e-01,3.000e+03,1.000e+00,3.700e+00,1.000e+00,4.500e+00,4.926e+00,3.288e+00,2.421e+00,2.453e+00,3.561e+00,1.354e+00
3.400e-01,3.000e+03,1.000e+00,3.800e+00,1.000e+00,4.500e+00,4.926e+00,3.332e+00,2.440e+00,2.469e+00,3.600e+00,1.380e+00
3.400e-01,3.000e+03,1.000e+00,3.900e+00,1.000e+00,4.500e+00,4.926e+00,3.373e+00,2.459e+00,2.484e+00,3.637e+00,1.404e+00
3.400e-01,3.000e+03,1.000e+00,4.000e+00,1.000e+00,4.500e+00,4.926e+00,3.413e+00,2.475e+00,2.497e+00,3.673e+00,1.426e+00
3.600e-01,3.000e+03,1.000e+00,1.300e+00,1.000e+00,4.500e+00,5.504e+00,5.055e-01,1.111e-01,9.382e-01,1.032e+00,-9.548e-01
3.600e-01,3.000e+03,1.000e+00,1.400e+00,1.000e+00,4.500e+00,5.504e+00,8.191e-01,1.923e-01,1.177e+00,1.380e+00,-6.559e-01
3.600e-01,3.000e+03,1.000e+00,1.500e+00,1.000e+00,4.500e+00,5.504e+00,1.101e+00,2.577e-01,1.378e+00,1.677e+00,-4.050e-01
3.600e-01,3.000e+03,1.000e+00,1.600e+00,1.000e+00,4.500e+00,5.504e+00,1.354e+00,4.490e-01,1.550e+00,1.933e+00,-1.915e-01
3.600e-01,3.000e+03,1.000e+00,1.700e+00,1.000e+00,4.500e+00,5.504e+00,1.583e+00,7.036e-01,1.698e+00,2.158e+00,-7.732e-03
3.600e-01,3.000e+03,1.000e+00,1.800e+00,1.000e+00,4.500e+00,5.504e+00,1.789e+00,9.673e-01,1.825e+00,2.356e+00,1.519e-01
3.600e-01,3.000e+03,1.000e+00,1.900e+00,1.000e+00,4.500e+00,5.504e+00,1.976e+00,1.213e+00,1.936e+00,2.533e+00,2.919e-01
3.600e-01,3.000e+03,1.000e+00,2.000e+00,1.000e+00,4.500e+00,5.504e+00,2.146e+00,1.430e+00,2.034e+00,2.691e+00,4.155e-01
3.600e-01,3.000e+03,1.000e+00,2.100e+00,1.000e+00,4.500e+00,5.504e+00,2.301e+00,1.617e+00,2.119e+00,2.833e+00,5.254e-01
3.600e-01,3.000e+03,1.000e+00,2.200e+00,1.000e+00,4.500e+00,5.504e+00,2.444e+00,1.777e+00,2.195e+00,2.962e+00,6.237e-01
3.600e-01,3.000e+03,1.000e+00,2.300e+00,1.000e+00,4.500e+00,5.504e+00,2.574e+00,1.914e+00,2.262e+00,3.080e+00,7.121e-01
3.600e-01,3.000e+03,1.000e+00,2.400e+00,1.000e+00,4.500e+00,5.504e+00,2.695e+00,2.030e+00,2.321e+00,3.187e+00,7.920e-01
3.600e-01,3.000e+03,1.000e+00,2.500e+00,1.000e+00,4.500e+00,5.504e+00,2.806e+00,2.129e+00,2.374e+00,3.286e+00,8.645e-01
3.600e-01,3.000e+03,1.000e+00,2.600e+00,1.000e+00,4.500e+00,5.504e+00,2.909e+00,2.214e+00,2.422e+00,3.377e+00,9.305e-01
3.600e-01,3.000e+03,1.000e+00,2.700e+00,1.000e+00,4.500e+00,5.504e+00,3.005e+00,2.288e+00,2.465e+00,3.461e+00,9.909e-01
3.600e-01,3.000e+03,1.000e+00,2.800e+00,1.000e+00,4.500e+00,5.504e+00,3.094e+00,2.352e+00,2.503e+00,3.539e+00,1.046e+00
3.600e-01,3.000e+03,1.000e+00,2.900e+00,1.000e+00,4.500e+00,5.504e+00,3.177e+00,2.408e+00,2.538e+00,3.611e+00,1.097e+00
3.600e-01,3.000e+03,1.000e+00,3.000e+00,1.000e+00,4.500e+00,5.504e+00,3.255e+00,2.457e+00,2.570e+00,3.679e+00,1.144e+00
3.600e-01,3.000e+03,1.000e+00,3.100e+00,1.000e+00,4.500e+00,5.504e+00,3.328e+00,2.500e+00,2.598e+00,3.742e+00,1.188e+00
3.600e-01,3.000e+03,1.000e+00,3.200e+00,1.000e+00,4.500e+00,5.504e+00,3.396e+00,2.538e+00,2.624e+00,3.802e+00,1.228e+00
3.600e-01,3.000e+03,1.000e+00,3.300e+00,1.000e+00,4.500e+00,5.504e+00,3.460e+00,2.572e+00,2.647e+00,3.857e+00,1.266e+00
3.600e-01,3.000e+03,1.000e+00,3.400e+00,1.000e+00,4.500e+00,5.504e+00,3.521e+00,2.603e+00,2.669e+00,3.909e+00,1.301e+00
3.600e-01,3.000e+03,1.000e+00,3.500e+00,1.000e+00,4.500e+00,5.504e+00,3.578e+00,2.630e+00,2.688e+00,3.959e+00,1.334e+00
3.600e-01,3.000e+03,1.000e+00,3.600e+00,1.000e+00,4.500e+00,5.504e+00,3.633e+00,2.654e+00,2.706e+00,4.005e+00,1.364e+00
3.600e-01,3.000e+03,1.000e+00,3.700e+00,1.000e+00,4.500e+00,5.504e+00,3.684e+00,2.676e+00,2.722e+00,4.049e+00,1.393e+00
3.600e-01,3.000e+03,1.000e+00,3.800e+00,1.000e+00,4.500e+00,5.504e+00,3.732e+00,2.696e+00,2.736e+00,4.091e+00,1.420e+00
3.600e-01,3.000e+03,1.000e+00,3.900e+00,1.000e+00,4.500e+00,5.504e+00,3.779e+00,2.713e+00,2.750e+00,4.130e+00,1.445e+00
3.600e-01,3.000e+03,1.000e+00,4.000e+00,1.000e+00,4.500e+00,5.504e+00,3.822e+00,2.729e+00,2.762e+00,4.168e+00,1.469e+00
3.800e-01,3.000e+03,1.000e+00,1.300e+00,1.000e+00,4.500e+00,6.166e+00,6.968e-01,3.941e-02,1.291e+00,1.413e+00,-1.043e+00
3.800e-01,3.000e+03,1.000e+00,1.400e+00,1.000e+00,4.500e+00,6.166e+00,1.024e+00,1.079e-01,1.532e+00,1.784e+00,-7.272e-01
3.800e-01,3.000e+03,1.000e+00,1.500e+00,1.000e+00,4.500e+00,6.166e+00,1.322e+00,1.659e-01,1.735e+00,2.101e+00,-4.624e-01
3.800e-01,3.000e+03,1.000e+00,1.600e+00,1.000e+00,4.500e+00,6.166e+00,1.592e+00,3.898e-01,1.907e+00,2.374e+00,-2.371e-01
3.800e-01,3.000e+03,1.000e+00,1.700e+00,1.000e+00,4.500e+00,6.166e+00,1.838e+00,6.963e-01,2.054e+00,2.614e+00,-4.321e-02
3.800e-01,3.000e+03,1.000e+00,1.800e+00,1.000e+00,4.500e+00,6.166e+00,2.061e+00,1.015e+00,2.180e+00,2.825e+00,1.253e-01
3.800e-01,3.000e+03,1.000e+00,1.900e+00,1.000e+00,4.500e+00,6.166e+00,2.264e+00,1.310e+00,2.289e+00,3.012e+00,2.729e-01
3.800e-01,3.000e+03,1.000e+00,2.000e+00,1.000e+00,4.500e+00,6.166e+00,2.449e+00,1.569e+00,2.384e+00,3.180e+00,4.033e-01
3.800e-01,3.000e+03,1.000e+00,2.100e+00,1.000e+00,4.500e+00,6.166e+00,2.618e+00,1.791e+00,2.467e+00,3.332e+00,5.193e-01
3.800e-01,3.000e+03,1.000e+00,2.200e+00,1.000e+00,4.500e+00,6.166e+00,2.774e+00,1.979e+00,2.540e+00,3.469e+00,6.230e-01
3.800e-01,3.000e+03,1.000e+00,2.300e+00,1.000e+00,4.500e+00,6.166e+00,2.918e+00,2.137e+00,2.605e+00,3.594e+00,7.162e-01
3.800e-01,3.000e+03,1.000e+00,2.400e+00,1.000e+00,4.500e+00,6.166e+00,3.050e+00,2.270e+00,2.662e+00,3.708e+00,8.004e-01
3.800e-01,3.000e+03,1.000e+00,2.500e+00,1.000e+00,4.500e+00,6.166e+00,3.172e+00,2.383e+00,2.713e+00,3.813e+00,8.769e-01
3.800e-01,3.000e+03,1.000e+00,2.600e+00,1.000e+00,4.500e+00,6.166e+00,3.286e+00,2.479e+00,2.758e+00,3.909e+00,9.465e-01
3.800e-01,3.000e+03,1.000e+00,2.700e+00,1.000e+00,4.500e+00,6.166e+00,3.391e+00,2.560e+00,2.798e+00,3.999e+00,1.010e+00
3.800e-01,3.000e+03,1.000e+00,2.800e+00,1.000e+00,4.500e+00,6.166e+00,3.490e+00,2.630e+00,2.834e+00,4.081e+00,1.069e+00
3.800e-01,3.000e+03,1.000e+00,2.900e+00,1.000e+00,4.500e+00,6.166e+00,3.582e+00,2.691e+00,2.866e+00,4.158e+00,1.122e+00
3.800e-01,3.000e+03,1.000e+00,3.000e+00,1.000e+00,4.500e+00,6.166e+00,3.668e+00,2.743e+00,2.895e+00,4.230e+00,1.172e+00
3.800e-01,3.000e+03,1.000e+00,3.100e+00,1.000e+00,4.500e+00,6.166e+00,3.749e+00,2.789e+00,2.921e+00,4.297e+00,1.218e+00
3.800e-01,3.000e+03,1.000e+00,3.200e+00,1.000e+00,4.500e+00,6.166e+00,3.824e+00,2.828e+00,2.944e+00,4.360e+00,1.261e+00
3.800e-01,3.000e+03,1.000e+00,3.300e+00,1.000e+00,4.500e+00,6.166e+00,3.896e+00,2.863e+00,2.965e+00,4.419e+00,1.300e+00
3.800e-01,3.000e+03,1.000e+00,3.400e+00,1.000e+00,4.500e+00,6.166e+00,3.963e+00,2.894e+00,2.984e+00,4.474e+00,1.337e+00
3.800e-01,3.000e+03,1.000e+00,3.500e+00,1.000e+00,4.500e+00,6.166e+00,4.027e+00,2.922e+00,3.001e+00,4.527e+00,1.372e+00
3.800e-01,3.000e+03,1.000e+00,3.600e+00,1.000e+00,4.500e+00,6.166e+00,4.087e+00,2.946e+00,3.017e+00,4.576e+00,1.404e+00
3.800e-01,3.000e+03,1.000e+00,3.700e+00,1.000e+00,4.500e+00,6.166e+00,4.144e+00,2.967e+00,3.031e+00,4.623e+00,1.434e+00
3.800e-01,3.000e+03,1.000e+00,3.800e+00,1.000e+00,4.500e+00,6.166e+00,4.198e+00,2.986e+00,3.043e+00,4.667e+00,1.463e+00
3.800e-01,3.000e+03,1.000e+00,3.900e+00,1.000e+00,4.500e+00,6.166e+00,4.249e+00,3.003e+00,3.054e+00,4.709e+00,1.489e+00
3.800e-01,3.000e+03,1.000e+00,4.000e+00,1.000e+00,4.500e+00,6.166e+00,4.298e+00,3.018e+00,3.064e+00,4.748e+00,1.514e+00
4.000e-01,3.000e+03,1.000e+00,1.300e+00,1.000e+00,4.500e+00,6.926e+00,9.601e-01,-6.743e-02,1.743e+00,1.913e+00,-1.128e+00
4.000e-01,3.000e+03,1.000e+00,1.400e+00,1.000e+00,4.500e+00,6.926e+00,1.298e+00,-1.197e-02,1.981e+00,2.305e+00,-7.960e-01
4.000e-01,3.000e+03,1.000e+00,1.500e+00,1.000e+00,4.500e+00,6.926e+00,1.610e+00,3.938e-02,2.180e+00,2.639e+00,-5.174e-01
4.000e-01,3.000e+03,1.000e+00,1.600e+00,1.000e+00,4.500e+00,6.926e+00,1.896e+00,3.049e-01,2.347e+00,2.928e+00,-2.803e-01
4.000e-01,3.000e+03,1.000e+00,1.700e+00,1.000e+00,4.500e+00,6.926e+00,2.158e+00,6.755e-01,2.489e+00,3.181e+00,-7.633e-02
4.000e-01,3.000e+03,1.000e+00,1.800e+00,1.000e+00,4.500e+00,6.926e+00,2.397e+00,1.061e+00,2.610e+00,3.403e+00,1.009e-01
4.000e-01,3.000e+03,1.000e+00,1.900e+00,1.000e+00,4.500e+00,6.926e+00,2.616e+00,1.417e+00,2.714e+00,3.601e+00,2.563e-01
4.000e-01,3.000e+03,1.000e+00,2.000e+00,1.000e+00,4.500e+00,6.926e+00,2.817e+00,1.727e+00,2.804e+00,3.778e+00,3.935e-01
4.000e-01,3.000e+03,1.000e+00,2.100e+00,1.000e+00,4.500e+00,6.926e+00,3.001e+00,1.991e+00,2.883e+00,3.938e+00,5.154e-01
4.000e-01,3.000e+03,1.000e+00,2.200e+00,1.000e+00,4.500e+00,6.926e+00,3.171e+00,2.211e+00,2.951e+00,4.083e+00,6.245e-01
4.000e-01,3.000e+03,1.000e+00,2.300e+00,1.000e+00,4.500e+00,6.926e+00,3.328e+00,2.395e+00,3.011e+00,4.214e+00,7.225e-01
4.000e-01,3.000e+03,1.000e+00,2.400e+00,1.000e+00,4.500e+00,6.926e+00,3.473e+00,2.548e+00,3.063e+00,4.334e+00,8.111e-01
4.000e-01,3.000e+03,1.000e+00,2.500e+00,1.000e+00,4.500e+00,6.926e+00,3.607e+00,2.676e+00,3.110e+00,4.445e+00,8.915e-01
4.000e-01,3.000e+03,1.000e+00,2.600e+00,1.000e+00,4.500e+00,6.926e+00,3.732e+00,2.783e+00,3.150e+00,4.546e+00,9.648e-01
4.000e-01,3.000e+03,1.000e+00,2.700e+00,1.000e+00,4.500e+00,6.926e+00,3.848e+00,2.874e+00,3.186e+00,4.640e+00,1.032e+00
4.000e-01,3.000e+03,1.000e+00,2.800e+00,1.000e+00,4.500e+00,6.926e+00,3.957e+00,2.950e+00,3.218e+00,4.727e+00,1.093e+00
4.000e-01,3.000e+03,1.000e+00,2.900e+00,1.000e+00,4.500e+00,6.926e+00,4.058e+00,3.016e+00,3.246e+00,4.808e+00,1.150e+00
4.000e-01,3.000e+03,1.000e+00,3.000e+00,1.000e+00,4.500e+00,6.926e+00,4.153e+00,3.071e+00,3.272e+00,4.884e+00,1.202e+00
4.000e-01,3.000e+03,1.000e+00,3.100e+00,1.000e+00,4.500e+00,6.926e+00,4.242e+00,3.119e+00,3.294e+00,4.954e+00,1.250e+00
4.000e-01,3.000e+03,1.000e+00,3.200e+00,1.000e+00,4.500e+00,6.926e+00,4.326e+00,3.161e+00,3.314e+00,5.021e+00,1.295e+00
4.000e-01,3.000e+03,1.000e+00,3.300e+00,1.000e+00,4.500e+00,6.926e+00,4.405e+00,3.196e+00,3.331e+00,5.083e+00,1.337e+00
4.000e-01,3.000e+03,1.000e+00,3.400e+00,1.000e+00,4.500e+00,6.926e+00,4.479e+00,3.228e+00,3.346e+00,5.141e+00,1.376e+00
4.000e-01,3.000e+03,1.000e+00,3.500e+00,1.000e+00,4.500e+00,6.926e+00,4.550e+00,3.255e+00,3.360e+00,5.196e+00,1.412e+00
4.000e-01,3.000e+03,1.000e+00,3.600e+00,1.000e+00,4.500e+00,6.926e+00,4.616e+00,3.278e+00,3.372e+00,5.248e+00,1.446e+00
4.000e-01,3.000e+03,1.000e+00,3.700e+00,1.000e+00,4.500e+00,6.926e+00,4.679e+00,3.299e+00,3.383e+00,5.297e+00,1.477e+00
4.000e-01,3.000e+03,1.000e+00,3.800e+00,1.000e+00,4.500e+00,6.926e+00,4.739e+00,3.317e+00,3.392e+00,5.343e+00,1.507e+00
4.000e-01,3.000e+03,1.000e+00,3.900e+00,1.000e+00,4.500e+00,6.926e+00,4.796e+00,3.333e+00,3.401e+00,5.388e+00,1.535e+00
4.000e-01,3.000e+03,1.000e+00,4.000e+00,1.000e+00,4.500e+00,6.926e+00,4.850e+00,3.346e+00,3.408e+00,5.429e+00,1.562e+00
4.200e-01,3.000e+03,1.000e+00,1.300e+00,1.000e+00,4.500e+00,7.802e+00,1.308e+00,-2.190e-01,2.307e+00,2.555e+00,-1.211e+00
4.200e-01,3.000e+03,1.000e+00,1.400e+00,1.000e+00,4.500e+00,7.802e+00,1.652e+00,-1.762e-01,2.535e+00,2.965e+00,-8.625e-01
4.200e-01,3.000e+03,1.000e+00,1.500e+00,1.000e+00,4.500e+00,7.802e+00,1.976e+00,-1.299e-01,2.723e+00,3.315e+00,-5.700e-01
4.200e-01,3.000e+03,1.000e+00,1.600e+00,1.000e+00,4.500e+00,7.802e+00,2.277e+00,1.879e-01,2.880e+00,3.617e+00,-3.212e-01
4.200e-01,3.000e+03,1.000e+00,1.700e+00,1.000e+00,4.500e+00,7.802e+00,2.554e+00,6.375e-01,3.012e+00,3.880e+00,-1.071e-01
4.200e-01,3.000e+03,1.000e+00,1.800e+00,1.000e+00,4.500e+00,7.802e+00,2.810e+00,1.105e+00,3.125e+00,4.113e+00,7.895e-02
4.200e-01,3.000e+03,1.000e+00,1.900e+00,1.000e+00,4.500e+00,7.802e+00,3.046e+00,1.534e+00,3.220e+00,4.320e+00,2.420e-01
4.200e-01,3.000e+03,1.000e+00,2.000e+00,1.000e+00,4.500e+00,7.802e+00,3.263e+00,1.905e+00,3.302e+00,4.505e+00,3.859e-01
4.200e-01,3.000e+03,1.000e+00,2.100e+00,1.000e+00,4.500e+00,7.802e+00,3.463e+00,2.218e+00,3.373e+00,4.672e+00,5.139e-01
4.200e-01,3.000e+03,1.000e+00,2.200e+00,1.000e+00,4.500e+00,7.802e+00,3.648e+00,2.477e+00,3.434e+00,4.822e+00,6.283e-01
4.200e-01,3.000e+03,1.000e+00,2.300e+00,1.000e+00,4.500e+00,7.802e+00,3.819e+00,2.691e+00,3.486e+00,4.960e+00,7.312e-01
4.200e-01,3.000e+03,1.000e+00,2.400e+00,1.000e+00,4.500e+00,7.802e+00,3.977e+00,2.868e+00,3.532e+00,5.085e+00,8.242e-01
4.200e-01,3.000e+03,1.000e+00,2.500e+00,1.000e+00,4.500e+00,7.802e+00,4.124e+00,3.013e+00,3.571e+00,5.201e+00,9.085e-01
4.200e-01,3.000e+03,1.000e+00,2.600e+00,1.000e+00,4.500e+00,7.802e+00,4.261e+00,3.134e+00,3.606e+00,5.307e+00,9.853e-01
4.200e-01,3.000e+03,1.000e+00,2.700e+00,1.000e+00,4.500e+00,7.802e+00,4.388e+00,3.234e+00,3.636e+00,5.405e+00,1.056e+00
4.200e-01,3.000e+03,1.000e+00,2.800e+00,1.000e+00,4.500e+00,7.802e+00,4.508e+00,3.318e+00,3.662e+00,5.496e+00,1.120e+00
4.200e-01,3.000e+03,1.000e+00,2.900e+00,1.000e+00,4.500e+00,7.802e+00,4.619e+00,3.388e+00,3.685e+00,5.580e+00,1.179e+00
4.200e-01,3.000e+03,1.000e+00,3.000e+00,1.000e+00,4.500e+00,7.802e+00,4.724e+00,3.447e+00,3.704e+00,5.659e+00,1.234e+00
4.200e-01,3.000e+03,1.000e+00,3.100e+00,1.000e+00,4.500e+00,7.802e+00,4.822e+00,3.497e+00,3.722e+00,5.733e+00,1.285e+00
4.200e-01,3.000e+03,1.000e+00,3.200e+00,1.000e+00,4.500e+00,7.802e+00,4.915e+00,3.540e+00,3.736e+00,5.802e+00,1.332e+00
4.200e-01,3.000e+03,1.000e+00,3.300e+00,1.000e+00,4.500e+00,7.802e+00,5.002e+00,3.576e+00,3.749e+00,5.867e+00,1.375e+00
4.200e-01,3.000e+03,1.000e+00,3.400e+00,1.000e+00,4.500e+00,7.802e+00,5.084e+00,3.607e+00,3.760e+00,5.928e+00,1.416e+00
4.200e-01,3.000e+03,1.000e+00,3.500e+00,1.000e+00,4.500e+00,7.802e+00,5.162e+00,3.633e+00,3.769e+00,5.985e+00,1.454e+00
4.200e-01,3.000e+03,1.000e+00,3.600e+00,1.000e+00,4.500e+00,7.802e+00,5.236e+00,3.656e+00,3.777e+00,6.040e+00,1.490e+00
4.200e-01,3.000e+03,1.000e+00,3.700e+00,1.000e+00,4.500e+00,7.802e+00,5.305e+00,3.675e+00,3.783e+00,6.091e+00,1.523e+00
4.200e-01,3.000e+03,1.000e+00,3.800e+00,1.000e+00,4.500e+00,7.802e+00,5.372e+00,3.692e+00,3.789e+00,6.140e+00,1.554e+00
4.200e-01,3.000e+03,1.000e+00,3.900e+00,1.000e+00,4.500e+00,7.802e+00,5.435e+00,3.705e+00,3.793e+00,6.186e+00,1.584e+00
4.200e-01,3.000e+03,1.000e+00,4.000e+00,1.000e+00,4.500e+00,7.802e+00,5.494e+00,3.717e+00,3.796e+00,6.229e+00,1.611e+00
4.400e-01,3.000e+03,1.000e+00,1.300e+00,1.000e+00,4.500e+00,8.817e+00,1.750e+00,-4.259e-01,2.996e+00,3.366e+00,-1.291e+00
4.400e-01,3.000e+03,1.000e+00,1.400e+00,1.000e+00,4.500e+00,8.817e+00,2.098e+00,-3.947e-01,3.205e+00,3.790e+00,-9.265e-01
4.400e-01,3.000e+03,1.000e+00,1.500e+00,1.000e+00,4.500e+00,8.817e+00,2.432e+00,-3.510e-01,3.377e+00,4.152e+00,-6.201e-01
4.400e-01,3.000e+03,1.000e+00,1.600e+00,1.000e+00,4.500e+00,8.817e+00,2.746e+00,3.218e-02,3.518e+00,4.464e+00,-3.596e-01
4.400e-01,3.000e+03,1.000e+00,1.700e+00,1.000e+00,4.500e+00,8.817e+00,3.040e+00,5.777e-01,3.636e+00,4.737e+00,-1.354e-01
4.400e-01,3.000e+03,1.000e+00,1.800e+00,1.000e+00,4.500e+00,8.817e+00,3.313e+00,1.143e+00,3.734e+00,4.978e+00,5.938e-02
4.400e-01,3.000e+03,1.000e+00,1.900e+00,1.000e+00,4.500e+00,8.817e+00,3.566e+00,1.660e+00,3.817e+00,5.192e+00,2.301e-01
4.400e-01,3.000e+03,1.000e+00,2.000e+00,1.000e+00,4.500e+00,8.817e+00,3.800e+00,2.105e+00,3.887e+00,5.383e+00,3.808e-01
4.400e-01,3.000e+03,1.000e+00,2.100e+00,1.000e+00,4.500e+00,8.817e+00,4.016e+00,2.476e+00,3.946e+00,5.556e+00,5.148e-01
4.400e-01,3.000e+03,1.000e+00,2.200e+00,1.000e+00,4.500e+00,8.817e+00,4.217e+00,2.781e+00,3.997e+00,5.712e+00,6.345e-01
4.400e-01,3.000e+03,1.000e+00,2.300e+00,1.000e+00,4.500e+00,8.817e+00,4.403e+00,3.030e+00,4.039e+00,5.854e+00,7.422e-01
4.400e-01,3.000e+03,1.000e+00,2.400e+00,1.000e+00,4.500e+00,8.817e+00,4.576e+00,3.233e+00,4.075e+00,5.984e+00,8.395e-01
4.400e-01,3.000e+03,1.000e+00,2.500e+00,1.000e+00,4.500e+00,8.817e+00,4.737e+00,3.399e+00,4.106e+00,6.104e+00,9.278e-01
4.400e-01,3.000e+03,1.000e+00,2.600e+00,1.000e+00,4.500e+00,8.817e+00,4.887e+00,3.535e+00,4.132e+00,6.214e+00,1.008e+00
4.400e-01,3.000e+03,1.000e+00,2.700e+00,1.000e+00,4.500e+00,8.817e+00,5.027e+00,3.646e+00,4.154e+00,6.315e+00,1.082e+00
4.400e-01,3.000e+03,1.000e+00,2.800e+00,1.000e+00,4.500e+00,8.817e+00,5.158e+00,3.738e+00,4.172e+00,6.409e+00,1.149e+00
4.400e-01,3.000e+03,1.000e+00,2.900e+00,1.000e+00,4.500e+00,8.817e+00,5.281e+00,3.813e+00,4.187e+00,6.497e+00,1.211e+00
4.400e-01,3.000e+03,1.000e+00,3.000e+00,1.000e+00,4.500e+00,8.817e+00,5.396e+00,3.876e+00,4.200e+00,6.579e+00,1.268e+00
4.400e-01,3.000e+03,1.000e+00,3.100e+00,1.000e+00,4.500e+00,8.817e+00,5.505e+00,3.928e+00,4.210e+00,6.655e+00,1.321e+00
4.400e-01,3.000e+03,1.000e+00,3.200e+00,1.000e+00,4.500e+00,8.817e+00,5.607e+00,3.972e+00,4.219e+00,6.727e+00,1.371e+00
4.400e-01,3.000e+03,1.000e+00,3.300e+00,1.000e+00,4.500e+00,8.817e+00,5.703e+00,4.008e+00,4.225e+00,6.794e+00,1.416e+00
4.400e-01,3.000e+03,1.000e+00,3.400e+00,1.000e+00,4.500e+00,8.817e+00,5.794e+00,4.038e+00,4.230e+00,6.857e+00,1.459e+00
4.400e-01,3.000e+03,1.000e+00,3.500e+00,1.000e+00,4.500e+00,8.817e+00,5.880e+00,4.063e+00,4.233e+00,6.917e+00,1.499e+00
4.400e-01,3.000e+03,1.000e+00,3.600e+00,1.000e+00,4.500e+00,8.817e+00,5.961e+00,4.084e+00,4.236e+00,6.973e+00,1.536e+00
4.400e-01,3.000e+03,1.000e+00,3.700e+00,1.000e+00,4.500e+00,8.817e+00,6.038e+00,4.101e+00,4.237e+00,7.027e+00,1.571e+00
4.400e-01,3.000e+03,1.000e+00,3.800e+00,1.000e+00,4.500e+00,8.817e+00,6.112e+00,4.115e+00,4.237e+00,7.077e+00,1.603e+00
4.400e-01,3.000e+03,1.000e+00,3.900e+00,1.000e+00,4.500e+00,8.817e+00,6.181e+00,4.126e+00,4.236e+00,7.125e+00,1.634e+00
4.400e-01,3.000e+03,1.000e+00,4.000e+00,1.000e+00,4.500e+00,8.817e+00,6.248e+00,4.136e+00,4.235e+00,7.170e+00,1.663e+00
4.600e-01,3.000e+03,1.000e+00,1.300e+00,1.000e+00,4.500e+00,9.998e+00,2.297e+00,-7.001e-01,3.827e+00,4.377e+00,-1.369e+00
4.600e-01,3.000e+03,1.000e+00,1.400e+00,1.000e+00,4.500e+00,9.998e+00,2.646e+00,-6.785e-01,4.009e+00,4.810e+00,-9.880e-01
4.600e-01,3.000e+03,1.000e+00,1.500e+00,1.000e+00,4.500e+00,9.998e+00,2.989e+00,-6.338e-01,4.156e+00,5.180e+00,-6.678e-01
4.600e-01,3.000e+03,1.000e+00,1.600e+00,1.000e+00,4.500e+00,9.998e+00,3.318e+00,-1.700e-01,4.275e+00,5.500e+00,-3.955e-01
4.600e-01,3.000e+03,1.000e+00,1.700e+00,1.000e+00,4.500e+00,9.998e+00,3.628e+00,4.915e-01,4.372e+00,5.780e+00,-1.613e-01
4.600e-01,3.000e+03,1.000e+00,1.800e+00,1.000e+00,4.500e+00,9.998e+00,3.919e+00,1.175e+00,4.452e+00,6.026e+00,4.225e-02
4.600e-01,3.000e+03,1.000e+00,1.900e+00,1.000e+00,4.500e+00,9.998e+00,4.190e+00,1.796e+00,4.517e+00,6.245e+00,2.206e-01
4.600e-01,3.000e+03,1.000e+00,2.000e+00,1.000e+00,4.500e+00,9.998e+00,4.443e+00,2.327e+00,4.571e+00,6.442e+00,3.781e-01
4.600e-01,3.000e+03,1.000e+00,2.100e+00,1.000e+00,4.500e+00,9.998e+00,4.677e+00,2.767e+00,4.615e+00,6.618e+00,5.180e-01
4.600e-01,3.000e+03,1.000e+00,2.200e+00,1.000e+00,4.500e+00,9.998e+00,4.895e+00,3.126e+00,4.651e+00,6.779e+00,6.431e-01
4.600e-01,3.000e+03,1.000e+00,2.300e+00,1.000e+00,4.500e+00,9.998e+00,5.098e+00,3.416e+00,4.680e+00,6.925e+00,7.556e-01
4.600e-01,3.000e+03,1.000e+00,2.400e+00,1.000e+00,4.500e+00,9.998e+00,5.287e+00,3.650e+00,4.704e+00,7.058e+00,8.572e-01
4.600e-01,3.000e+03,1.000e+00,2.500e+00,1.000e+00,4.500e+00,9.998e+00,5.464e+00,3.839e+00,4.722e+00,7.181e+00,9.494e-01
4.600e-01,3.000e+03,1.000e+00,2.600e+00,1.000e+00,4.500e+00,9.998e+00,5.628e+00,3.992e+00,4.737e+00,7.293e+00,1.033e+00
4.600e-01,3.000e+03,1.000e+00,2.700e+00,1.000e+00,4.500e+00,9.998e+00,5.782e+00,4.115e+00,4.749e+00,7.398e+00,1.110e+00
4.600e-01,3.000e+03,1.000e+00,2.800e+00,1.000e+00,4.500e+00,9.998e+00,5.926e+00,4.216e+00,4.757e+00,7.495e+00,1.181e+00
4.600e-01,3.000e+03,1.000e+00,2.900e+00,1.000e+00,4.500e+00,9.998e+00,6.061e+00,4.297e+00,4.763e+00,7.585e+00,1.245e+00
4.600e-01,3.000e+03,1.000e+00,3.000e+00,1.000e+00,4.500e+00,9.998e+00,6.189e+00,4.363e+00,4.766e+00,7.669e+00,1.305e+00
4.600e-01,3.000e+03,1.000e+00,3.100e+00,1.000e+00,4.500e+00,9.998e+00,6.308e+00,4.417e+00,4.768e+00,7.748e+00,1.360e+00
4.600e-01,3.000e+03,1.000e+00,3.200e+00,1.000e+00,4.500e+00,9.998e+00,6.421e+00,4.461e+00,4.768e+00,7.821e+00,1.412e+00
4.600e-01,3.000e+03,1.000e+00,3.300e+00,1.000e+00,4.500e+00,9.998e+00,6.527e+00,4.497e+00,4.766e+00,7.891e+00,1.459e+00
4.600e-01,3.000e+03,1.000e+00,3.400e+00,1.000e+00,4.500e+00,9.998e+00,6.628e+00,4.526e+00,4.764e+00,7.956e+00,1.504e+00
4.600e-01,3.000e+03,1.000e+00,3.500e+00,1.000e+00,4.500e+00,9.998e+00,6.723e+00,4.549e+00,4.760e+00,8.017e+00,1.545e+00
4.600e-01,3.000e+03,1.000e+00,3.600e+00,1.000e+00,4.500e+00,9.998e+00,6.813e+00,4.567e+00,4.755e+00,8.075e+00,1.584e+00
4.600e-01,3.000e+03,1.000e+00,3.700e+00,1.000e+00,4.500e+00,9.998e+00,6.899e+00,4.581e+00,4.750e+00,8.130e+00,1.620e+00
4.600e-01,3.000e+03,1.000e+00,3.800e+00,1.000e+00,4.500e+00,9.998e+00,6.980e+00,4.592e+00,4.743e+00,8.182e+00,1.655e+00
4.600e-01,3.000e+03,1.000e+00,3.900e+00,1.000e+00,4.500e+00,9.998e+00,7.057e+00,4.600e+00,4.736e+00,8.232e+00,1.687e+00
4.600e-01,3.000e+03,1.000e+00,4.000e+00,1.000e+00,4.500e+00,9.998e+00,7.131e+00,4.606e+00,4.729e+00,8.279e+00,1.717e+00
4.800e-01,3.000e+03,1.000e+00,1.300e+00,1.000e+00,4.500e+00,1.138e+01,2.957e+00,-1.055e+00,4.819e+00,5.623e+00,-1.445e+00
4.800e-01,3.000e+03,1.000e+00,1.400e+00,1.000e+00,4.500e+00,1.138e+01,3.305e+00,-1.039e+00,4.964e+00,6.060e+00,-1.047e+00
4.800e-01,3.000e+03,1.000e+00,1.500e+00,1.000e+00,4.500e+00,1.138e+01,3.658e+00,-9.891e-01,5.077e+00,6.434e+00,-7.130e-01
4.800e-01,3.000e+03,1.000e+00,1.600e+00,1.000e+00,4.500e+00,1.138e+01,4.002e+00,-4.269e-01,5.166e+00,6.757e+00,-4.290e-01
4.800e-01,3.000e+03,1.000e+00,1.700e+00,1.000e+00,4.500e+00,1.138e+01,4.332e+00,3.736e-01,5.236e+00,7.040e+00,-1.847e-01
4.800e-01,3.000e+03,1.000e+00,1.800e+00,1.000e+00,4.500e+00,1.138e+01,4.643e+00,1.197e+00,5.291e+00,7.290e+00,2.758e-02
4.800e-01,3.000e+03,1.000e+00,1.900e+00,1.000e+00,4.500e+00,1.138e+01,4.935e+00,1.942e+00,5.333e+00,7.512e+00,2.136e-01
4.800e-01,3.000e+03,1.000e+00,2.000e+00,1.000e+00,4.500e+00,1.138e+01,5.208e+00,2.575e+00,5.365e+00,7.712e+00,3.778e-01
4.800e-01,3.000e+03,1.000e+00,2.100e+00,1.000e+00,4.500e+00,1.138e+01,5.463e+00,3.095e+00,5.390e+00,7.891e+00,5.237e-01
4.800e-01,3.000e+03,1.000e+00,2.200e+00,1.000e+00,4.500e+00,1.138e+01,5.701e+00,3.517e+00,5.407e+00,8.054e+00,6.542e-01
4.800e-01,3.000e+03,1.000e+00,2.300e+00,1.000e+00,4.500e+00,1.138e+01,5.923e+00,3.854e+00,5.419e+00,8.203e+00,7.714e-01
4.800e-01,3.000e+03,1.000e+00,2.400e+00,1.000e+00,4.500e+00,1.138e+01,6.130e+00,4.124e+00,5.427e+00,8.338e+00,8.774e-01
4.800e-01,3.000e+03,1.000e+00,2.500e+00,1.000e+00,4.500e+00,1.138e+01,6.323e+00,4.340e+00,5.431e+00,8.463e+00,9.734e-01
4.800e-01,3.000e+03,1.000e+00,2.600e+00,1.000e+00,4.500e+00,1.138e+01,6.504e+00,4.511e+00,5.431e+00,8.578e+00,1.061e+00
4.800e-01,3.000e+03,1.000e+00,2.700e+00,1.000e+00,4.500e+00,1.138e+01,6.674e+00,4.649e+00,5.429e+00,8.685e+00,1.141e+00
4.800e-01,3.000e+03,1.000e+00,2.800e+00,1.000e+00,4.500e+00,1.138e+01,6.833e+00,4.758e+00,5.425e+00,8.784e+00,1.214e+00
4.800e-01,3.000e+03,1.000e+00,2.900e+00,1.000e+00,4.500e+00,1.138e+01,6.983e+00,4.846e+00,5.419e+00,8.876e+00,1.282e+00
4.800e-01,3.000e+03,1.000e+00,3.000e+00,1.000e+00,4.500e+00,1.138e+01,7.123e+00,4.915e+00,5.411e+00,8.962e+00,1.344e+00
4.800e-01,3.000e+03,1.000e+00,3.100e+00,1.000e+00,4.500e+00,1.138e+01,7.256e+00,4.971e+00,5.402e+00,9.042e+00,1.402e+00
4.800e-01,3.000e+03,1.000e+00,3.200e+00,1.000e+00,4.500e+00,1.138e+01,7.380e+00,5.015e+00,5.391e+00,9.118e+00,1.455e+00
4.800e-01,3.000e+03,1.000e+00,3.300e+00,1.000e+00,4.500e+00,1.138e+01,7.498e+00,5.049e+00,5.380e+00,9.188e+00,1.505e+00
4.800e-01,3.000e+03,1.000e+00,3.400e+00,1.000e+00,4.500e+00,1.138e+01,7.610e+00,5.076e+00,5.368e+00,9.255e+00,1.551e+00
4.800e-01,3.000e+03,1.000e+00,3.500e+00,1.000e+00,4.500e+00,1.138e+01,7.716e+00,5.096e+00,5.355e+00,9.318e+00,1.594e+00
4.800e-01,3.000e+03,1.000e+00,3.600e+00,1.000e+00,4.500e+00,1.138e+01,7.816e+00,5.111e+00,5.342e+00,9.378e+00,1.635e+00
4.800e-01,3.000e+03,1.000e+00,3.700e+00,1.000e+00,4.500e+00,1.138e+01,7.911e+00,5.122e+00,5.328e+00,9.434e+00,1.673e+00
4.800e-01,3.000e+03,1.000e+00,3.800e+00,1.000e+00,4.500e+00,1.138e+01,8.001e+00,5.129e+00,5.314e+00,9.487e+00,1.708e+00
4.800e-01,3.000e+03,1.000e+00,3.900e+00,1.000e+00,4.500e+00,1.138e+01,8.087e+00,5.133e+00,5.300e+00,9.538e+00,1.742e+00
4.800e-01,3.000e+03,1.000e+00,4.000e+00,1.000e+00,4.500e+00,1.138e+01,8.169e+00,5.134e+00,5.285e+00,9.586e+00,1.773e+00
5.000e-01,3.000e+03,1.000e+00,1.300e+00,1.000e+00,4.500e+00,1.300e+01,3.733e+00,-1.505e+00,5.992e+00,7.144e+00,-1.518e+00
5.000e-01,3.000e+03,1.000e+00,1.400e+00,1.000e+00,4.500e+00,1.300e+01,4.084e+00,-1.491e+00,6.088e+00,7.579e+00,-1.103e+00
5.000e-01,3.000e+03,1.000e+00,1.500e+00,1.000e+00,4.500e+00,1.300e+01,4.450e+00,-1.429e+00,6.158e+00,7.952e+00,-7.557e-01
5.000e-01,3.000e+03,1.000e+00,1.600e+00,1.000e+00,4.500e+00,1.300e+01,4.813e+00,-7.475e-01,6.208e+00,8.275e+00,-4.599e-01
5.000e-01,3.000e+03,1.000e+00,1.700e+00,1.000e+00,4.500e+00,1.300e+01,5.165e+00,2.182e-01,6.243e+00,8.558e+00,-2.056e-01
5.000e-01,3.000e+03,1.000e+00,1.800e+00,1.000e+00,4.500e+00,1.300e+01,5.500e+00,1.207e+00,6.265e+00,8.808e+00,1.541e-02
5.000e-01,3.000e+03,1.000e+00,1.900e+00,1.000e+00,4.500e+00,1.300e+01,5.817e+00,2.097e+00,6.278e+00,9.032e+00,2.090e-01
5.000e-01,3.000e+03,1.000e+00,2.000e+00,1.000e+00,4.500e+00,1.300e+01,6.114e+00,2.849e+00,6.284e+00,9.232e+00,3.799e-01
5.000e-01,3.000e+03,1.000e+00,2.100e+00,1.000e+00,4.500e+00,1.300e+01,6.393e+00,3.464e+00,6.283e+00,9.413e+00,5.318e-01
5.000e-01,3.000e+03,1.000e+00,2.200e+00,1.000e+00,4.500e+00,1.300e+01,6.654e+00,3.957e+00,6.277e+00,9.577e+00,6.676e-01
5.000e-01,3.000e+03,1.000e+00,2.300e+00,1.000e+00,4.500e+00,1.300e+01,6.898e+00,4.350e+00,6.268e+00,9.727e+00,7.897e-01
5.000e-01,3.000e+03,1.000e+00,2.400e+00,1.000e+00,4.500e+00,1.300e+01,7.127e+00,4.661e+00,6.256e+00,9.864e+00,8.999e-01
5.000e-01,3.000e+03,1.000e+00,2.500e+00,1.000e+00,4.500e+00,1.300e+01,7.340e+00,4.906e+00,6.241e+00,9.990e+00,9.999e-01
5.000e-01,3.000e+03,1.000e+00,2.600e+00,1.000e+00,4.500e+00,1.300e+01,7.541e+00,5.100e+00,6.224e+00,1.011e+01,1.091e+00
5.000e-01,3.000e+03,1.000e+00,2.700e+00,1.000e+00,4.500e+00,1.300e+01,7.729e+00,5.252e+00,6.205e+00,1.021e+01,1.174e+00
5.000e-01,3.000e+03,1.000e+00,2.800e+00,1.000e+00,4.500e+00,1.300e+01,7.905e+00,5.372e+00,6.185e+00,1.032e+01,1.251e+00
5.000e-01,3.000e+03,1.000e+00,2.900e+00,1.000e+00,4.500e+00,1.300e+01,8.071e+00,5.466e+00,6.164e+00,1.041e+01,1.321e+00
5.000e-01,3.000e+03,1.000e+00,3.000e+00,1.000e+00,4.500e+00,1.300e+01,8.227e+00,5.539e+00,6.142e+00,1.050e+01,1.386e+00
5.000e-01,3.000e+03,1.000e+00,3.100e+00,1.000e+00,4.500e+00,1.300e+01,8.374e+00,5.596e+00,6.120e+00,1.058e+01,1.446e+00
5.000e-01,3.000e+03,1.000e+00,3.200e+00,1.000e+00,4.500e+00,1.300e+01,8.513e+00,5.639e+00,6.097e+00,1.065e+01,1.501e+00
5.000e-01,3.000e+03,1.000e+00,3.300e+00,1.000e+00,4.500e+00,1.300e+01,8.645e+00,5.671e+00,6.074e+00,1.073e+01,1.553e+00
5.000e-01,3.000e+03,1.000e+00,3.400e+00,1.000e+00,4.500e+00,1.300e+01,8.769e+00,5.695e+00,6.051e+00,1.079e+01,1.601e+00
5.000e-01,3.000e+03,1.000e+00,3.500e+00,1.000e+00,4.500e+00,1.300e+01,8.887e+00,5.712e+00,6.027e+00,1.086e+01,1.646e+00
5.000e-01,3.000e+03,1.000e+00,3.600e+00,1.000e+00,4.500e+00,1.300e+01,8.999e+00,5.723e+00,6.003e+00,1.092e+01,1.688e+00
5.000e-01,3.000e+03,1.000e+00,3.700e+00,1.000e+00,4.500e+00,1.300e+01,9.105e+00,5.729e+00,5.980e+00,1.098e+01,1.727e+00
5.000e-01,3.000e+03,1.000e+00,3.800e+00,1.000e+00,4.500e+00,1.300e+01,9.206e+00,5.731e+00,5.956e+00,1.103e+01,1.764e+00
5.000e-01,3.000e+03,1.000e+00,3.900e+00,1.000e+00,4.500e+00,1.300e+01,9.302e+00,5.730e+00,5.932e+00,1.108e+01,1.799e+00
5.000e-01,3.000e+03,1.000e+00,4.000e+00,1.000e+00,4.500e+00,1.300e+01,9.393e+00,5.726e+00,5.909e+00,1.113e+01,1.831e+00
