pf, N, m, T, sigma, cut, U, error, U_F-CS, U_F-kolafa, U_F-thol, U_F-mecke, U_F-gottschalk, U_F-hess, U_RDF_CS, U_RDF_LJ
2.500e-02, 6.000e+03, 1.000e+00, 1.300e+00, 1.000e+00, 4.500e+00, -4.394e-01, 1.172e-01, 1.568e-02, -3.809e-01, -3.867e-01, -3.842e-01, -3.838e-01, -3.853e-01, nan, -0.000e+00
2.500e-02, 6.000e+03, 1.000e+00, 1.400e+00, 1.000e+00, 4.500e+00, -3.778e-01, 3.327e-02, 1.705e-02, -3.678e-01, -3.729e-01, -3.705e-01, -3.701e-01, -3.727e-01, nan, -0.000e+00
2.500e-02, 6.000e+03, 1.000e+00, 1.500e+00, 1.000e+00, 4.500e+00, -3.513e-01, 3.434e-03, 1.843e-02, -3.567e-01, -3.616e-01, -3.592e-01, -3.589e-01, -3.621e-01, nan, -0.000e+00
2.500e-02, 6.000e+03, 1.000e+00, 1.600e+00, 1.000e+00, 4.500e+00, -3.422e-01, 3.615e-03, 1.981e-02, -3.474e-01, -3.520e-01, -3.497e-01, -3.495e-01, -3.529e-01, nan, -0.000e+00
2.500e-02, 6.000e+03, 1.000e+00, 1.700e+00, 1.000e+00, 4.500e+00, -3.341e-01, 2.512e-03, 2.120e-02, -3.392e-01, -3.438e-01, -3.415e-01, -3.415e-01, -3.449e-01, nan, -0.000e+00
2.500e-02, 6.000e+03, 1.000e+00, 1.800e+00, 1.000e+00, 4.500e+00, -3.273e-01, 2.092e-03, 2.260e-02, -3.321e-01, -3.367e-01, -3.344e-01, -3.345e-01, -3.378e-01, nan, -0.000e+00
2.500e-02, 6.000e+03, 1.000e+00, 1.900e+00, 1.000e+00, 4.500e+00, -3.201e-01, 1.443e-03, 2.400e-02, -3.257e-01, -3.303e-01, -3.281e-01, -3.283e-01, -3.315e-01, nan, -0.000e+00
2.500e-02, 6.000e+03, 1.000e+00, 2.000e+00, 1.000e+00, 4.500e+00, -3.140e-01, 1.069e-03, 2.540e-02, -3.200e-01, -3.247e-01, -3.225e-01, -3.227e-01, -3.259e-01, nan, -0.000e+00
2.500e-02, 6.000e+03, 1.000e+00, 2.100e+00, 1.000e+00, 4.500e+00, -3.085e-01, 1.382e-03, 2.681e-02, -3.147e-01, -3.196e-01, -3.174e-01, -3.177e-01, -3.207e-01, nan, -0.000e+00
2.500e-02, 6.000e+03, 1.000e+00, 2.200e+00, 1.000e+00, 4.500e+00, -3.036e-01, 6.037e-04, 2.822e-02, -3.099e-01, -3.149e-01, -3.128e-01, -3.132e-01, -3.160e-01, nan, -0.000e+00
2.500e-02, 6.000e+03, 1.000e+00, 2.300e+00, 1.000e+00, 4.500e+00, -3.007e-01, 5.910e-04, 2.963e-02, -3.055e-01, -3.107e-01, -3.085e-01, -3.090e-01, -3.116e-01, nan, -0.000e+00
2.500e-02, 6.000e+03, 1.000e+00, 2.400e+00, 1.000e+00, 4.500e+00, -2.960e-01, 1.839e-03, 3.105e-02, -3.013e-01, -3.067e-01, -3.046e-01, -3.051e-01, -3.075e-01, nan, -0.000e+00
2.500e-02, 6.000e+03, 1.000e+00, 2.500e+00, 1.000e+00, 4.500e+00, -2.928e-01, 6.927e-04, 3.247e-02, -2.974e-01, -3.031e-01, -3.010e-01, -3.015e-01, -3.038e-01, nan, -0.000e+00
2.500e-02, 6.000e+03, 1.000e+00, 2.600e+00, 1.000e+00, 4.500e+00, -2.898e-01, 5.304e-04, 3.389e-02, -2.937e-01, -2.996e-01, -2.976e-01, -2.981e-01, -3.002e-01, nan, -0.000e+00
2.500e-02, 6.000e+03, 1.000e+00, 2.700e+00, 1.000e+00, 4.500e+00, -2.860e-01, 1.087e-03, 3.531e-02, -2.903e-01, -2.964e-01, -2.944e-01, -2.949e-01, -2.969e-01, nan, -0.000e+00
2.500e-02, 6.000e+03, 1.000e+00, 2.800e+00, 1.000e+00, 4.500e+00, -2.824e-01, 9.439e-04, 3.673e-02, -2.869e-01, -2.934e-01, -2.914e-01, -2.918e-01, -2.937e-01, nan, -0.000e+00
2.500e-02, 6.000e+03, 1.000e+00, 2.900e+00, 1.000e+00, 4.500e+00, -2.806e-01, 8.922e-04, 3.816e-02, -2.837e-01, -2.905e-01, -2.885e-01, -2.889e-01, -2.907e-01, nan, -0.000e+00
2.500e-02, 6.000e+03, 1.000e+00, 3.000e+00, 1.000e+00, 4.500e+00, -2.774e-01, 4.866e-04, 3.959e-02, -2.807e-01, -2.877e-01, -2.857e-01, -2.862e-01, -2.879e-01, nan, -0.000e+00
2.500e-02, 6.000e+03, 1.000e+00, 3.100e+00, 1.000e+00, 4.500e+00, -2.747e-01, 3.123e-04, 4.101e-02, -2.777e-01, -2.851e-01, -2.831e-01, -2.835e-01, -2.851e-01, nan, -0.000e+00
2.500e-02, 6.000e+03, 1.000e+00, 3.200e+00, 1.000e+00, 4.500e+00, -2.728e-01, 6.404e-04, 4.244e-02, -2.749e-01, -2.825e-01, -2.806e-01, -2.810e-01, -2.825e-01, nan, -0.000e+00
2.500e-02, 6.000e+03, 1.000e+00, 3.300e+00, 1.000e+00, 4.500e+00, -2.695e-01, 5.234e-04, 4.387e-02, -2.721e-01, -2.801e-01, -2.782e-01, -2.786e-01, -2.800e-01, nan, -0.000e+00
2.500e-02, 6.000e+03, 1.000e+00, 3.400e+00, 1.000e+00, 4.500e+00, -2.674e-01, 9.514e-04, 4.530e-02, -2.694e-01, -2.777e-01, -2.759e-01, -2.762e-01, -2.775e-01, nan, -0.000e+00
2.500e-02, 6.000e+03, 1.000e+00, 3.500e+00, 1.000e+00, 4.500e+00, -2.644e-01, 3.849e-04, 4.673e-02, -2.668e-01, -2.754e-01, -2.736e-01, -2.739e-01, -2.752e-01, nan, -0.000e+00
2.500e-02, 6.000e+03, 1.000e+00, 3.600e+00, 1.000e+00, 4.500e+00, -2.629e-01, 1.366e-03, 4.816e-02, -2.642e-01, -2.732e-01, -2.714e-01, -2.717e-01, -2.729e-01, nan, -0.000e+00
2.500e-02, 6.000e+03, 1.000e+00, 3.700e+00, 1.000e+00, 4.500e+00, -2.601e-01, 1.137e-03, 4.959e-02, -2.617e-01, -2.711e-01, -2.693e-01, -2.695e-01, -2.707e-01, nan, -0.000e+00
2.500e-02, 6.000e+03, 1.000e+00, 3.800e+00, 1.000e+00, 4.500e+00, -2.586e-01, 9.771e-04, 5.102e-02, -2.593e-01, -2.690e-01, -2.672e-01, -2.674e-01, -2.685e-01, nan, -0.000e+00
2.500e-02, 6.000e+03, 1.000e+00, 3.900e+00, 1.000e+00, 4.500e+00, -2.569e-01, 7.527e-04, 5.245e-02, -2.569e-01, -2.669e-01, -2.652e-01, -2.654e-01, -2.664e-01, nan, -0.000e+00
2.500e-02, 6.000e+03, 1.000e+00, 4.000e+00, 1.000e+00, 4.500e+00, -2.556e-01, 1.349e-03, 5.389e-02, -2.546e-01, -2.649e-01, -2.632e-01, -2.634e-01, -2.644e-01, nan, -0.000e+00
5.000e-02, 6.000e+03, 1.000e+00, 1.300e+00, 1.000e+00, 4.500e+00, -1.140e+00, 2.707e-01, 3.346e-02, -7.547e-01, -7.658e-01, -7.566e-01, -7.637e-01, -7.705e-01, nan, -0.000e+00
5.000e-02, 6.000e+03, 1.000e+00, 1.400e+00, 1.000e+00, 4.500e+00, -9.527e-01, 2.561e-01, 3.637e-02, -7.283e-01, -7.362e-01, -7.293e-01, -7.335e-01, -7.453e-01, nan, -0.000e+00
5.000e-02, 6.000e+03, 1.000e+00, 1.500e+00, 1.000e+00, 4.500e+00, -7.656e-01, 1.252e-01, 3.928e-02, -7.064e-01, -7.132e-01, -7.071e-01, -7.101e-01, -7.240e-01, nan, -0.000e+00
5.000e-02, 6.000e+03, 1.000e+00, 1.600e+00, 1.000e+00, 4.500e+00, -7.010e-01, 5.408e-02, 4.221e-02, -6.880e-01, -6.943e-01, -6.886e-01, -6.911e-01, -7.057e-01, nan, -0.000e+00
5.000e-02, 6.000e+03, 1.000e+00, 1.700e+00, 1.000e+00, 4.500e+00, -6.688e-01, 2.209e-02, 4.516e-02, -6.721e-01, -6.784e-01, -6.729e-01, -6.752e-01, -6.897e-01, nan, -0.000e+00
5.000e-02, 6.000e+03, 1.000e+00, 1.800e+00, 1.000e+00, 4.500e+00, -6.565e-01, 2.231e-02, 4.811e-02, -6.583e-01, -6.646e-01, -6.593e-01, -6.615e-01, -6.756e-01, nan, -0.000e+00
5.000e-02, 6.000e+03, 1.000e+00, 1.900e+00, 1.000e+00, 4.500e+00, -6.366e-01, 6.241e-03, 5.106e-02, -6.460e-01, -6.525e-01, -6.474e-01, -6.495e-01, -6.629e-01, nan, -0.000e+00
5.000e-02, 6.000e+03, 1.000e+00, 2.000e+00, 1.000e+00, 4.500e+00, -6.245e-01, 8.244e-03, 5.403e-02, -6.349e-01, -6.417e-01, -6.368e-01, -6.389e-01, -6.516e-01, nan, -0.000e+00
5.000e-02, 6.000e+03, 1.000e+00, 2.100e+00, 1.000e+00, 4.500e+00, -6.141e-01, 5.098e-03, 5.700e-02, -6.249e-01, -6.320e-01, -6.272e-01, -6.293e-01, -6.412e-01, nan, -0.000e+00
5.000e-02, 6.000e+03, 1.000e+00, 2.200e+00, 1.000e+00, 4.500e+00, -6.056e-01, 4.692e-03, 5.998e-02, -6.157e-01, -6.232e-01, -6.185e-01, -6.206e-01, -6.318e-01, nan, -0.000e+00
5.000e-02, 6.000e+03, 1.000e+00, 2.300e+00, 1.000e+00, 4.500e+00, -5.974e-01, 4.809e-03, 6.296e-02, -6.072e-01, -6.151e-01, -6.106e-01, -6.126e-01, -6.230e-01, nan, -0.000e+00
5.000e-02, 6.000e+03, 1.000e+00, 2.400e+00, 1.000e+00, 4.500e+00, -5.892e-01, 2.651e-03, 6.594e-02, -5.992e-01, -6.076e-01, -6.032e-01, -6.052e-01, -6.149e-01, nan, -0.000e+00
5.000e-02, 6.000e+03, 1.000e+00, 2.500e+00, 1.000e+00, 4.500e+00, -5.830e-01, 2.824e-03, 6.893e-02, -5.917e-01, -6.007e-01, -5.964e-01, -5.983e-01, -6.073e-01, nan, -0.000e+00
5.000e-02, 6.000e+03, 1.000e+00, 2.600e+00, 1.000e+00, 4.500e+00, -5.753e-01, 3.996e-03, 7.192e-02, -5.847e-01, -5.942e-01, -5.899e-01, -5.918e-01, -6.002e-01, nan, -0.000e+00
5.000e-02, 6.000e+03, 1.000e+00, 2.700e+00, 1.000e+00, 4.500e+00, -5.691e-01, 2.325e-03, 7.492e-02, -5.779e-01, -5.880e-01, -5.839e-01, -5.857e-01, -5.935e-01, nan, -0.000e+00
5.000e-02, 6.000e+03, 1.000e+00, 2.800e+00, 1.000e+00, 4.500e+00, -5.648e-01, 3.114e-03, 7.792e-02, -5.715e-01, -5.822e-01, -5.782e-01, -5.798e-01, -5.872e-01, nan, -0.000e+00
5.000e-02, 6.000e+03, 1.000e+00, 2.900e+00, 1.000e+00, 4.500e+00, -5.601e-01, 1.267e-03, 8.092e-02, -5.654e-01, -5.767e-01, -5.727e-01, -5.743e-01, -5.812e-01, nan, -0.000e+00
5.000e-02, 6.000e+03, 1.000e+00, 3.000e+00, 1.000e+00, 4.500e+00, -5.512e-01, 1.984e-03, 8.392e-02, -5.594e-01, -5.714e-01, -5.675e-01, -5.690e-01, -5.754e-01, nan, -0.000e+00
5.000e-02, 6.000e+03, 1.000e+00, 3.100e+00, 1.000e+00, 4.500e+00, -5.465e-01, 1.205e-03, 8.692e-02, -5.537e-01, -5.663e-01, -5.625e-01, -5.639e-01, -5.699e-01, nan, -0.000e+00
5.000e-02, 6.000e+03, 1.000e+00, 3.200e+00, 1.000e+00, 4.500e+00, -5.433e-01, 1.108e-03, 8.992e-02, -5.482e-01, -5.615e-01, -5.577e-01, -5.590e-01, -5.647e-01, nan, -0.000e+00
5.000e-02, 6.000e+03, 1.000e+00, 3.300e+00, 1.000e+00, 4.500e+00, -5.382e-01, 2.176e-04, 9.292e-02, -5.428e-01, -5.568e-01, -5.531e-01, -5.542e-01, -5.596e-01, nan, -0.000e+00
5.000e-02, 6.000e+03, 1.000e+00, 3.400e+00, 1.000e+00, 4.500e+00, -5.340e-01, 7.447e-04, 9.593e-02, -5.375e-01, -5.522e-01, -5.486e-01, -5.496e-01, -5.547e-01, nan, -0.000e+00
5.000e-02, 6.000e+03, 1.000e+00, 3.500e+00, 1.000e+00, 4.500e+00, -5.284e-01, 1.371e-03, 9.893e-02, -5.324e-01, -5.478e-01, -5.442e-01, -5.452e-01, -5.500e-01, nan, -0.000e+00
5.000e-02, 6.000e+03, 1.000e+00, 3.600e+00, 1.000e+00, 4.500e+00, -5.242e-01, 2.429e-03, 1.019e-01, -5.274e-01, -5.435e-01, -5.400e-01, -5.408e-01, -5.454e-01, nan, -0.000e+00
5.000e-02, 6.000e+03, 1.000e+00, 3.700e+00, 1.000e+00, 4.500e+00, -5.199e-01, 1.609e-03, 1.049e-01, -5.225e-01, -5.393e-01, -5.359e-01, -5.366e-01, -5.410e-01, nan, -0.000e+00
5.000e-02, 6.000e+03, 1.000e+00, 3.800e+00, 1.000e+00, 4.500e+00, -5.151e-01, 2.178e-03, 1.079e-01, -5.177e-01, -5.352e-01, -5.318e-01, -5.324e-01, -5.367e-01, nan, -0.000e+00
5.000e-02, 6.000e+03, 1.000e+00, 3.900e+00, 1.000e+00, 4.500e+00, -5.111e-01, 2.827e-03, 1.109e-01, -5.129e-01, -5.312e-01, -5.279e-01, -5.284e-01, -5.325e-01, nan, -0.000e+00
5.000e-02, 6.000e+03, 1.000e+00, 4.000e+00, 1.000e+00, 4.500e+00, -5.074e-01, 1.412e-03, 1.140e-01, -5.083e-01, -5.272e-01, -5.240e-01, -5.244e-01, -5.283e-01, nan, -0.000e+00
7.500e-02, 6.000e+03, 1.000e+00, 1.300e+00, 1.000e+00, 4.500e+00, -1.964e+00, 2.716e-01, 5.366e-02, -1.116e+00, -1.135e+00, -1.111e+00, -1.138e+00, -1.156e+00, nan, -0.000e+00
7.500e-02, 6.000e+03, 1.000e+00, 1.400e+00, 1.000e+00, 4.500e+00, -1.498e+00, 3.129e-01, 5.829e-02, -1.077e+00, -1.087e+00, -1.072e+00, -1.088e+00, -1.118e+00, nan, -0.000e+00
7.500e-02, 6.000e+03, 1.000e+00, 1.500e+00, 1.000e+00, 4.500e+00, -1.211e+00, 2.373e-01, 6.293e-02, -1.045e+00, -1.052e+00, -1.041e+00, -1.051e+00, -1.086e+00, nan, -0.000e+00
7.500e-02, 6.000e+03, 1.000e+00, 1.600e+00, 1.000e+00, 4.500e+00, -1.273e+00, 3.092e-01, 6.758e-02, -1.018e+00, -1.025e+00, -1.015e+00, -1.023e+00, -1.058e+00, nan, -0.000e+00
7.500e-02, 6.000e+03, 1.000e+00, 1.700e+00, 1.000e+00, 4.500e+00, -1.058e+00, 1.448e-01, 7.225e-02, -9.952e-01, -1.003e+00, -9.933e-01, -1.000e+00, -1.034e+00, nan, -0.000e+00
7.500e-02, 6.000e+03, 1.000e+00, 1.800e+00, 1.000e+00, 4.500e+00, -9.898e-01, 5.007e-02, 7.694e-02, -9.751e-01, -9.833e-01, -9.745e-01, -9.806e-01, -1.013e+00, nan, -0.000e+00
7.500e-02, 6.000e+03, 1.000e+00, 1.900e+00, 1.000e+00, 4.500e+00, -9.513e-01, 2.473e-02, 8.163e-02, -9.574e-01, -9.664e-01, -9.580e-01, -9.636e-01, -9.942e-01, nan, -0.000e+00
7.500e-02, 6.000e+03, 1.000e+00, 2.000e+00, 1.000e+00, 4.500e+00, -9.327e-01, 1.529e-02, 8.633e-02, -9.415e-01, -9.513e-01, -9.433e-01, -9.486e-01, -9.771e-01, nan, -0.000e+00
7.500e-02, 6.000e+03, 1.000e+00, 2.100e+00, 1.000e+00, 4.500e+00, -9.141e-01, 6.998e-03, 9.104e-02, -9.270e-01, -9.378e-01, -9.301e-01, -9.350e-01, -9.616e-01, nan, -0.000e+00
7.500e-02, 6.000e+03, 1.000e+00, 2.200e+00, 1.000e+00, 4.500e+00, -9.011e-01, 1.121e-02, 9.576e-02, -9.137e-01, -9.254e-01, -9.181e-01, -9.227e-01, -9.474e-01, nan, -0.000e+00
7.500e-02, 6.000e+03, 1.000e+00, 2.300e+00, 1.000e+00, 4.500e+00, -8.886e-01, 6.120e-03, 1.005e-01, -9.014e-01, -9.141e-01, -9.070e-01, -9.114e-01, -9.342e-01, nan, -0.000e+00
7.500e-02, 6.000e+03, 1.000e+00, 2.400e+00, 1.000e+00, 4.500e+00, -8.780e-01, 7.356e-03, 1.052e-01, -8.900e-01, -9.035e-01, -8.968e-01, -9.008e-01, -9.220e-01, nan, -0.000e+00
7.500e-02, 6.000e+03, 1.000e+00, 2.500e+00, 1.000e+00, 4.500e+00, -8.673e-01, 5.095e-03, 1.099e-01, -8.792e-01, -8.937e-01, -8.872e-01, -8.910e-01, -9.107e-01, nan, -0.000e+00
7.500e-02, 6.000e+03, 1.000e+00, 2.600e+00, 1.000e+00, 4.500e+00, -8.567e-01, 2.879e-03, 1.147e-01, -8.689e-01, -8.845e-01, -8.782e-01, -8.817e-01, -9.000e-01, nan, -0.000e+00
7.500e-02, 6.000e+03, 1.000e+00, 2.700e+00, 1.000e+00, 4.500e+00, -8.491e-01, 2.552e-03, 1.194e-01, -8.592e-01, -8.757e-01, -8.697e-01, -8.729e-01, -8.899e-01, nan, -0.000e+00
7.500e-02, 6.000e+03, 1.000e+00, 2.800e+00, 1.000e+00, 4.500e+00, -8.417e-01, 3.066e-03, 1.241e-01, -8.499e-01, -8.674e-01, -8.616e-01, -8.645e-01, -8.804e-01, nan, -0.000e+00
7.500e-02, 6.000e+03, 1.000e+00, 2.900e+00, 1.000e+00, 4.500e+00, -8.321e-01, 2.861e-03, 1.289e-01, -8.409e-01, -8.595e-01, -8.538e-01, -8.565e-01, -8.713e-01, nan, -0.000e+00
7.500e-02, 6.000e+03, 1.000e+00, 3.000e+00, 1.000e+00, 4.500e+00, -8.234e-01, 3.071e-03, 1.336e-01, -8.322e-01, -8.519e-01, -8.464e-01, -8.488e-01, -8.627e-01, nan, -0.000e+00
7.500e-02, 6.000e+03, 1.000e+00, 3.100e+00, 1.000e+00, 4.500e+00, -8.182e-01, 2.844e-03, 1.384e-01, -8.239e-01, -8.446e-01, -8.393e-01, -8.414e-01, -8.545e-01, nan, -0.000e+00
7.500e-02, 6.000e+03, 1.000e+00, 3.200e+00, 1.000e+00, 4.500e+00, -8.090e-01, 1.485e-03, 1.431e-01, -8.157e-01, -8.375e-01, -8.323e-01, -8.343e-01, -8.465e-01, nan, -0.000e+00
7.500e-02, 6.000e+03, 1.000e+00, 3.300e+00, 1.000e+00, 4.500e+00, -8.036e-01, 2.816e-03, 1.478e-01, -8.078e-01, -8.307e-01, -8.256e-01, -8.274e-01, -8.389e-01, nan, -0.000e+00
7.500e-02, 6.000e+03, 1.000e+00, 3.400e+00, 1.000e+00, 4.500e+00, -7.942e-01, 3.845e-03, 1.526e-01, -8.001e-01, -8.241e-01, -8.191e-01, -8.206e-01, -8.316e-01, nan, -0.000e+00
7.500e-02, 6.000e+03, 1.000e+00, 3.500e+00, 1.000e+00, 4.500e+00, -7.885e-01, 2.355e-03, 1.573e-01, -7.925e-01, -8.176e-01, -8.128e-01, -8.141e-01, -8.245e-01, nan, -0.000e+00
7.500e-02, 6.000e+03, 1.000e+00, 3.600e+00, 1.000e+00, 4.500e+00, -7.819e-01, 3.912e-03, 1.620e-01, -7.851e-01, -8.113e-01, -8.066e-01, -8.077e-01, -8.176e-01, nan, -0.000e+00
7.500e-02, 6.000e+03, 1.000e+00, 3.700e+00, 1.000e+00, 4.500e+00, -7.757e-01, 1.558e-03, 1.668e-01, -7.778e-01, -8.051e-01, -8.005e-01, -8.014e-01, -8.109e-01, nan, -0.000e+00
7.500e-02, 6.000e+03, 1.000e+00, 3.800e+00, 1.000e+00, 4.500e+00, -7.689e-01, 1.966e-03, 1.715e-01, -7.706e-01, -7.991e-01, -7.946e-01, -7.953e-01, -8.044e-01, nan, -0.000e+00
7.500e-02, 6.000e+03, 1.000e+00, 3.900e+00, 1.000e+00, 4.500e+00, -7.640e-01, 1.795e-03, 1.762e-01, -7.636e-01, -7.931e-01, -7.888e-01, -7.893e-01, -7.981e-01, nan, -0.000e+00
7.500e-02, 6.000e+03, 1.000e+00, 4.000e+00, 1.000e+00, 4.500e+00, -7.583e-01, 1.629e-03, 1.810e-01, -7.566e-01, -7.873e-01, -7.831e-01, -7.834e-01, -7.919e-01, nan, -0.000e+00
1.000e-01, 6.000e+03, 1.000e+00, 1.300e+00, 1.000e+00, 4.500e+00, -2.413e+00, 2.831e-01, 7.665e-02, -1.465e+00, -1.497e+00, -1.448e+00, -1.505e+00, -1.541e+00, nan, -0.000e+00
1.000e-01, 6.000e+03, 1.000e+00, 1.400e+00, 1.000e+00, 4.500e+00, -2.257e+00, 2.865e-01, 8.320e-02, -1.414e+00, -1.426e+00, -1.401e+00, -1.430e+00, -1.490e+00, nan, -0.000e+00
1.000e-01, 6.000e+03, 1.000e+00, 1.500e+00, 1.000e+00, 4.500e+00, -1.908e+00, 3.084e-01, 8.977e-02, -1.372e+00, -1.381e+00, -1.363e+00, -1.381e+00, -1.448e+00, nan, -0.000e+00
1.000e-01, 6.000e+03, 1.000e+00, 1.600e+00, 1.000e+00, 4.500e+00, -1.623e+00, 3.222e-01, 9.636e-02, -1.337e+00, -1.347e+00, -1.331e+00, -1.345e+00, -1.411e+00, nan, -0.000e+00
1.000e-01, 6.000e+03, 1.000e+00, 1.700e+00, 1.000e+00, 4.500e+00, -1.341e+00, 1.020e-01, 1.030e-01, -1.308e+00, -1.319e+00, -1.305e+00, -1.316e+00, -1.379e+00, nan, -0.000e+00
1.000e-01, 6.000e+03, 1.000e+00, 1.800e+00, 1.000e+00, 4.500e+00, -1.337e+00, 1.310e-01, 1.096e-01, -1.282e+00, -1.295e+00, -1.282e+00, -1.292e+00, -1.351e+00, nan, -0.000e+00
1.000e-01, 6.000e+03, 1.000e+00, 1.900e+00, 1.000e+00, 4.500e+00, -1.254e+00, 2.990e-02, 1.162e-01, -1.259e+00, -1.275e+00, -1.262e+00, -1.271e+00, -1.325e+00, nan, -0.000e+00
1.000e-01, 6.000e+03, 1.000e+00, 2.000e+00, 1.000e+00, 4.500e+00, -1.231e+00, 1.824e-02, 1.228e-01, -1.239e+00, -1.256e+00, -1.244e+00, -1.252e+00, -1.303e+00, nan, -0.000e+00
1.000e-01, 6.000e+03, 1.000e+00, 2.100e+00, 1.000e+00, 4.500e+00, -1.205e+00, 1.232e-02, 1.295e-01, -1.220e+00, -1.239e+00, -1.228e+00, -1.236e+00, -1.282e+00, nan, -0.000e+00
1.000e-01, 6.000e+03, 1.000e+00, 2.200e+00, 1.000e+00, 4.500e+00, -1.189e+00, 6.968e-03, 1.361e-01, -1.203e+00, -1.224e+00, -1.213e+00, -1.220e+00, -1.263e+00, nan, -0.000e+00
1.000e-01, 6.000e+03, 1.000e+00, 2.300e+00, 1.000e+00, 4.500e+00, -1.180e+00, 7.281e-03, 1.428e-01, -1.187e+00, -1.210e+00, -1.200e+00, -1.206e+00, -1.245e+00, nan, -0.000e+00
1.000e-01, 6.000e+03, 1.000e+00, 2.400e+00, 1.000e+00, 4.500e+00, -1.162e+00, 8.657e-03, 1.495e-01, -1.172e+00, -1.197e+00, -1.187e+00, -1.193e+00, -1.229e+00, nan, -0.000e+00
1.000e-01, 6.000e+03, 1.000e+00, 2.500e+00, 1.000e+00, 4.500e+00, -1.146e+00, 6.427e-03, 1.561e-01, -1.158e+00, -1.184e+00, -1.175e+00, -1.180e+00, -1.214e+00, nan, -0.000e+00
1.000e-01, 6.000e+03, 1.000e+00, 2.600e+00, 1.000e+00, 4.500e+00, -1.136e+00, 3.771e-03, 1.628e-01, -1.145e+00, -1.173e+00, -1.164e+00, -1.168e+00, -1.200e+00, nan, -0.000e+00
1.000e-01, 6.000e+03, 1.000e+00, 2.700e+00, 1.000e+00, 4.500e+00, -1.123e+00, 4.154e-03, 1.694e-01, -1.132e+00, -1.161e+00, -1.153e+00, -1.157e+00, -1.186e+00, nan, -0.000e+00
1.000e-01, 6.000e+03, 1.000e+00, 2.800e+00, 1.000e+00, 4.500e+00, -1.115e+00, 4.516e-03, 1.761e-01, -1.120e+00, -1.151e+00, -1.143e+00, -1.147e+00, -1.173e+00, nan, -0.000e+00
1.000e-01, 6.000e+03, 1.000e+00, 2.900e+00, 1.000e+00, 4.500e+00, -1.103e+00, 5.952e-03, 1.828e-01, -1.109e+00, -1.141e+00, -1.133e+00, -1.136e+00, -1.161e+00, nan, -0.000e+00
1.000e-01, 6.000e+03, 1.000e+00, 3.000e+00, 1.000e+00, 4.500e+00, -1.092e+00, 4.999e-03, 1.894e-01, -1.097e+00, -1.131e+00, -1.123e+00, -1.126e+00, -1.150e+00, nan, -0.000e+00
1.000e-01, 6.000e+03, 1.000e+00, 3.100e+00, 1.000e+00, 4.500e+00, -1.086e+00, 5.180e-03, 1.961e-01, -1.086e+00, -1.121e+00, -1.114e+00, -1.117e+00, -1.139e+00, nan, -0.000e+00
1.000e-01, 6.000e+03, 1.000e+00, 3.200e+00, 1.000e+00, 4.500e+00, -1.073e+00, 7.133e-03, 2.027e-01, -1.076e+00, -1.112e+00, -1.105e+00, -1.107e+00, -1.128e+00, nan, -0.000e+00
1.000e-01, 6.000e+03, 1.000e+00, 3.300e+00, 1.000e+00, 4.500e+00, -1.063e+00, 4.150e-03, 2.094e-01, -1.065e+00, -1.103e+00, -1.097e+00, -1.098e+00, -1.118e+00, nan, -0.000e+00
1.000e-01, 6.000e+03, 1.000e+00, 3.400e+00, 1.000e+00, 4.500e+00, -1.058e+00, 4.079e-03, 2.160e-01, -1.055e+00, -1.094e+00, -1.088e+00, -1.090e+00, -1.108e+00, nan, -0.000e+00
1.000e-01, 6.000e+03, 1.000e+00, 3.500e+00, 1.000e+00, 4.500e+00, -1.048e+00, 7.541e-04, 2.227e-01, -1.045e+00, -1.086e+00, -1.080e+00, -1.081e+00, -1.099e+00, nan, -0.000e+00
1.000e-01, 6.000e+03, 1.000e+00, 3.600e+00, 1.000e+00, 4.500e+00, -1.039e+00, 1.956e-03, 2.293e-01, -1.035e+00, -1.078e+00, -1.072e+00, -1.072e+00, -1.089e+00, nan, -0.000e+00
1.000e-01, 6.000e+03, 1.000e+00, 3.700e+00, 1.000e+00, 4.500e+00, -1.032e+00, 1.787e-03, 2.360e-01, -1.026e+00, -1.069e+00, -1.064e+00, -1.064e+00, -1.080e+00, nan, -0.000e+00
1.000e-01, 6.000e+03, 1.000e+00, 3.800e+00, 1.000e+00, 4.500e+00, -1.022e+00, 2.958e-03, 2.426e-01, -1.016e+00, -1.061e+00, -1.056e+00, -1.056e+00, -1.072e+00, nan, -0.000e+00
1.000e-01, 6.000e+03, 1.000e+00, 3.900e+00, 1.000e+00, 4.500e+00, -1.013e+00, 4.636e-03, 2.492e-01, -1.007e+00, -1.054e+00, -1.048e+00, -1.048e+00, -1.063e+00, nan, -0.000e+00
1.000e-01, 6.000e+03, 1.000e+00, 4.000e+00, 1.000e+00, 4.500e+00, -1.004e+00, 1.677e-03, 2.559e-01, -9.974e-01, -1.046e+00, -1.041e+00, -1.040e+00, -1.055e+00, nan, -0.000e+00
1.500e-01, 3.000e+03, 1.000e+00, 1.300e+00, 1.000e+00, 4.500e+00, -3.030e+00, 2.418e-01, 1.328e-01, -2.127e+00, -2.401e+00, -2.098e+00, -2.212e+00, -2.311e+00, nan, -0.000e+00
1.500e-01, 3.000e+03, 1.000e+00, 1.400e+00, 1.000e+00, 4.500e+00, -2.618e+00, 2.917e-01, 1.440e-01, -2.055e+00, -2.060e+00, -2.037e+00, -2.066e+00, -2.235e+00, nan, -0.000e+00
1.500e-01, 3.000e+03, 1.000e+00, 1.500e+00, 1.000e+00, 4.500e+00, -2.161e+00, 2.013e-01, 1.551e-01, -1.997e+00, -2.008e+00, -1.988e+00, -1.998e+00, -2.171e+00, nan, -0.000e+00
1.500e-01, 3.000e+03, 1.000e+00, 1.600e+00, 1.000e+00, 4.500e+00, -2.074e+00, 2.205e-01, 1.663e-01, -1.948e+00, -1.967e+00, -1.949e+00, -1.956e+00, -2.116e+00, nan, -0.000e+00
1.500e-01, 3.000e+03, 1.000e+00, 1.700e+00, 1.000e+00, 4.500e+00, -1.958e+00, 1.415e-01, 1.775e-01, -1.907e+00, -1.934e+00, -1.915e+00, -1.923e+00, -2.068e+00, nan, -0.000e+00
1.500e-01, 3.000e+03, 1.000e+00, 1.800e+00, 1.000e+00, 4.500e+00, -1.872e+00, 4.548e-02, 1.887e-01, -1.870e+00, -1.905e+00, -1.886e+00, -1.896e+00, -2.025e+00, nan, -0.000e+00
1.500e-01, 3.000e+03, 1.000e+00, 1.900e+00, 1.000e+00, 4.500e+00, -1.843e+00, 3.824e-02, 1.999e-01, -1.838e+00, -1.880e+00, -1.861e+00, -1.871e+00, -1.987e+00, nan, -0.000e+00
1.500e-01, 3.000e+03, 1.000e+00, 2.000e+00, 1.000e+00, 4.500e+00, -1.807e+00, 2.533e-02, 2.111e-01, -1.809e+00, -1.856e+00, -1.838e+00, -1.848e+00, -1.953e+00, nan, -0.000e+00
1.500e-01, 3.000e+03, 1.000e+00, 2.100e+00, 1.000e+00, 4.500e+00, -1.784e+00, 1.970e-02, 2.223e-01, -1.782e+00, -1.835e+00, -1.817e+00, -1.827e+00, -1.922e+00, nan, -0.000e+00
1.500e-01, 3.000e+03, 1.000e+00, 2.200e+00, 1.000e+00, 4.500e+00, -1.760e+00, 1.022e-02, 2.335e-01, -1.758e+00, -1.815e+00, -1.798e+00, -1.807e+00, -1.893e+00, nan, -0.000e+00
1.500e-01, 3.000e+03, 1.000e+00, 2.300e+00, 1.000e+00, 4.500e+00, -1.746e+00, 1.679e-02, 2.447e-01, -1.735e+00, -1.796e+00, -1.779e+00, -1.788e+00, -1.867e+00, nan, -0.000e+00
1.500e-01, 3.000e+03, 1.000e+00, 2.400e+00, 1.000e+00, 4.500e+00, -1.723e+00, 1.191e-02, 2.559e-01, -1.714e+00, -1.778e+00, -1.762e+00, -1.770e+00, -1.842e+00, nan, -0.000e+00
1.500e-01, 3.000e+03, 1.000e+00, 2.500e+00, 1.000e+00, 4.500e+00, -1.706e+00, 3.274e-03, 2.671e-01, -1.694e+00, -1.761e+00, -1.746e+00, -1.753e+00, -1.819e+00, nan, -0.000e+00
1.500e-01, 3.000e+03, 1.000e+00, 2.600e+00, 1.000e+00, 4.500e+00, -1.686e+00, 6.508e-03, 2.782e-01, -1.674e+00, -1.745e+00, -1.731e+00, -1.737e+00, -1.798e+00, nan, -0.000e+00
1.500e-01, 3.000e+03, 1.000e+00, 2.700e+00, 1.000e+00, 4.500e+00, -1.668e+00, 9.839e-03, 2.894e-01, -1.656e+00, -1.729e+00, -1.716e+00, -1.721e+00, -1.778e+00, nan, -0.000e+00
1.500e-01, 3.000e+03, 1.000e+00, 2.800e+00, 1.000e+00, 4.500e+00, -1.653e+00, 5.733e-03, 3.006e-01, -1.638e+00, -1.714e+00, -1.701e+00, -1.706e+00, -1.758e+00, nan, -0.000e+00
1.500e-01, 3.000e+03, 1.000e+00, 2.900e+00, 1.000e+00, 4.500e+00, -1.637e+00, 3.944e-03, 3.117e-01, -1.621e+00, -1.699e+00, -1.687e+00, -1.691e+00, -1.740e+00, nan, -0.000e+00
1.500e-01, 3.000e+03, 1.000e+00, 3.000e+00, 1.000e+00, 4.500e+00, -1.624e+00, 6.950e-03, 3.229e-01, -1.604e+00, -1.685e+00, -1.673e+00, -1.677e+00, -1.723e+00, nan, -0.000e+00
1.500e-01, 3.000e+03, 1.000e+00, 3.100e+00, 1.000e+00, 4.500e+00, -1.612e+00, 3.346e-03, 3.340e-01, -1.588e+00, -1.671e+00, -1.660e+00, -1.662e+00, -1.706e+00, nan, -0.000e+00
1.500e-01, 3.000e+03, 1.000e+00, 3.200e+00, 1.000e+00, 4.500e+00, -1.600e+00, 4.240e-03, 3.451e-01, -1.572e+00, -1.658e+00, -1.647e+00, -1.649e+00, -1.690e+00, nan, -0.000e+00
1.500e-01, 3.000e+03, 1.000e+00, 3.300e+00, 1.000e+00, 4.500e+00, -1.585e+00, 1.252e-02, 3.562e-01, -1.556e+00, -1.644e+00, -1.634e+00, -1.635e+00, -1.675e+00, nan, -0.000e+00
1.500e-01, 3.000e+03, 1.000e+00, 3.400e+00, 1.000e+00, 4.500e+00, -1.569e+00, 3.192e-03, 3.673e-01, -1.541e+00, -1.631e+00, -1.621e+00, -1.622e+00, -1.660e+00, nan, -0.000e+00
1.500e-01, 3.000e+03, 1.000e+00, 3.500e+00, 1.000e+00, 4.500e+00, -1.556e+00, 5.698e-03, 3.784e-01, -1.526e+00, -1.618e+00, -1.609e+00, -1.609e+00, -1.646e+00, nan, -0.000e+00
1.500e-01, 3.000e+03, 1.000e+00, 3.600e+00, 1.000e+00, 4.500e+00, -1.540e+00, 1.021e-02, 3.894e-01, -1.511e+00, -1.605e+00, -1.596e+00, -1.596e+00, -1.632e+00, nan, -0.000e+00
1.500e-01, 3.000e+03, 1.000e+00, 3.700e+00, 1.000e+00, 4.500e+00, -1.534e+00, 4.076e-03, 4.005e-01, -1.497e+00, -1.593e+00, -1.584e+00, -1.584e+00, -1.618e+00, nan, -0.000e+00
1.500e-01, 3.000e+03, 1.000e+00, 3.800e+00, 1.000e+00, 4.500e+00, -1.524e+00, 6.577e-03, 4.115e-01, -1.483e+00, -1.580e+00, -1.572e+00, -1.571e+00, -1.605e+00, nan, -0.000e+00
1.500e-01, 3.000e+03, 1.000e+00, 3.900e+00, 1.000e+00, 4.500e+00, -1.506e+00, 3.462e-03, 4.225e-01, -1.468e+00, -1.568e+00, -1.560e+00, -1.559e+00, -1.592e+00, nan, -0.000e+00
1.500e-01, 3.000e+03, 1.000e+00, 4.000e+00, 1.000e+00, 4.500e+00, -1.499e+00, 4.627e-03, 4.336e-01, -1.454e+00, -1.556e+00, -1.548e+00, -1.547e+00, -1.580e+00, nan, -0.000e+00
2.000e-01, 3.000e+03, 1.000e+00, 1.300e+00, 1.000e+00, 4.500e+00, -3.299e+00, 1.975e-01, 2.065e-01, -2.763e+00, -2.769e+00, -2.745e+00, -2.884e+00, -3.081e+00, nan, -0.000e+00
2.000e-01, 3.000e+03, 1.000e+00, 1.400e+00, 1.000e+00, 4.500e+00, -2.991e+00, 2.294e-01, 2.235e-01, -2.675e+00, -2.653e+00, -2.672e+00, -2.616e+00, -2.980e+00, nan, -0.000e+00
2.000e-01, 3.000e+03, 1.000e+00, 1.500e+00, 1.000e+00, 4.500e+00, -2.663e+00, 1.795e-01, 2.405e-01, -2.602e+00, -2.605e+00, -2.614e+00, -2.550e+00, -2.894e+00, nan, -0.000e+00
2.000e-01, 3.000e+03, 1.000e+00, 1.600e+00, 1.000e+00, 4.500e+00, -2.569e+00, 1.300e-01, 2.574e-01, -2.541e+00, -2.565e+00, -2.566e+00, -2.528e+00, -2.820e+00, nan, -0.000e+00
2.000e-01, 3.000e+03, 1.000e+00, 1.700e+00, 1.000e+00, 4.500e+00, -2.493e+00, 7.066e-02, 2.744e-01, -2.489e+00, -2.531e+00, -2.526e+00, -2.512e+00, -2.756e+00, nan, -0.000e+00
2.000e-01, 3.000e+03, 1.000e+00, 1.800e+00, 1.000e+00, 4.500e+00, -2.436e+00, 3.333e-02, 2.913e-01, -2.442e+00, -2.500e+00, -2.491e+00, -2.493e+00, -2.699e+00, nan, -0.000e+00
2.000e-01, 3.000e+03, 1.000e+00, 1.900e+00, 1.000e+00, 4.500e+00, -2.395e+00, 2.172e-02, 3.082e-01, -2.401e+00, -2.471e+00, -2.460e+00, -2.471e+00, -2.648e+00, nan, -0.000e+00
2.000e-01, 3.000e+03, 1.000e+00, 2.000e+00, 1.000e+00, 4.500e+00, -2.371e+00, 1.388e-02, 3.251e-01, -2.363e+00, -2.445e+00, -2.432e+00, -2.447e+00, -2.602e+00, nan, -0.000e+00
2.000e-01, 3.000e+03, 1.000e+00, 2.100e+00, 1.000e+00, 4.500e+00, -2.344e+00, 2.075e-02, 3.420e-01, -2.329e+00, -2.420e+00, -2.405e+00, -2.423e+00, -2.561e+00, nan, -0.000e+00
2.000e-01, 3.000e+03, 1.000e+00, 2.200e+00, 1.000e+00, 4.500e+00, -2.320e+00, 1.397e-02, 3.589e-01, -2.297e+00, -2.396e+00, -2.381e+00, -2.399e+00, -2.523e+00, nan, -0.000e+00
2.000e-01, 3.000e+03, 1.000e+00, 2.300e+00, 1.000e+00, 4.500e+00, -2.303e+00, 6.546e-03, 3.757e-01, -2.267e+00, -2.373e+00, -2.357e+00, -2.375e+00, -2.487e+00, nan, -0.000e+00
2.000e-01, 3.000e+03, 1.000e+00, 2.400e+00, 1.000e+00, 4.500e+00, -2.267e+00, 9.801e-03, 3.925e-01, -2.239e+00, -2.351e+00, -2.335e+00, -2.352e+00, -2.454e+00, nan, -0.000e+00
2.000e-01, 3.000e+03, 1.000e+00, 2.500e+00, 1.000e+00, 4.500e+00, -2.249e+00, 1.436e-02, 4.093e-01, -2.212e+00, -2.330e+00, -2.314e+00, -2.329e+00, -2.424e+00, nan, -0.000e+00
2.000e-01, 3.000e+03, 1.000e+00, 2.600e+00, 1.000e+00, 4.500e+00, -2.230e+00, 5.727e-03, 4.261e-01, -2.186e+00, -2.309e+00, -2.293e+00, -2.307e+00, -2.395e+00, nan, -0.000e+00
2.000e-01, 3.000e+03, 1.000e+00, 2.700e+00, 1.000e+00, 4.500e+00, -2.212e+00, 8.596e-03, 4.428e-01, -2.161e+00, -2.289e+00, -2.273e+00, -2.286e+00, -2.368e+00, nan, -0.000e+00
2.000e-01, 3.000e+03, 1.000e+00, 2.800e+00, 1.000e+00, 4.500e+00, -2.193e+00, 7.320e-03, 4.595e-01, -2.137e+00, -2.269e+00, -2.253e+00, -2.265e+00, -2.342e+00, nan, -0.000e+00
2.000e-01, 3.000e+03, 1.000e+00, 2.900e+00, 1.000e+00, 4.500e+00, -2.167e+00, 8.430e-03, 4.762e-01, -2.114e+00, -2.249e+00, -2.234e+00, -2.245e+00, -2.318e+00, nan, -0.000e+00
2.000e-01, 3.000e+03, 1.000e+00, 3.000e+00, 1.000e+00, 4.500e+00, -2.146e+00, 8.532e-03, 4.928e-01, -2.091e+00, -2.230e+00, -2.215e+00, -2.225e+00, -2.294e+00, nan, -0.000e+00
2.000e-01, 3.000e+03, 1.000e+00, 3.100e+00, 1.000e+00, 4.500e+00, -2.128e+00, 6.438e-03, 5.094e-01, -2.069e+00, -2.211e+00, -2.196e+00, -2.205e+00, -2.272e+00, nan, -0.000e+00
2.000e-01, 3.000e+03, 1.000e+00, 3.200e+00, 1.000e+00, 4.500e+00, -2.107e+00, 1.352e-02, 5.260e-01, -2.047e+00, -2.193e+00, -2.178e+00, -2.186e+00, -2.251e+00, nan, -0.000e+00
2.000e-01, 3.000e+03, 1.000e+00, 3.300e+00, 1.000e+00, 4.500e+00, -2.100e+00, 3.768e-03, 5.425e-01, -2.026e+00, -2.174e+00, -2.160e+00, -2.167e+00, -2.230e+00, nan, -0.000e+00
2.000e-01, 3.000e+03, 1.000e+00, 3.400e+00, 1.000e+00, 4.500e+00, -2.067e+00, 1.473e-02, 5.590e-01, -2.005e+00, -2.156e+00, -2.142e+00, -2.148e+00, -2.210e+00, nan, -0.000e+00
2.000e-01, 3.000e+03, 1.000e+00, 3.500e+00, 1.000e+00, 4.500e+00, -2.056e+00, 3.753e-03, 5.755e-01, -1.984e+00, -2.138e+00, -2.124e+00, -2.130e+00, -2.191e+00, nan, -0.000e+00
2.000e-01, 3.000e+03, 1.000e+00, 3.600e+00, 1.000e+00, 4.500e+00, -2.043e+00, 3.731e-03, 5.920e-01, -1.964e+00, -2.120e+00, -2.107e+00, -2.112e+00, -2.172e+00, nan, -0.000e+00
2.000e-01, 3.000e+03, 1.000e+00, 3.700e+00, 1.000e+00, 4.500e+00, -2.025e+00, 7.181e-03, 6.084e-01, -1.944e+00, -2.103e+00, -2.090e+00, -2.094e+00, -2.154e+00, nan, -0.000e+00
2.000e-01, 3.000e+03, 1.000e+00, 3.800e+00, 1.000e+00, 4.500e+00, -1.999e+00, 6.956e-03, 6.248e-01, -1.924e+00, -2.085e+00, -2.072e+00, -2.076e+00, -2.137e+00, nan, -0.000e+00
2.000e-01, 3.000e+03, 1.000e+00, 3.900e+00, 1.000e+00, 4.500e+00, -1.994e+00, 6.132e-03, 6.411e-01, -1.904e+00, -2.068e+00, -2.055e+00, -2.059e+00, -2.119e+00, nan, -0.000e+00
2.000e-01, 3.000e+03, 1.000e+00, 4.000e+00, 1.000e+00, 4.500e+00, -1.966e+00, 4.154e-03, 6.575e-01, -1.884e+00, -2.051e+00, -2.039e+00, -2.042e+00, -2.103e+00, nan, -0.000e+00
2.500e-01, 3.000e+03, 1.000e+00, 1.300e+00, 1.000e+00, 4.500e+00, -3.544e+00, 1.927e-01, 3.044e-01, -3.394e+00, -3.291e+00, -3.402e+00, -3.530e+00, -3.850e+00, nan, -0.000e+00
2.500e-01, 3.000e+03, 1.000e+00, 1.400e+00, 1.000e+00, 4.500e+00, -3.276e+00, 2.050e-01, 3.288e-01, -3.294e+00, -3.241e+00, -3.319e+00, -3.053e+00, -3.724e+00, nan, -0.000e+00
2.500e-01, 3.000e+03, 1.000e+00, 1.500e+00, 1.000e+00, 4.500e+00, -3.156e+00, 9.686e-02, 3.531e-01, -3.210e+00, -3.198e+00, -3.252e+00, -3.037e+00, -3.616e+00, nan, -0.000e+00
2.500e-01, 3.000e+03, 1.000e+00, 1.600e+00, 1.000e+00, 4.500e+00, -3.081e+00, 3.139e-02, 3.774e-01, -3.138e+00, -3.160e+00, -3.197e+00, -3.086e+00, -3.524e+00, nan, -0.000e+00
2.500e-01, 3.000e+03, 1.000e+00, 1.700e+00, 1.000e+00, 4.500e+00, -3.046e+00, 2.659e-02, 4.017e-01, -3.076e+00, -3.125e+00, -3.149e+00, -3.117e+00, -3.444e+00, nan, -0.000e+00
2.500e-01, 3.000e+03, 1.000e+00, 1.800e+00, 1.000e+00, 4.500e+00, -3.003e+00, 2.788e-02, 4.259e-01, -3.020e+00, -3.092e+00, -3.106e+00, -3.124e+00, -3.372e+00, nan, -0.000e+00
2.500e-01, 3.000e+03, 1.000e+00, 1.900e+00, 1.000e+00, 4.500e+00, -2.971e+00, 1.800e-02, 4.500e-01, -2.969e+00, -3.061e+00, -3.068e+00, -3.112e+00, -3.309e+00, nan, -0.000e+00
2.500e-01, 3.000e+03, 1.000e+00, 2.000e+00, 1.000e+00, 4.500e+00, -2.940e+00, 1.091e-02, 4.741e-01, -2.923e+00, -3.030e+00, -3.032e+00, -3.088e+00, -3.251e+00, nan, -0.000e+00
2.500e-01, 3.000e+03, 1.000e+00, 2.100e+00, 1.000e+00, 4.500e+00, -2.912e+00, 1.119e-02, 4.981e-01, -2.880e+00, -3.001e+00, -2.998e+00, -3.059e+00, -3.199e+00, nan, -0.000e+00
2.500e-01, 3.000e+03, 1.000e+00, 2.200e+00, 1.000e+00, 4.500e+00, -2.876e+00, 2.108e-02, 5.220e-01, -2.840e+00, -2.973e+00, -2.967e+00, -3.027e+00, -3.151e+00, nan, -0.000e+00
2.500e-01, 3.000e+03, 1.000e+00, 2.300e+00, 1.000e+00, 4.500e+00, -2.849e+00, 1.301e-02, 5.459e-01, -2.802e+00, -2.945e+00, -2.936e+00, -2.993e+00, -3.107e+00, nan, -0.000e+00
2.500e-01, 3.000e+03, 1.000e+00, 2.400e+00, 1.000e+00, 4.500e+00, -2.824e+00, 1.110e-02, 5.697e-01, -2.765e+00, -2.917e+00, -2.907e+00, -2.960e+00, -3.066e+00, nan, -0.000e+00
2.500e-01, 3.000e+03, 1.000e+00, 2.500e+00, 1.000e+00, 4.500e+00, -2.792e+00, 2.075e-02, 5.934e-01, -2.731e+00, -2.890e+00, -2.878e+00, -2.927e+00, -3.027e+00, nan, -0.000e+00
2.500e-01, 3.000e+03, 1.000e+00, 2.600e+00, 1.000e+00, 4.500e+00, -2.766e+00, 1.572e-02, 6.171e-01, -2.697e+00, -2.864e+00, -2.851e+00, -2.895e+00, -2.991e+00, nan, -0.000e+00
2.500e-01, 3.000e+03, 1.000e+00, 2.700e+00, 1.000e+00, 4.500e+00, -2.737e+00, 6.709e-03, 6.407e-01, -2.665e+00, -2.838e+00, -2.824e+00, -2.864e+00, -2.957e+00, nan, -0.000e+00
2.500e-01, 3.000e+03, 1.000e+00, 2.800e+00, 1.000e+00, 4.500e+00, -2.719e+00, 9.330e-03, 6.642e-01, -2.634e+00, -2.812e+00, -2.797e+00, -2.834e+00, -2.925e+00, nan, -0.000e+00
2.500e-01, 3.000e+03, 1.000e+00, 2.900e+00, 1.000e+00, 4.500e+00, -2.688e+00, 1.118e-02, 6.877e-01, -2.603e+00, -2.786e+00, -2.771e+00, -2.804e+00, -2.894e+00, nan, -0.000e+00
2.500e-01, 3.000e+03, 1.000e+00, 3.000e+00, 1.000e+00, 4.500e+00, -2.669e+00, 6.413e-03, 7.111e-01, -2.574e+00, -2.761e+00, -2.745e+00, -2.776e+00, -2.865e+00, nan, -0.000e+00
2.500e-01, 3.000e+03, 1.000e+00, 3.100e+00, 1.000e+00, 4.500e+00, -2.629e+00, 1.847e-02, 7.345e-01, -2.544e+00, -2.736e+00, -2.720e+00, -2.748e+00, -2.837e+00, nan, -0.000e+00
2.500e-01, 3.000e+03, 1.000e+00, 3.200e+00, 1.000e+00, 4.500e+00, -2.619e+00, 8.614e-03, 7.578e-01, -2.516e+00, -2.711e+00, -2.695e+00, -2.720e+00, -2.810e+00, nan, -0.000e+00
2.500e-01, 3.000e+03, 1.000e+00, 3.300e+00, 1.000e+00, 4.500e+00, -2.598e+00, 1.398e-02, 7.810e-01, -2.488e+00, -2.686e+00, -2.670e+00, -2.693e+00, -2.784e+00, nan, -0.000e+00
2.500e-01, 3.000e+03, 1.000e+00, 3.400e+00, 1.000e+00, 4.500e+00, -2.554e+00, 1.358e-02, 8.041e-01, -2.460e+00, -2.662e+00, -2.645e+00, -2.667e+00, -2.759e+00, nan, -0.000e+00
2.500e-01, 3.000e+03, 1.000e+00, 3.500e+00, 1.000e+00, 4.500e+00, -2.532e+00, 1.584e-02, 8.272e-01, -2.432e+00, -2.637e+00, -2.621e+00, -2.641e+00, -2.735e+00, nan, -0.000e+00
2.500e-01, 3.000e+03, 1.000e+00, 3.600e+00, 1.000e+00, 4.500e+00, -2.511e+00, 5.337e-03, 8.503e-01, -2.405e+00, -2.613e+00, -2.597e+00, -2.616e+00, -2.711e+00, nan, -0.000e+00
2.500e-01, 3.000e+03, 1.000e+00, 3.700e+00, 1.000e+00, 4.500e+00, -2.493e+00, 9.698e-03, 8.732e-01, -2.379e+00, -2.589e+00, -2.573e+00, -2.590e+00, -2.688e+00, nan, -0.000e+00
2.500e-01, 3.000e+03, 1.000e+00, 3.800e+00, 1.000e+00, 4.500e+00, -2.469e+00, 1.387e-02, 8.962e-01, -2.352e+00, -2.566e+00, -2.549e+00, -2.566e+00, -2.666e+00, nan, -0.000e+00
2.500e-01, 3.000e+03, 1.000e+00, 3.900e+00, 1.000e+00, 4.500e+00, -2.446e+00, 1.963e-02, 9.190e-01, -2.326e+00, -2.542e+00, -2.526e+00, -2.541e+00, -2.644e+00, nan, -0.000e+00
2.500e-01, 3.000e+03, 1.000e+00, 4.000e+00, 1.000e+00, 4.500e+00, -2.416e+00, 1.574e-02, 9.418e-01, -2.300e+00, -2.519e+00, -2.502e+00, -2.517e+00, -2.623e+00, nan, -0.000e+00
3.000e-01, 3.000e+03, 1.000e+00, 1.300e+00, 1.000e+00, 4.500e+00, -3.840e+00, 1.046e-01, 4.360e-01, -4.023e+00, -3.895e+00, -4.066e+00, -4.186e+00, -4.619e+00, nan, -0.000e+00
3.000e-01, 3.000e+03, 1.000e+00, 1.400e+00, 1.000e+00, 4.500e+00, -3.750e+00, 3.337e-02, 4.699e-01, -3.918e+00, -3.849e+00, -3.971e+00, -3.351e+00, -4.467e+00, nan, -0.000e+00
3.000e-01, 3.000e+03, 1.000e+00, 1.500e+00, 1.000e+00, 4.500e+00, -3.708e+00, 3.113e-02, 5.038e-01, -3.827e+00, -3.806e+00, -3.893e+00, -3.471e+00, -4.338e+00, nan, -0.000e+00
3.000e-01, 3.000e+03, 1.000e+00, 1.600e+00, 1.000e+00, 4.500e+00, -3.660e+00, 2.554e-02, 5.374e-01, -3.748e+00, -3.764e+00, -3.827e+00, -3.675e+00, -4.228e+00, nan, -0.000e+00
3.000e-01, 3.000e+03, 1.000e+00, 1.700e+00, 1.000e+00, 4.500e+00, -3.619e+00, 2.159e-02, 5.710e-01, -3.677e+00, -3.724e+00, -3.769e+00, -3.804e+00, -4.131e+00, nan, -0.000e+00
3.000e-01, 3.000e+03, 1.000e+00, 1.800e+00, 1.000e+00, 4.500e+00, -3.572e+00, 1.292e-02, 6.044e-01, -3.613e+00, -3.685e+00, -3.716e+00, -3.858e+00, -4.045e+00, nan, -0.000e+00
3.000e-01, 3.000e+03, 1.000e+00, 1.900e+00, 1.000e+00, 4.500e+00, -3.517e+00, 3.865e-02, 6.376e-01, -3.553e+00, -3.647e+00, -3.667e+00, -3.859e+00, -3.969e+00, nan, -0.000e+00
3.000e-01, 3.000e+03, 1.000e+00, 2.000e+00, 1.000e+00, 4.500e+00, -3.488e+00, 1.138e-02, 6.707e-01, -3.498e+00, -3.610e+00, -3.622e+00, -3.831e+00, -3.899e+00, nan, -0.000e+00
3.000e-01, 3.000e+03, 1.000e+00, 2.100e+00, 1.000e+00, 4.500e+00, -3.453e+00, 2.486e-02, 7.037e-01, -3.447e+00, -3.573e+00, -3.579e+00, -3.787e+00, -3.836e+00, nan, -0.000e+00
3.000e-01, 3.000e+03, 1.000e+00, 2.200e+00, 1.000e+00, 4.500e+00, -3.428e+00, 1.541e-02, 7.365e-01, -3.398e+00, -3.537e+00, -3.537e+00, -3.734e+00, -3.779e+00, nan, -0.000e+00
3.000e-01, 3.000e+03, 1.000e+00, 2.300e+00, 1.000e+00, 4.500e+00, -3.388e+00, 2.215e-02, 7.692e-01, -3.351e+00, -3.501e+00, -3.498e+00, -3.680e+00, -3.725e+00, nan, -0.000e+00
3.000e-01, 3.000e+03, 1.000e+00, 2.400e+00, 1.000e+00, 4.500e+00, -3.356e+00, 1.925e-02, 8.018e-01, -3.306e+00, -3.465e+00, -3.459e+00, -3.625e+00, -3.676e+00, nan, -0.000e+00
3.000e-01, 3.000e+03, 1.000e+00, 2.500e+00, 1.000e+00, 4.500e+00, -3.313e+00, 1.248e-02, 8.342e-01, -3.263e+00, -3.430e+00, -3.421e+00, -3.571e+00, -3.629e+00, nan, -0.000e+00
3.000e-01, 3.000e+03, 1.000e+00, 2.600e+00, 1.000e+00, 4.500e+00, -3.290e+00, 6.529e-03, 8.665e-01, -3.221e+00, -3.395e+00, -3.384e+00, -3.520e+00, -3.586e+00, nan, -0.000e+00
3.000e-01, 3.000e+03, 1.000e+00, 2.700e+00, 1.000e+00, 4.500e+00, -3.248e+00, 9.791e-03, 8.987e-01, -3.180e+00, -3.361e+00, -3.348e+00, -3.470e+00, -3.545e+00, nan, -0.000e+00
3.000e-01, 3.000e+03, 1.000e+00, 2.800e+00, 1.000e+00, 4.500e+00, -3.219e+00, 1.210e-02, 9.307e-01, -3.140e+00, -3.327e+00, -3.313e+00, -3.423e+00, -3.506e+00, nan, -0.000e+00
3.000e-01, 3.000e+03, 1.000e+00, 2.900e+00, 1.000e+00, 4.500e+00, -3.170e+00, 1.290e-02, 9.626e-01, -3.102e+00, -3.293e+00, -3.278e+00, -3.377e+00, -3.469e+00, nan, -0.000e+00
3.000e-01, 3.000e+03, 1.000e+00, 3.000e+00, 1.000e+00, 4.500e+00, -3.140e+00, 2.099e-02, 9.944e-01, -3.063e+00, -3.259e+00, -3.243e+00, -3.334e+00, -3.433e+00, nan, -0.000e+00
3.000e-01, 3.000e+03, 1.000e+00, 3.100e+00, 1.000e+00, 4.500e+00, -3.107e+00, 1.397e-02, 1.026e+00, -3.026e+00, -3.226e+00, -3.209e+00, -3.292e+00, -3.400e+00, nan, -0.000e+00
3.000e-01, 3.000e+03, 1.000e+00, 3.200e+00, 1.000e+00, 4.500e+00, -3.072e+00, 1.301e-02, 1.058e+00, -2.989e+00, -3.193e+00, -3.176e+00, -3.251e+00, -3.367e+00, nan, -0.000e+00
3.000e-01, 3.000e+03, 1.000e+00, 3.300e+00, 1.000e+00, 4.500e+00, -3.046e+00, 5.614e-03, 1.089e+00, -2.953e+00, -3.160e+00, -3.143e+00, -3.211e+00, -3.336e+00, nan, -0.000e+00
3.000e-01, 3.000e+03, 1.000e+00, 3.400e+00, 1.000e+00, 4.500e+00, -3.019e+00, 2.378e-02, 1.120e+00, -2.917e+00, -3.128e+00, -3.110e+00, -3.173e+00, -3.306e+00, nan, -0.000e+00
3.000e-01, 3.000e+03, 1.000e+00, 3.500e+00, 1.000e+00, 4.500e+00, -2.985e+00, 1.555e-02, 1.152e+00, -2.881e+00, -3.096e+00, -3.077e+00, -3.136e+00, -3.276e+00, nan, -0.000e+00
3.000e-01, 3.000e+03, 1.000e+00, 3.600e+00, 1.000e+00, 4.500e+00, -2.946e+00, 1.086e-02, 1.183e+00, -2.846e+00, -3.064e+00, -3.045e+00, -3.099e+00, -3.248e+00, nan, -0.000e+00
3.000e-01, 3.000e+03, 1.000e+00, 3.700e+00, 1.000e+00, 4.500e+00, -2.932e+00, 1.791e-02, 1.214e+00, -2.811e+00, -3.032e+00, -3.012e+00, -3.063e+00, -3.220e+00, nan, -0.000e+00
3.000e-01, 3.000e+03, 1.000e+00, 3.800e+00, 1.000e+00, 4.500e+00, -2.876e+00, 1.491e-02, 1.245e+00, -2.777e+00, -3.000e+00, -2.981e+00, -3.028e+00, -3.194e+00, nan, -0.000e+00
3.000e-01, 3.000e+03, 1.000e+00, 3.900e+00, 1.000e+00, 4.500e+00, -2.863e+00, 1.643e-02, 1.275e+00, -2.743e+00, -2.969e+00, -2.949e+00, -2.994e+00, -3.167e+00, nan, -0.000e+00
3.000e-01, 3.000e+03, 1.000e+00, 4.000e+00, 1.000e+00, 4.500e+00, -2.805e+00, 2.900e-02, 1.306e+00, -2.709e+00, -2.938e+00, -2.918e+00, -2.960e+00, -3.142e+00, nan, -0.000e+00
3.500e-01, 3.000e+03, 1.000e+00, 1.300e+00, 1.000e+00, 4.500e+00, -4.408e+00, 2.744e-02, 6.159e-01, -4.624e+00, -4.519e+00, -4.718e+00, -4.911e+00, -5.388e+00, nan, -0.000e+00
3.500e-01, 3.000e+03, 1.000e+00, 1.400e+00, 1.000e+00, 4.500e+00, -4.340e+00, 1.966e-02, 6.623e-01, -4.524e+00, -4.465e+00, -4.607e+00, -3.487e+00, -5.210e+00, nan, -0.000e+00
3.500e-01, 3.000e+03, 1.000e+00, 1.500e+00, 1.000e+00, 4.500e+00, -4.290e+00, 2.126e-02, 7.083e-01, -4.435e+00, -4.411e+00, -4.513e+00, -3.883e+00, -5.060e+00, nan, -0.000e+00
3.500e-01, 3.000e+03, 1.000e+00, 1.600e+00, 1.000e+00, 4.500e+00, -4.238e+00, 1.610e-02, 7.541e-01, -4.354e+00, -4.359e+00, -4.432e+00, -4.373e+00, -4.930e+00, nan, -0.000e+00
3.500e-01, 3.000e+03, 1.000e+00, 1.700e+00, 1.000e+00, 4.500e+00, -4.179e+00, 2.330e-02, 7.995e-01, -4.280e+00, -4.308e+00, -4.360e+00, -4.672e+00, -4.817e+00, nan, -0.000e+00
3.500e-01, 3.000e+03, 1.000e+00, 1.800e+00, 1.000e+00, 4.500e+00, -4.135e+00, 7.807e-03, 8.447e-01, -4.211e+00, -4.258e+00, -4.294e+00, -4.797e+00, -4.717e+00, nan, -0.000e+00
3.500e-01, 3.000e+03, 1.000e+00, 1.900e+00, 1.000e+00, 4.500e+00, -4.056e+00, 2.029e-02, 8.895e-01, -4.145e+00, -4.208e+00, -4.232e+00, -4.811e+00, -4.627e+00, nan, -0.000e+00
3.500e-01, 3.000e+03, 1.000e+00, 2.000e+00, 1.000e+00, 4.500e+00, -4.027e+00, 1.025e-02, 9.341e-01, -4.083e+00, -4.159e+00, -4.173e+00, -4.761e+00, -4.546e+00, nan, -0.000e+00
3.500e-01, 3.000e+03, 1.000e+00, 2.100e+00, 1.000e+00, 4.500e+00, -3.978e+00, 1.710e-02, 9.784e-01, -4.024e+00, -4.110e+00, -4.118e+00, -4.679e+00, -4.473e+00, nan, -0.000e+00
3.500e-01, 3.000e+03, 1.000e+00, 2.200e+00, 1.000e+00, 4.500e+00, -3.918e+00, 2.523e-02, 1.022e+00, -3.967e+00, -4.062e+00, -4.064e+00, -4.584e+00, -4.405e+00, nan, -0.000e+00
3.500e-01, 3.000e+03, 1.000e+00, 2.300e+00, 1.000e+00, 4.500e+00, -3.892e+00, 1.855e-02, 1.066e+00, -3.911e+00, -4.015e+00, -4.012e+00, -4.485e+00, -4.343e+00, nan, -0.000e+00
3.500e-01, 3.000e+03, 1.000e+00, 2.400e+00, 1.000e+00, 4.500e+00, -3.838e+00, 1.658e-02, 1.110e+00, -3.857e+00, -3.968e+00, -3.961e+00, -4.387e+00, -4.285e+00, nan, -0.000e+00
3.500e-01, 3.000e+03, 1.000e+00, 2.500e+00, 1.000e+00, 4.500e+00, -3.781e+00, 2.685e-02, 1.153e+00, -3.805e+00, -3.922e+00, -3.912e+00, -4.293e+00, -4.230e+00, nan, -0.000e+00
3.500e-01, 3.000e+03, 1.000e+00, 2.600e+00, 1.000e+00, 4.500e+00, -3.738e+00, 1.030e-02, 1.196e+00, -3.754e+00, -3.876e+00, -3.864e+00, -4.205e+00, -4.179e+00, nan, -0.000e+00
3.500e-01, 3.000e+03, 1.000e+00, 2.700e+00, 1.000e+00, 4.500e+00, -3.706e+00, 1.766e-02, 1.239e+00, -3.703e+00, -3.831e+00, -3.817e+00, -4.122e+00, -4.131e+00, nan, -0.000e+00
3.500e-01, 3.000e+03, 1.000e+00, 2.800e+00, 1.000e+00, 4.500e+00, -3.670e+00, 2.954e-03, 1.282e+00, -3.654e+00, -3.786e+00, -3.770e+00, -4.044e+00, -4.085e+00, nan, -0.000e+00
3.500e-01, 3.000e+03, 1.000e+00, 2.900e+00, 1.000e+00, 4.500e+00, -3.610e+00, 1.233e-02, 1.324e+00, -3.606e+00, -3.741e+00, -3.724e+00, -3.970e+00, -4.042e+00, nan, -0.000e+00
3.500e-01, 3.000e+03, 1.000e+00, 3.000e+00, 1.000e+00, 4.500e+00, -3.561e+00, 2.401e-02, 1.366e+00, -3.558e+00, -3.697e+00, -3.679e+00, -3.901e+00, -4.001e+00, nan, -0.000e+00
3.500e-01, 3.000e+03, 1.000e+00, 3.100e+00, 1.000e+00, 4.500e+00, -3.525e+00, 2.717e-02, 1.408e+00, -3.511e+00, -3.654e+00, -3.634e+00, -3.836e+00, -3.961e+00, nan, -0.000e+00
3.500e-01, 3.000e+03, 1.000e+00, 3.200e+00, 1.000e+00, 4.500e+00, -3.467e+00, 3.130e-02, 1.450e+00, -3.464e+00, -3.610e+00, -3.590e+00, -3.773e+00, -3.923e+00, nan, -0.000e+00
3.500e-01, 3.000e+03, 1.000e+00, 3.300e+00, 1.000e+00, 4.500e+00, -3.437e+00, 1.710e-02, 1.492e+00, -3.418e+00, -3.568e+00, -3.546e+00, -3.714e+00, -3.886e+00, nan, -0.000e+00
3.500e-01, 3.000e+03, 1.000e+00, 3.400e+00, 1.000e+00, 4.500e+00, -3.400e+00, 1.617e-02, 1.533e+00, -3.373e+00, -3.525e+00, -3.503e+00, -3.656e+00, -3.850e+00, nan, -0.000e+00
3.500e-01, 3.000e+03, 1.000e+00, 3.500e+00, 1.000e+00, 4.500e+00, -3.356e+00, 1.314e-02, 1.574e+00, -3.328e+00, -3.483e+00, -3.460e+00, -3.601e+00, -3.816e+00, nan, -0.000e+00
3.500e-01, 3.000e+03, 1.000e+00, 3.600e+00, 1.000e+00, 4.500e+00, -3.303e+00, 1.774e-02, 1.615e+00, -3.283e+00, -3.441e+00, -3.418e+00, -3.548e+00, -3.783e+00, nan, -0.000e+00
3.500e-01, 3.000e+03, 1.000e+00, 3.700e+00, 1.000e+00, 4.500e+00, -3.268e+00, 9.687e-03, 1.656e+00, -3.239e+00, -3.399e+00, -3.376e+00, -3.497e+00, -3.750e+00, nan, -0.000e+00
3.500e-01, 3.000e+03, 1.000e+00, 3.800e+00, 1.000e+00, 4.500e+00, -3.244e+00, 1.435e-02, 1.697e+00, -3.195e+00, -3.358e+00, -3.334e+00, -3.447e+00, -3.719e+00, nan, -0.000e+00
3.500e-01, 3.000e+03, 1.000e+00, 3.900e+00, 1.000e+00, 4.500e+00, -3.191e+00, 2.102e-02, 1.737e+00, -3.152e+00, -3.317e+00, -3.292e+00, -3.398e+00, -3.688e+00, nan, -0.000e+00
3.500e-01, 3.000e+03, 1.000e+00, 4.000e+00, 1.000e+00, 4.500e+00, -3.153e+00, 3.126e-02, 1.778e+00, -3.109e+00, -3.276e+00, -3.251e+00, -3.350e+00, -3.658e+00, nan, -0.000e+00
4.000e-01, 3.000e+03, 1.000e+00, 1.300e+00, 1.000e+00, 4.500e+00, -4.972e+00, 2.088e-02, 8.668e-01, -5.137e+00, -5.110e+00, -5.307e+00, -5.803e+00, -6.156e+00, nan, -0.000e+00
4.000e-01, 3.000e+03, 1.000e+00, 1.400e+00, 1.000e+00, 4.500e+00, -4.891e+00, 1.944e-02, 9.293e-01, -5.063e+00, -5.038e+00, -5.177e+00, -3.443e+00, -5.953e+00, nan, -0.000e+00
4.000e-01, 3.000e+03, 1.000e+00, 1.500e+00, 1.000e+00, 4.500e+00, -4.820e+00, 2.220e-02, 9.912e-01, -4.990e+00, -4.968e+00, -5.066e+00, -4.327e+00, -5.781e+00, nan, -0.000e+00
4.000e-01, 3.000e+03, 1.000e+00, 1.600e+00, 1.000e+00, 4.500e+00, -4.747e+00, 1.813e-02, 1.053e+00, -4.919e+00, -4.899e+00, -4.967e+00, -5.294e+00, -5.632e+00, nan, -0.000e+00
4.000e-01, 3.000e+03, 1.000e+00, 1.700e+00, 1.000e+00, 4.500e+00, -4.679e+00, 1.217e-02, 1.113e+00, -4.850e+00, -4.831e+00, -4.878e+00, -5.858e+00, -5.503e+00, nan, -0.000e+00
4.000e-01, 3.000e+03, 1.000e+00, 1.800e+00, 1.000e+00, 4.500e+00, -4.623e+00, 2.233e-02, 1.174e+00, -4.782e+00, -4.764e+00, -4.795e+00, -6.084e+00, -5.388e+00, nan, -0.000e+00
4.000e-01, 3.000e+03, 1.000e+00, 1.900e+00, 1.000e+00, 4.500e+00, -4.545e+00, 9.250e-03, 1.233e+00, -4.715e+00, -4.699e+00, -4.717e+00, -6.097e+00, -5.285e+00, nan, -0.000e+00
4.000e-01, 3.000e+03, 1.000e+00, 2.000e+00, 1.000e+00, 4.500e+00, -4.498e+00, 2.944e-02, 1.293e+00, -4.650e+00, -4.634e+00, -4.643e+00, -5.995e+00, -5.193e+00, nan, -0.000e+00
4.000e-01, 3.000e+03, 1.000e+00, 2.100e+00, 1.000e+00, 4.500e+00, -4.433e+00, 3.064e-02, 1.351e+00, -4.585e+00, -4.570e+00, -4.572e+00, -5.836e+00, -5.108e+00, nan, -0.000e+00
4.000e-01, 3.000e+03, 1.000e+00, 2.200e+00, 1.000e+00, 4.500e+00, -4.350e+00, 2.652e-02, 1.410e+00, -4.521e+00, -4.508e+00, -4.503e+00, -5.656e+00, -5.031e+00, nan, -0.000e+00
4.000e-01, 3.000e+03, 1.000e+00, 2.300e+00, 1.000e+00, 4.500e+00, -4.292e+00, 1.918e-02, 1.468e+00, -4.458e+00, -4.446e+00, -4.436e+00, -5.474e+00, -4.959e+00, nan, -0.000e+00
4.000e-01, 3.000e+03, 1.000e+00, 2.400e+00, 1.000e+00, 4.500e+00, -4.247e+00, 3.631e-02, 1.525e+00, -4.396e+00, -4.384e+00, -4.372e+00, -5.298e+00, -4.892e+00, nan, -0.000e+00
4.000e-01, 3.000e+03, 1.000e+00, 2.500e+00, 1.000e+00, 4.500e+00, -4.151e+00, 3.566e-02, 1.582e+00, -4.335e+00, -4.324e+00, -4.308e+00, -5.133e+00, -4.830e+00, nan, -0.000e+00
4.000e-01, 3.000e+03, 1.000e+00, 2.600e+00, 1.000e+00, 4.500e+00, -4.113e+00, 2.230e-02, 1.639e+00, -4.274e+00, -4.264e+00, -4.246e+00, -4.980e+00, -4.771e+00, nan, -0.000e+00
4.000e-01, 3.000e+03, 1.000e+00, 2.700e+00, 1.000e+00, 4.500e+00, -4.076e+00, 2.165e-02, 1.695e+00, -4.214e+00, -4.205e+00, -4.185e+00, -4.839e+00, -4.716e+00, nan, -0.000e+00
4.000e-01, 3.000e+03, 1.000e+00, 2.800e+00, 1.000e+00, 4.500e+00, -3.997e+00, 2.890e-02, 1.751e+00, -4.155e+00, -4.147e+00, -4.125e+00, -4.709e+00, -4.663e+00, nan, -0.000e+00
4.000e-01, 3.000e+03, 1.000e+00, 2.900e+00, 1.000e+00, 4.500e+00, -3.954e+00, 9.163e-03, 1.806e+00, -4.096e+00, -4.090e+00, -4.066e+00, -4.589e+00, -4.614e+00, nan, -0.000e+00
4.000e-01, 3.000e+03, 1.000e+00, 3.000e+00, 1.000e+00, 4.500e+00, -3.876e+00, 1.540e-02, 1.862e+00, -4.038e+00, -4.032e+00, -4.007e+00, -4.478e+00, -4.566e+00, nan, -0.000e+00
4.000e-01, 3.000e+03, 1.000e+00, 3.100e+00, 1.000e+00, 4.500e+00, -3.833e+00, 3.807e-02, 1.917e+00, -3.980e+00, -3.976e+00, -3.950e+00, -4.375e+00, -4.520e+00, nan, -0.000e+00
4.000e-01, 3.000e+03, 1.000e+00, 3.200e+00, 1.000e+00, 4.500e+00, -3.775e+00, 1.976e-02, 1.971e+00, -3.923e+00, -3.920e+00, -3.893e+00, -4.278e+00, -4.476e+00, nan, -0.000e+00
4.000e-01, 3.000e+03, 1.000e+00, 3.300e+00, 1.000e+00, 4.500e+00, -3.710e+00, 3.049e-02, 2.025e+00, -3.866e+00, -3.865e+00, -3.837e+00, -4.187e+00, -4.434e+00, nan, -0.000e+00
4.000e-01, 3.000e+03, 1.000e+00, 3.400e+00, 1.000e+00, 4.500e+00, -3.662e+00, 2.347e-02, 2.079e+00, -3.810e+00, -3.810e+00, -3.781e+00, -4.101e+00, -4.393e+00, nan, -0.000e+00
4.000e-01, 3.000e+03, 1.000e+00, 3.500e+00, 1.000e+00, 4.500e+00, -3.604e+00, 2.720e-02, 2.133e+00, -3.754e+00, -3.755e+00, -3.726e+00, -4.020e+00, -4.354e+00, nan, -0.000e+00
4.000e-01, 3.000e+03, 1.000e+00, 3.600e+00, 1.000e+00, 4.500e+00, -3.554e+00, 3.570e-02, 2.186e+00, -3.698e+00, -3.701e+00, -3.671e+00, -3.942e+00, -4.315e+00, nan, -0.000e+00
4.000e-01, 3.000e+03, 1.000e+00, 3.700e+00, 1.000e+00, 4.500e+00, -3.485e+00, 1.763e-02, 2.239e+00, -3.643e+00, -3.648e+00, -3.617e+00, -3.867e+00, -4.278e+00, nan, -0.000e+00
4.000e-01, 3.000e+03, 1.000e+00, 3.800e+00, 1.000e+00, 4.500e+00, -3.443e+00, 1.331e-02, 2.292e+00, -3.588e+00, -3.595e+00, -3.564e+00, -3.796e+00, -4.242e+00, nan, -0.000e+00
4.000e-01, 3.000e+03, 1.000e+00, 3.900e+00, 1.000e+00, 4.500e+00, -3.417e+00, 1.865e-02, 2.344e+00, -3.533e+00, -3.542e+00, -3.511e+00, -3.727e+00, -4.206e+00, nan, -0.000e+00
4.000e-01, 3.000e+03, 1.000e+00, 4.000e+00, 1.000e+00, 4.500e+00, -3.339e+00, 3.512e-02, 2.396e+00, -3.479e+00, -3.490e+00, -3.458e+00, -3.659e+00, -4.172e+00, nan, -0.000e+00
4.500e-01, 3.000e+03, 1.000e+00, 1.300e+00, 1.000e+00, 4.500e+00, -5.435e+00, 2.676e-02, 1.225e+00, -5.480e+00, -5.597e+00, -5.776e+00, -6.999e+00, -6.924e+00, nan, -0.000e+00
4.500e-01, 3.000e+03, 1.000e+00, 1.400e+00, 1.000e+00, 4.500e+00, -5.346e+00, 2.570e-02, 1.308e+00, -5.459e+00, -5.502e+00, -5.626e+00, -3.208e+00, -6.695e+00, nan, -0.000e+00
4.500e-01, 3.000e+03, 1.000e+00, 1.500e+00, 1.000e+00, 4.500e+00, -5.245e+00, 2.960e-02, 1.391e+00, -5.425e+00, -5.410e+00, -5.495e+00, -4.883e+00, -6.501e+00, nan, -0.000e+00
4.500e-01, 3.000e+03, 1.000e+00, 1.600e+00, 1.000e+00, 4.500e+00, -5.153e+00, 4.072e-02, 1.473e+00, -5.381e+00, -5.320e+00, -5.377e+00, -6.592e+00, -6.334e+00, nan, -0.000e+00
4.500e-01, 3.000e+03, 1.000e+00, 1.700e+00, 1.000e+00, 4.500e+00, -5.071e+00, 2.689e-02, 1.554e+00, -5.330e+00, -5.231e+00, -5.268e+00, -7.552e+00, -6.188e+00, nan, -0.000e+00
4.500e-01, 3.000e+03, 1.000e+00, 1.800e+00, 1.000e+00, 4.500e+00, -4.980e+00, 3.072e-02, 1.633e+00, -5.274e+00, -5.145e+00, -5.166e+00, -7.907e+00, -6.058e+00, nan, -0.000e+00
4.500e-01, 3.000e+03, 1.000e+00, 1.900e+00, 1.000e+00, 4.500e+00, -4.888e+00, 2.967e-02, 1.712e+00, -5.214e+00, -5.060e+00, -5.069e+00, -7.892e+00, -5.942e+00, nan, -0.000e+00
4.500e-01, 3.000e+03, 1.000e+00, 2.000e+00, 1.000e+00, 4.500e+00, -4.807e+00, 3.314e-02, 1.790e+00, -5.152e+00, -4.976e+00, -4.976e+00, -7.682e+00, -5.838e+00, nan, -0.000e+00
4.500e-01, 3.000e+03, 1.000e+00, 2.100e+00, 1.000e+00, 4.500e+00, -4.731e+00, 2.166e-02, 1.868e+00, -5.087e+00, -4.894e+00, -4.887e+00, -7.383e+00, -5.742e+00, nan, -0.000e+00
4.500e-01, 3.000e+03, 1.000e+00, 2.200e+00, 1.000e+00, 4.500e+00, -4.657e+00, 1.615e-02, 1.944e+00, -5.020e+00, -4.813e+00, -4.801e+00, -7.055e+00, -5.655e+00, nan, -0.000e+00
4.500e-01, 3.000e+03, 1.000e+00, 2.300e+00, 1.000e+00, 4.500e+00, -4.561e+00, 3.479e-02, 2.020e+00, -4.953e+00, -4.734e+00, -4.717e+00, -6.729e+00, -5.574e+00, nan, -0.000e+00
4.500e-01, 3.000e+03, 1.000e+00, 2.400e+00, 1.000e+00, 4.500e+00, -4.477e+00, 3.905e-02, 2.095e+00, -4.885e+00, -4.656e+00, -4.635e+00, -6.421e+00, -5.498e+00, nan, -0.000e+00
4.500e-01, 3.000e+03, 1.000e+00, 2.500e+00, 1.000e+00, 4.500e+00, -4.425e+00, 4.182e-02, 2.169e+00, -4.816e+00, -4.578e+00, -4.555e+00, -6.137e+00, -5.428e+00, nan, -0.000e+00
4.500e-01, 3.000e+03, 1.000e+00, 2.600e+00, 1.000e+00, 4.500e+00, -4.331e+00, 2.469e-02, 2.243e+00, -4.746e+00, -4.502e+00, -4.476e+00, -5.878e+00, -5.362e+00, nan, -0.000e+00
4.500e-01, 3.000e+03, 1.000e+00, 2.700e+00, 1.000e+00, 4.500e+00, -4.278e+00, 3.825e-02, 2.316e+00, -4.677e+00, -4.427e+00, -4.399e+00, -5.643e+00, -5.299e+00, nan, -0.000e+00
4.500e-01, 3.000e+03, 1.000e+00, 2.800e+00, 1.000e+00, 4.500e+00, -4.193e+00, 4.728e-02, 2.389e+00, -4.608e+00, -4.353e+00, -4.322e+00, -5.431e+00, -5.240e+00, nan, -0.000e+00
4.500e-01, 3.000e+03, 1.000e+00, 2.900e+00, 1.000e+00, 4.500e+00, -4.129e+00, 3.153e-02, 2.461e+00, -4.538e+00, -4.280e+00, -4.248e+00, -5.237e+00, -5.183e+00, nan, -0.000e+00
4.500e-01, 3.000e+03, 1.000e+00, 3.000e+00, 1.000e+00, 4.500e+00, -4.033e+00, 2.949e-02, 2.532e+00, -4.469e+00, -4.207e+00, -4.174e+00, -5.061e+00, -5.129e+00, nan, -0.000e+00
4.500e-01, 3.000e+03, 1.000e+00, 3.100e+00, 1.000e+00, 4.500e+00, -3.975e+00, 4.149e-02, 2.603e+00, -4.400e+00, -4.135e+00, -4.101e+00, -4.900e+00, -5.078e+00, nan, -0.000e+00
4.500e-01, 3.000e+03, 1.000e+00, 3.200e+00, 1.000e+00, 4.500e+00, -3.907e+00, 3.408e-02, 2.673e+00, -4.330e+00, -4.064e+00, -4.029e+00, -4.751e+00, -5.028e+00, nan, -0.000e+00
4.500e-01, 3.000e+03, 1.000e+00, 3.300e+00, 1.000e+00, 4.500e+00, -3.848e+00, 2.354e-02, 2.743e+00, -4.262e+00, -3.994e+00, -3.958e+00, -4.613e+00, -4.980e+00, nan, -0.000e+00
4.500e-01, 3.000e+03, 1.000e+00, 3.400e+00, 1.000e+00, 4.500e+00, -3.766e+00, 4.228e-02, 2.812e+00, -4.193e+00, -3.925e+00, -3.887e+00, -4.485e+00, -4.934e+00, nan, -0.000e+00
4.500e-01, 3.000e+03, 1.000e+00, 3.500e+00, 1.000e+00, 4.500e+00, -3.711e+00, 2.919e-02, 2.881e+00, -4.125e+00, -3.856e+00, -3.818e+00, -4.364e+00, -4.889e+00, nan, -0.000e+00
4.500e-01, 3.000e+03, 1.000e+00, 3.600e+00, 1.000e+00, 4.500e+00, -3.582e+00, 3.769e-02, 2.949e+00, -4.057e+00, -3.788e+00, -3.749e+00, -4.251e+00, -4.846e+00, nan, -0.000e+00
4.500e-01, 3.000e+03, 1.000e+00, 3.700e+00, 1.000e+00, 4.500e+00, -3.593e+00, 2.143e-02, 3.017e+00, -3.989e+00, -3.720e+00, -3.681e+00, -4.143e+00, -4.803e+00, nan, -0.000e+00
4.500e-01, 3.000e+03, 1.000e+00, 3.800e+00, 1.000e+00, 4.500e+00, -3.495e+00, 2.541e-02, 3.085e+00, -3.922e+00, -3.653e+00, -3.613e+00, -4.041e+00, -4.762e+00, nan, -0.000e+00
4.500e-01, 3.000e+03, 1.000e+00, 3.900e+00, 1.000e+00, 4.500e+00, -3.384e+00, 4.268e-02, 3.152e+00, -3.854e+00, -3.587e+00, -3.546e+00, -3.944e+00, -4.722e+00, nan, -0.000e+00
4.500e-01, 3.000e+03, 1.000e+00, 4.000e+00, 1.000e+00, 4.500e+00, -3.370e+00, 3.231e-02, 3.218e+00, -3.788e+00, -3.521e+00, -3.480e+00, -3.850e+00, -4.683e+00, nan, -0.000e+00
5.000e-01, 3.000e+03, 1.000e+00, 1.300e+00, 1.000e+00, 4.500e+00, -5.722e+00, 4.677e-02, 1.749e+00, -5.562e+00, -5.904e+00, -6.057e+00, -8.686e+00, -7.691e+00, nan, -0.000e+00
5.000e-01, 3.000e+03, 1.000e+00, 1.400e+00, 1.000e+00, 4.500e+00, -5.606e+00, 4.451e-02, 1.861e+00, -5.634e+00, -5.782e+00, -5.885e+00, -2.780e+00, -7.436e+00, nan, -0.000e+00
5.000e-01, 3.000e+03, 1.000e+00, 1.500e+00, 1.000e+00, 4.500e+00, -5.509e+00, 3.637e-02, 1.971e+00, -5.667e+00, -5.664e+00, -5.732e+00, -5.663e+00, -7.221e+00, nan, -0.000e+00
5.000e-01, 3.000e+03, 1.000e+00, 1.600e+00, 1.000e+00, 4.500e+00, -5.399e+00, 3.363e-02, 2.080e+00, -5.673e+00, -5.549e+00, -5.592e+00, -8.474e+00, -7.034e+00, nan, -0.000e+00
5.000e-01, 3.000e+03, 1.000e+00, 1.700e+00, 1.000e+00, 4.500e+00, -5.286e+00, 3.572e-02, 2.186e+00, -5.659e+00, -5.437e+00, -5.461e+00, -9.995e+00, -6.872e+00, nan, -0.000e+00
5.000e-01, 3.000e+03, 1.000e+00, 1.800e+00, 1.000e+00, 4.500e+00, -5.146e+00, 3.957e-02, 2.291e+00, -5.629e+00, -5.327e+00, -5.338e+00, -1.051e+01, -6.728e+00, nan, -0.000e+00
5.000e-01, 3.000e+03, 1.000e+00, 1.900e+00, 1.000e+00, 4.500e+00, -5.069e+00, 4.083e-02, 2.395e+00, -5.587e+00, -5.219e+00, -5.219e+00, -1.041e+01, -6.598e+00, nan, -0.000e+00
5.000e-01, 3.000e+03, 1.000e+00, 2.000e+00, 1.000e+00, 4.500e+00, -4.927e+00, 4.160e-02, 2.497e+00, -5.535e+00, -5.114e+00, -5.106e+00, -1.001e+01, -6.482e+00, nan, -0.000e+00
5.000e-01, 3.000e+03, 1.000e+00, 2.100e+00, 1.000e+00, 4.500e+00, -4.829e+00, 5.192e-02, 2.598e+00, -5.477e+00, -5.011e+00, -4.996e+00, -9.477e+00, -6.375e+00, nan, -0.000e+00
5.000e-01, 3.000e+03, 1.000e+00, 2.200e+00, 1.000e+00, 4.500e+00, -4.735e+00, 4.983e-02, 2.698e+00, -5.414e+00, -4.909e+00, -4.889e+00, -8.907e+00, -6.278e+00, nan, -0.000e+00
5.000e-01, 3.000e+03, 1.000e+00, 2.300e+00, 1.000e+00, 4.500e+00, -4.636e+00, 3.562e-02, 2.796e+00, -5.345e+00, -4.809e+00, -4.785e+00, -8.352e+00, -6.187e+00, nan, -0.000e+00
5.000e-01, 3.000e+03, 1.000e+00, 2.400e+00, 1.000e+00, 4.500e+00, -4.543e+00, 3.489e-02, 2.894e+00, -5.274e+00, -4.711e+00, -4.683e+00, -7.835e+00, -6.103e+00, nan, -0.000e+00
5.000e-01, 3.000e+03, 1.000e+00, 2.500e+00, 1.000e+00, 4.500e+00, -4.424e+00, 4.154e-02, 2.990e+00, -5.200e+00, -4.615e+00, -4.583e+00, -7.364e+00, -6.025e+00, nan, -0.000e+00
5.000e-01, 3.000e+03, 1.000e+00, 2.600e+00, 1.000e+00, 4.500e+00, -4.364e+00, 3.122e-02, 3.085e+00, -5.124e+00, -4.519e+00, -4.485e+00, -6.940e+00, -5.951e+00, nan, -0.000e+00
5.000e-01, 3.000e+03, 1.000e+00, 2.700e+00, 1.000e+00, 4.500e+00, -4.260e+00, 6.816e-02, 3.179e+00, -5.046e+00, -4.425e+00, -4.389e+00, -6.561e+00, -5.881e+00, nan, -0.000e+00
5.000e-01, 3.000e+03, 1.000e+00, 2.800e+00, 1.000e+00, 4.500e+00, -4.174e+00, 4.628e-02, 3.273e+00, -4.967e+00, -4.333e+00, -4.294e+00, -6.222e+00, -5.814e+00, nan, -0.000e+00
5.000e-01, 3.000e+03, 1.000e+00, 2.900e+00, 1.000e+00, 4.500e+00, -4.059e+00, 5.409e-02, 3.365e+00, -4.887e+00, -4.241e+00, -4.201e+00, -5.917e+00, -5.751e+00, nan, -0.000e+00
5.000e-01, 3.000e+03, 1.000e+00, 3.000e+00, 1.000e+00, 4.500e+00, -3.970e+00, 4.166e-02, 3.456e+00, -4.806e+00, -4.151e+00, -4.109e+00, -5.643e+00, -5.691e+00, nan, -0.000e+00
5.000e-01, 3.000e+03, 1.000e+00, 3.100e+00, 1.000e+00, 4.500e+00, -3.894e+00, 6.555e-02, 3.547e+00, -4.725e+00, -4.062e+00, -4.018e+00, -5.396e+00, -5.633e+00, nan, -0.000e+00
5.000e-01, 3.000e+03, 1.000e+00, 3.200e+00, 1.000e+00, 4.500e+00, -3.818e+00, 5.764e-02, 3.637e+00, -4.644e+00, -3.974e+00, -3.929e+00, -5.170e+00, -5.577e+00, nan, -0.000e+00
5.000e-01, 3.000e+03, 1.000e+00, 3.300e+00, 1.000e+00, 4.500e+00, -3.733e+00, 4.269e-02, 3.726e+00, -4.562e+00, -3.886e+00, -3.840e+00, -4.964e+00, -5.524e+00, nan, -0.000e+00
5.000e-01, 3.000e+03, 1.000e+00, 3.400e+00, 1.000e+00, 4.500e+00, -3.629e+00, 6.682e-02, 3.814e+00, -4.480e+00, -3.800e+00, -3.753e+00, -4.775e+00, -5.472e+00, nan, -0.000e+00
5.000e-01, 3.000e+03, 1.000e+00, 3.500e+00, 1.000e+00, 4.500e+00, -3.511e+00, 4.913e-02, 3.902e+00, -4.398e+00, -3.715e+00, -3.666e+00, -4.599e+00, -5.422e+00, nan, -0.000e+00
5.000e-01, 3.000e+03, 1.000e+00, 3.600e+00, 1.000e+00, 4.500e+00, -3.460e+00, 5.631e-02, 3.989e+00, -4.316e+00, -3.630e+00, -3.581e+00, -4.435e+00, -5.373e+00, nan, -0.000e+00
5.000e-01, 3.000e+03, 1.000e+00, 3.700e+00, 1.000e+00, 4.500e+00, -3.369e+00, 8.060e-02, 4.075e+00, -4.235e+00, -3.547e+00, -3.496e+00, -4.282e+00, -5.326e+00, nan, -0.000e+00
5.000e-01, 3.000e+03, 1.000e+00, 3.800e+00, 1.000e+00, 4.500e+00, -3.311e+00, 5.374e-02, 4.160e+00, -4.153e+00, -3.464e+00, -3.412e+00, -4.138e+00, -5.280e+00, nan, -0.000e+00
5.000e-01, 3.000e+03, 1.000e+00, 3.900e+00, 1.000e+00, 4.500e+00, -3.216e+00, 5.605e-02, 4.245e+00, -4.072e+00, -3.381e+00, -3.329e+00, -4.002e+00, -5.235e+00, nan, -0.000e+00
5.000e-01, 3.000e+03, 1.000e+00, 4.000e+00, 1.000e+00, 4.500e+00, -3.116e+00, 5.782e-02, 4.330e+00, -3.990e+00, -3.300e+00, -3.247e+00, -3.872e+00, -5.191e+00, nan, -0.000e+00
