pf, N, m, T, sigma, cut, viscosity, error, enskog_F-CS, enskog_F-kolafa, enskog_F-thol, enskog_F-mecke, enskog_F-gottschalk, enskog_F-hess, enskog_RDF_LJ
1.500e-01, 3.000e+03, 1.000e+00, 1.300e+00, 1.000e+00, 4.500e+00, 2.705e-01, 1.692e-03, 4.017e-01, 3.263e-01, 3.991e-01, 3.810e-01, 3.321e-01, 3.091e-01, 3.190e-01
2.000e-01, 3.000e+03, 1.000e+00, 1.300e+00, 1.000e+00, 4.500e+00, 3.780e-01, 2.604e-03, 6.357e-01, 4.616e-01, 5.464e-01, 5.835e-01, 4.295e-01, 4.270e-01, 4.127e-01
2.500e-01, 3.000e+03, 1.000e+00, 1.300e+00, 1.000e+00, 4.500e+00, 5.246e-01, 4.471e-03, 9.635e-01, 6.213e-01, 7.211e-01, 8.596e-01, 5.160e-01, 6.191e-01, 5.424e-01
3.000e-01, 3.000e+03, 1.000e+00, 1.300e+00, 1.000e+00, 4.500e+00, 7.174e-01, 7.668e-03, 1.427e+00, 8.178e-01, 9.489e-01, 1.253e+00, 6.387e-01, 9.625e-01, 7.209e-01
3.500e-01, 3.000e+03, 1.000e+00, 1.300e+00, 1.000e+00, 4.500e+00, 1.036e+00, 1.489e-02, 2.088e+00, 1.080e+00, 1.272e+00, 1.831e+00, 8.657e-01, 1.570e+00, 9.668e-01
4.000e-01, 3.000e+03, 1.000e+00, 1.300e+00, 1.000e+00, 4.500e+00, 1.589e+00, 3.320e-02, 3.045e+00, 1.460e+00, 1.761e+00, 2.695e+00, 1.274e+00, 2.631e+00, 1.308e+00
4.500e-01, 3.000e+03, 1.000e+00, 1.300e+00, 1.000e+00, 4.500e+00, 2.520e+00, 7.857e-02, 4.455e+00, 2.033e+00, 2.510e+00, 3.989e+00, 1.959e+00, 4.487e+00, 1.789e+00
5.000e-01, 3.000e+03, 1.000e+00, 1.300e+00, 1.000e+00, 4.500e+00, 4.426e+00, 2.356e-01, 6.584e+00, 2.886e+00, 3.643e+00, 5.927e+00, 3.048e+00, 7.799e+00, 2.479e+00
1.500e-01, 3.000e+03, 1.000e+00, 1.400e+00, 1.000e+00, 4.500e+00, 2.879e-01, 1.711e-03, 4.222e-01, 3.336e-01, 3.870e-01, 3.934e-01, 3.375e-01, 3.207e-01, 3.311e-01
2.000e-01, 3.000e+03, 1.000e+00, 1.400e+00, 1.000e+00, 4.500e+00, 3.805e-01, 2.622e-03, 6.715e-01, 4.685e-01, 5.406e-01, 6.046e-01, 4.374e-01, 4.467e-01, 4.283e-01
2.500e-01, 3.000e+03, 1.000e+00, 1.400e+00, 1.000e+00, 4.500e+00, 5.400e-01, 4.727e-03, 1.022e+00, 6.279e-01, 7.187e-01, 8.956e-01, 5.345e-01, 6.499e-01, 5.629e-01
3.000e-01, 3.000e+03, 1.000e+00, 1.400e+00, 1.000e+00, 4.500e+00, 7.214e-01, 7.680e-03, 1.518e+00, 8.254e-01, 9.465e-01, 1.313e+00, 6.752e-01, 1.007e+00, 7.481e-01
3.500e-01, 3.000e+03, 1.000e+00, 1.400e+00, 1.000e+00, 4.500e+00, 1.068e+00, 1.577e-02, 2.226e+00, 1.090e+00, 1.268e+00, 1.926e+00, 9.259e-01, 1.632e+00, 1.003e+00
4.000e-01, 3.000e+03, 1.000e+00, 1.400e+00, 1.000e+00, 4.500e+00, 1.553e+00, 3.161e-02, 3.250e+00, 1.477e+00, 1.754e+00, 2.843e+00, 1.364e+00, 2.711e+00, 1.358e+00
4.500e-01, 3.000e+03, 1.000e+00, 1.400e+00, 1.000e+00, 4.500e+00, 2.516e+00, 7.885e-02, 4.757e+00, 2.064e+00, 2.494e+00, 4.215e+00, 2.087e+00, 4.581e+00, 1.857e+00
5.000e-01, 3.000e+03, 1.000e+00, 1.400e+00, 1.000e+00, 4.500e+00, 4.360e+00, 2.271e-01, 7.026e+00, 2.947e+00, 3.611e+00, 6.271e+00, 3.225e+00, 7.879e+00, 2.572e+00
1.500e-01, 3.000e+03, 1.000e+00, 1.500e+00, 1.000e+00, 4.500e+00, 3.040e-01, 1.869e-03, 4.427e-01, 3.421e-01, 3.903e-01, 4.077e-01, 3.440e-01, 3.322e-01, 3.427e-01
2.000e-01, 3.000e+03, 1.000e+00, 1.500e+00, 1.000e+00, 4.500e+00, 4.060e-01, 2.921e-03, 7.072e-01, 4.781e-01, 5.439e-01, 6.293e-01, 4.477e-01, 4.663e-01, 4.433e-01
2.500e-01, 3.000e+03, 1.000e+00, 1.500e+00, 1.000e+00, 4.500e+00, 5.344e-01, 4.662e-03, 1.080e+00, 6.391e-01, 7.225e-01, 9.374e-01, 5.546e-01, 6.804e-01, 5.826e-01
3.000e-01, 3.000e+03, 1.000e+00, 1.500e+00, 1.000e+00, 4.500e+00, 7.120e-01, 7.543e-03, 1.609e+00, 8.397e-01, 9.516e-01, 1.381e+00, 7.101e-01, 1.051e+00, 7.744e-01
3.500e-01, 3.000e+03, 1.000e+00, 1.500e+00, 1.000e+00, 4.500e+00, 1.056e+00, 1.537e-02, 2.364e+00, 1.110e+00, 1.274e+00, 2.033e+00, 9.782e-01, 1.693e+00, 1.039e+00
4.000e-01, 3.000e+03, 1.000e+00, 1.500e+00, 1.000e+00, 4.500e+00, 1.585e+00, 3.298e-02, 3.456e+00, 1.507e+00, 1.758e+00, 3.007e+00, 1.436e+00, 2.790e+00, 1.405e+00
4.500e-01, 3.000e+03, 1.000e+00, 1.500e+00, 1.000e+00, 4.500e+00, 2.499e+00, 7.814e-02, 5.059e+00, 2.111e+00, 2.492e+00, 4.461e+00, 2.181e+00, 4.672e+00, 1.922e+00
1.500e-01, 3.000e+03, 1.000e+00, 1.600e+00, 1.000e+00, 4.500e+00, 3.103e-01, 1.935e-03, 4.629e-01, 3.513e-01, 3.959e-01, 4.231e-01, 3.513e-01, 3.437e-01, 3.539e-01
2.000e-01, 3.000e+03, 1.000e+00, 1.600e+00, 1.000e+00, 4.500e+00, 4.217e-01, 3.163e-03, 7.429e-01, 4.892e-01, 5.505e-01, 6.566e-01, 4.593e-01, 4.857e-01, 4.578e-01
2.500e-01, 3.000e+03, 1.000e+00, 1.600e+00, 1.000e+00, 4.500e+00, 5.636e-01, 5.074e-03, 1.139e+00, 6.530e-01, 7.307e-01, 9.833e-01, 5.755e-01, 7.106e-01, 6.017e-01
3.500e-01, 3.000e+03, 1.000e+00, 1.600e+00, 1.000e+00, 4.500e+00, 1.013e+00, 1.425e-02, 2.503e+00, 1.137e+00, 1.286e+00, 2.149e+00, 1.027e+00, 1.752e+00, 1.073e+00
4.000e-01, 3.000e+03, 1.000e+00, 1.600e+00, 1.000e+00, 4.500e+00, 1.628e+00, 3.450e-02, 3.662e+00, 1.546e+00, 1.770e+00, 3.181e+00, 1.501e+00, 2.866e+00, 1.451e+00
4.500e-01, 3.000e+03, 1.000e+00, 1.600e+00, 1.000e+00, 4.500e+00, 2.394e+00, 7.173e-02, 5.362e+00, 2.172e+00, 2.501e+00, 4.720e+00, 2.262e+00, 4.761e+00, 1.985e+00
5.000e-01, 3.000e+03, 1.000e+00, 1.600e+00, 1.000e+00, 4.500e+00, 3.869e+00, 1.783e-01, 7.908e+00, 3.128e+00, 3.598e+00, 7.021e+00, 3.439e+00, 8.036e+00, 2.750e+00
1.500e-01, 3.000e+03, 1.000e+00, 1.700e+00, 1.000e+00, 4.500e+00, 3.254e-01, 2.139e-03, 4.831e-01, 3.608e-01, 4.029e-01, 4.395e-01, 3.590e-01, 3.552e-01, 3.648e-01
2.000e-01, 3.000e+03, 1.000e+00, 1.700e+00, 1.000e+00, 4.500e+00, 4.308e-01, 3.302e-03, 7.785e-01, 5.014e-01, 5.593e-01, 6.856e-01, 4.717e-01, 5.050e-01, 4.719e-01
2.500e-01, 3.000e+03, 1.000e+00, 1.700e+00, 1.000e+00, 4.500e+00, 5.650e-01, 5.121e-03, 1.197e+00, 6.688e-01, 7.418e-01, 1.032e+00, 5.970e-01, 7.406e-01, 6.203e-01
3.000e-01, 3.000e+03, 1.000e+00, 1.700e+00, 1.000e+00, 4.500e+00, 7.616e-01, 8.618e-03, 1.792e+00, 8.800e-01, 9.759e-01, 1.534e+00, 7.776e-01, 1.138e+00, 8.244e-01
3.500e-01, 3.000e+03, 1.000e+00, 1.700e+00, 1.000e+00, 4.500e+00, 1.076e+00, 1.617e-02, 2.642e+00, 1.168e+00, 1.303e+00, 2.270e+00, 1.074e+00, 1.811e+00, 1.106e+00
4.000e-01, 3.000e+03, 1.000e+00, 1.700e+00, 1.000e+00, 4.500e+00, 1.629e+00, 3.467e-02, 3.869e+00, 1.591e+00, 1.788e+00, 3.363e+00, 1.562e+00, 2.942e+00, 1.496e+00
4.500e-01, 3.000e+03, 1.000e+00, 1.700e+00, 1.000e+00, 4.500e+00, 2.477e+00, 7.580e-02, 5.665e+00, 2.240e+00, 2.517e+00, 4.990e+00, 2.338e+00, 4.848e+00, 2.046e+00
5.000e-01, 3.000e+03, 1.000e+00, 1.700e+00, 1.000e+00, 4.500e+00, 3.940e+00, 1.867e-01, 8.349e+00, 3.238e+00, 3.608e+00, 7.417e+00, 3.527e+00, 8.114e+00, 2.834e+00
1.500e-01, 3.000e+03, 1.000e+00, 1.800e+00, 1.000e+00, 4.500e+00, 3.381e-01, 2.258e-03, 5.033e-01, 3.704e-01, 4.108e-01, 4.566e-01, 3.671e-01, 3.666e-01, 3.754e-01
2.000e-01, 3.000e+03, 1.000e+00, 1.800e+00, 1.000e+00, 4.500e+00, 4.355e-01, 3.370e-03, 8.142e-01, 5.141e-01, 5.696e-01, 7.161e-01, 4.848e-01, 5.243e-01, 4.856e-01
2.500e-01, 3.000e+03, 1.000e+00, 1.800e+00, 1.000e+00, 4.500e+00, 5.649e-01, 5.209e-03, 1.256e+00, 6.857e-01, 7.551e-01, 1.084e+00, 6.188e-01, 7.704e-01, 6.382e-01
3.000e-01, 3.000e+03, 1.000e+00, 1.800e+00, 1.000e+00, 4.500e+00, 7.844e-01, 9.185e-03, 1.884e+00, 9.036e-01, 9.926e-01, 1.616e+00, 8.110e-01, 1.181e+00, 8.483e-01
3.500e-01, 3.000e+03, 1.000e+00, 1.800e+00, 1.000e+00, 4.500e+00, 1.077e+00, 1.631e-02, 2.782e+00, 1.202e+00, 1.323e+00, 2.396e+00, 1.120e+00, 1.870e+00, 1.138e+00
4.000e-01, 3.000e+03, 1.000e+00, 1.800e+00, 1.000e+00, 4.500e+00, 1.573e+00, 3.232e-02, 4.076e+00, 1.641e+00, 1.810e+00, 3.552e+00, 1.622e+00, 3.017e+00, 1.539e+00
4.500e-01, 3.000e+03, 1.000e+00, 1.800e+00, 1.000e+00, 4.500e+00, 2.338e+00, 6.715e-02, 5.969e+00, 2.316e+00, 2.539e+00, 5.268e+00, 2.410e+00, 4.935e+00, 2.105e+00
5.000e-01, 3.000e+03, 1.000e+00, 1.800e+00, 1.000e+00, 4.500e+00, 3.800e+00, 1.714e-01, 8.789e+00, 3.355e+00, 3.626e+00, 7.824e+00, 3.609e+00, 8.192e+00, 2.917e+00
1.500e-01, 3.000e+03, 1.000e+00, 1.900e+00, 1.000e+00, 4.500e+00, 3.480e-01, 2.399e-03, 5.233e-01, 3.800e-01, 4.194e-01, 4.742e-01, 3.755e-01, 3.780e-01, 3.857e-01
2.000e-01, 3.000e+03, 1.000e+00, 1.900e+00, 1.000e+00, 4.500e+00, 4.400e-01, 3.460e-03, 8.499e-01, 5.271e-01, 5.810e-01, 7.477e-01, 4.984e-01, 5.435e-01, 4.989e-01
2.500e-01, 3.000e+03, 1.000e+00, 1.900e+00, 1.000e+00, 4.500e+00, 5.820e-01, 5.467e-03, 1.315e+00, 7.034e-01, 7.698e-01, 1.137e+00, 6.410e-01, 8.002e-01, 6.557e-01
3.000e-01, 3.000e+03, 1.000e+00, 1.900e+00, 1.000e+00, 4.500e+00, 8.000e-01, 9.510e-03, 1.976e+00, 9.286e-01, 1.011e+00, 1.700e+00, 8.443e-01, 1.224e+00, 8.715e-01
3.500e-01, 3.000e+03, 1.000e+00, 1.900e+00, 1.000e+00, 4.500e+00, 1.117e+00, 1.725e-02, 2.922e+00, 1.238e+00, 1.345e+00, 2.526e+00, 1.166e+00, 1.928e+00, 1.169e+00
4.000e-01, 3.000e+03, 1.000e+00, 1.900e+00, 1.000e+00, 4.500e+00, 1.558e+00, 3.205e-02, 4.284e+00, 1.695e+00, 1.836e+00, 3.745e+00, 1.680e+00, 3.092e+00, 1.582e+00
4.500e-01, 3.000e+03, 1.000e+00, 1.900e+00, 1.000e+00, 4.500e+00, 2.390e+00, 7.095e-02, 6.273e+00, 2.395e+00, 2.566e+00, 5.553e+00, 2.480e+00, 5.022e+00, 2.163e+00
5.000e-01, 3.000e+03, 1.000e+00, 1.900e+00, 1.000e+00, 4.500e+00, 3.657e+00, 1.616e-01, 9.230e+00, 3.478e+00, 3.649e+00, 8.237e+00, 3.689e+00, 8.271e+00, 2.996e+00
1.500e-01, 3.000e+03, 1.000e+00, 2.000e+00, 1.000e+00, 4.500e+00, 3.504e-01, 2.389e-03, 5.433e-01, 3.896e-01, 4.283e-01, 4.921e-01, 3.841e-01, 3.894e-01, 3.957e-01
2.000e-01, 3.000e+03, 1.000e+00, 2.000e+00, 1.000e+00, 4.500e+00, 4.474e-01, 3.498e-03, 8.856e-01, 5.402e-01, 5.930e-01, 7.802e-01, 5.123e-01, 5.628e-01, 5.119e-01
2.500e-01, 3.000e+03, 1.000e+00, 2.000e+00, 1.000e+00, 4.500e+00, 6.204e-01, 6.142e-03, 1.374e+00, 7.216e-01, 7.855e-01, 1.191e+00, 6.635e-01, 8.300e-01, 6.728e-01
3.000e-01, 3.000e+03, 1.000e+00, 2.000e+00, 1.000e+00, 4.500e+00, nan, nan, 2.069e+00, 9.544e-01, 1.031e+00, 1.787e+00, 8.777e-01, 1.267e+00, 8.942e-01
3.500e-01, 3.000e+03, 1.000e+00, 2.000e+00, 1.000e+00, 4.500e+00, 1.061e+00, 1.581e-02, 3.063e+00, 1.276e+00, 1.370e+00, 2.658e+00, 1.212e+00, 1.986e+00, 1.199e+00
4.000e-01, 3.000e+03, 1.000e+00, 2.000e+00, 1.000e+00, 4.500e+00, 1.518e+00, 3.020e-02, 4.493e+00, 1.750e+00, 1.864e+00, 3.943e+00, 1.738e+00, 3.166e+00, 1.623e+00
4.500e-01, 3.000e+03, 1.000e+00, 2.000e+00, 1.000e+00, 4.500e+00, 2.330e+00, 6.782e-02, 6.578e+00, 2.477e+00, 2.595e+00, 5.842e+00, 2.549e+00, 5.108e+00, 2.219e+00
5.000e-01, 3.000e+03, 1.000e+00, 2.000e+00, 1.000e+00, 4.500e+00, 3.635e+00, 1.587e-01, 9.670e+00, 3.604e+00, 3.677e+00, 8.656e+00, 3.768e+00, 8.352e+00, 3.074e+00
2.000e-01, 3.000e+03, 1.000e+00, 2.100e+00, 1.000e+00, 4.500e+00, 4.583e-01, 3.702e-03, 9.214e-01, 5.534e-01, 6.056e-01, 8.134e-01, 5.267e-01, 5.821e-01, 5.245e-01
2.500e-01, 3.000e+03, 1.000e+00, 2.100e+00, 1.000e+00, 4.500e+00, 5.710e-01, 5.239e-03, 1.433e+00, 7.400e-01, 8.019e-01, 1.247e+00, 6.863e-01, 8.598e-01, 6.894e-01
3.000e-01, 3.000e+03, 1.000e+00, 2.100e+00, 1.000e+00, 4.500e+00, 7.904e-01, 9.398e-03, 2.162e+00, 9.808e-01, 1.052e+00, 1.876e+00, 9.112e-01, 1.310e+00, 9.162e-01
3.500e-01, 3.000e+03, 1.000e+00, 2.100e+00, 1.000e+00, 4.500e+00, 1.081e+00, 1.622e-02, 3.204e+00, 1.314e+00, 1.395e+00, 2.793e+00, 1.257e+00, 2.044e+00, 1.229e+00
4.000e-01, 3.000e+03, 1.000e+00, 2.100e+00, 1.000e+00, 4.500e+00, 1.538e+00, 3.096e-02, 4.702e+00, 1.806e+00, 1.893e+00, 4.144e+00, 1.795e+00, 3.240e+00, 1.663e+00
4.500e-01, 3.000e+03, 1.000e+00, 2.100e+00, 1.000e+00, 4.500e+00, 2.360e+00, 6.915e-02, 6.883e+00, 2.561e+00, 2.627e+00, 6.135e+00, 2.618e+00, 5.194e+00, 2.274e+00
5.000e-01, 3.000e+03, 1.000e+00, 2.100e+00, 1.000e+00, 4.500e+00, 3.569e+00, 1.528e-01, 1.011e+01, 3.732e+00, 3.708e+00, 9.081e+00, 3.845e+00, 8.434e+00, 3.150e+00
1.500e-01, 3.000e+03, 1.000e+00, 2.200e+00, 1.000e+00, 4.500e+00, 3.627e-01, 2.588e-03, 5.833e-01, 4.084e-01, 4.469e-01, 5.290e-01, 4.020e-01, 4.123e-01, 4.150e-01
2.000e-01, 3.000e+03, 1.000e+00, 2.200e+00, 1.000e+00, 4.500e+00, 4.640e-01, 3.755e-03, 9.573e-01, 5.666e-01, 6.185e-01, 8.472e-01, 5.414e-01, 6.014e-01, 5.368e-01
2.500e-01, 3.000e+03, 1.000e+00, 2.200e+00, 1.000e+00, 4.500e+00, 6.238e-01, 6.244e-03, 1.492e+00, 7.586e-01, 8.188e-01, 1.304e+00, 7.094e-01, 8.896e-01, 7.056e-01
3.500e-01, 3.000e+03, 1.000e+00, 2.200e+00, 1.000e+00, 4.500e+00, 1.114e+00, 1.736e-02, 3.345e+00, 1.353e+00, 1.422e+00, 2.931e+00, 1.302e+00, 2.102e+00, 1.258e+00
4.000e-01, 3.000e+03, 1.000e+00, 2.200e+00, 1.000e+00, 4.500e+00, 1.525e+00, 3.041e-02, 4.912e+00, 1.864e+00, 1.924e+00, 4.347e+00, 1.852e+00, 3.314e+00, 1.702e+00
4.500e-01, 3.000e+03, 1.000e+00, 2.200e+00, 1.000e+00, 4.500e+00, 2.238e+00, 6.244e-02, 7.188e+00, 2.646e+00, 2.661e+00, 6.432e+00, 2.686e+00, 5.281e+00, 2.327e+00
5.000e-01, 3.000e+03, 1.000e+00, 2.200e+00, 1.000e+00, 4.500e+00, 3.678e+00, 1.625e-01, 1.055e+01, 3.862e+00, 3.741e+00, 9.509e+00, 3.921e+00, 8.517e+00, 3.224e+00
1.500e-01, 3.000e+03, 1.000e+00, 2.300e+00, 1.000e+00, 4.500e+00, 3.874e-01, 2.910e-03, 6.032e-01, 4.177e-01, 4.564e-01, 5.479e-01, 4.112e-01, 4.238e-01, 4.243e-01
2.000e-01, 3.000e+03, 1.000e+00, 2.300e+00, 1.000e+00, 4.500e+00, 4.921e-01, 4.228e-03, 9.931e-01, 5.798e-01, 6.316e-01, 8.815e-01, 5.563e-01, 6.208e-01, 5.489e-01
2.500e-01, 3.000e+03, 1.000e+00, 2.300e+00, 1.000e+00, 4.500e+00, 6.365e-01, 6.440e-03, 1.552e+00, 7.773e-01, 8.361e-01, 1.361e+00, 7.328e-01, 9.195e-01, 7.215e-01
3.000e-01, 3.000e+03, 1.000e+00, 2.300e+00, 1.000e+00, 4.500e+00, 8.227e-01, 1.001e-02, 2.349e+00, 1.034e+00, 1.095e+00, 2.057e+00, 9.789e-01, 1.396e+00, 9.589e-01
3.500e-01, 3.000e+03, 1.000e+00, 2.300e+00, 1.000e+00, 4.500e+00, 1.048e+00, 1.530e-02, 3.487e+00, 1.392e+00, 1.449e+00, 3.070e+00, 1.348e+00, 2.160e+00, 1.286e+00
4.000e-01, 3.000e+03, 1.000e+00, 2.300e+00, 1.000e+00, 4.500e+00, 1.552e+00, 3.139e-02, 5.122e+00, 1.921e+00, 1.956e+00, 4.553e+00, 1.910e+00, 3.388e+00, 1.740e+00
4.500e-01, 3.000e+03, 1.000e+00, 2.300e+00, 1.000e+00, 4.500e+00, 2.235e+00, 6.185e-02, 7.494e+00, 2.732e+00, 2.696e+00, 6.731e+00, 2.754e+00, 5.368e+00, 2.380e+00
5.000e-01, 3.000e+03, 1.000e+00, 2.300e+00, 1.000e+00, 4.500e+00, 3.217e+00, 1.228e-01, 1.099e+01, 3.993e+00, 3.776e+00, 9.940e+00, 3.998e+00, 8.603e+00, 3.297e+00
1.500e-01, 3.000e+03, 1.000e+00, 2.400e+00, 1.000e+00, 4.500e+00, 3.819e-01, 2.894e-03, 6.232e-01, 4.268e-01, 4.659e-01, 5.669e-01, 4.205e-01, 4.353e-01, 4.335e-01
2.000e-01, 3.000e+03, 1.000e+00, 2.400e+00, 1.000e+00, 4.500e+00, 4.819e-01, 4.059e-03, 1.029e+00, 5.929e-01, 6.448e-01, 9.162e-01, 5.716e-01, 6.402e-01, 5.607e-01
2.500e-01, 3.000e+03, 1.000e+00, 2.400e+00, 1.000e+00, 4.500e+00, 6.289e-01, 6.258e-03, 1.611e+00, 7.959e-01, 8.536e-01, 1.420e+00, 7.565e-01, 9.495e-01, 7.370e-01
3.000e-01, 3.000e+03, 1.000e+00, 2.400e+00, 1.000e+00, 4.500e+00, 8.261e-01, 9.999e-03, 2.443e+00, 1.061e+00, 1.118e+00, 2.149e+00, 1.013e+00, 1.439e+00, 9.795e-01
3.500e-01, 3.000e+03, 1.000e+00, 2.400e+00, 1.000e+00, 4.500e+00, 1.125e+00, 1.771e-02, 3.630e+00, 1.432e+00, 1.476e+00, 3.210e+00, 1.394e+00, 2.219e+00, 1.314e+00
4.000e-01, 3.000e+03, 1.000e+00, 2.400e+00, 1.000e+00, 4.500e+00, 1.642e+00, 3.547e-02, 5.333e+00, 1.980e+00, 1.988e+00, 4.761e+00, 1.967e+00, 3.463e+00, 1.778e+00
4.500e-01, 3.000e+03, 1.000e+00, 2.400e+00, 1.000e+00, 4.500e+00, 2.316e+00, 6.700e-02, 7.801e+00, 2.819e+00, 2.732e+00, 7.033e+00, 2.822e+00, 5.455e+00, 2.431e+00
5.000e-01, 3.000e+03, 1.000e+00, 2.400e+00, 1.000e+00, 4.500e+00, 3.486e+00, 1.454e-01, 1.143e+01, 4.124e+00, 3.813e+00, 1.037e+01, 4.074e+00, 8.689e+00, 3.368e+00
1.500e-01, 3.000e+03, 1.000e+00, 2.500e+00, 1.000e+00, 4.500e+00, 3.845e-01, 2.871e-03, 6.431e-01, 4.358e-01, 4.755e-01, 5.861e-01, 4.300e-01, 4.468e-01, 4.424e-01
2.000e-01, 3.000e+03, 1.000e+00, 2.500e+00, 1.000e+00, 4.500e+00, 5.074e-01, 4.524e-03, 1.065e+00, 6.058e-01, 6.581e-01, 9.513e-01, 5.872e-01, 6.598e-01, 5.723e-01
2.500e-01, 3.000e+03, 1.000e+00, 2.500e+00, 1.000e+00, 4.500e+00, 6.363e-01, 6.476e-03, 1.671e+00, 8.145e-01, 8.712e-01, 1.478e+00, 7.806e-01, 9.797e-01, 7.522e-01
3.000e-01, 3.000e+03, 1.000e+00, 2.500e+00, 1.000e+00, 4.500e+00, 8.222e-01, 9.992e-03, 2.537e+00, 1.088e+00, 1.140e+00, 2.242e+00, 1.048e+00, 1.482e+00, 9.997e-01
3.500e-01, 3.000e+03, 1.000e+00, 2.500e+00, 1.000e+00, 4.500e+00, 1.098e+00, 1.686e-02, 3.773e+00, 1.471e+00, 1.504e+00, 3.352e+00, 1.440e+00, 2.277e+00, 1.341e+00
4.000e-01, 3.000e+03, 1.000e+00, 2.500e+00, 1.000e+00, 4.500e+00, 1.522e+00, 3.019e-02, 5.544e+00, 2.038e+00, 2.021e+00, 4.970e+00, 2.025e+00, 3.537e+00, 1.814e+00
4.500e-01, 3.000e+03, 1.000e+00, 2.500e+00, 1.000e+00, 4.500e+00, 2.208e+00, 6.104e-02, 8.108e+00, 2.905e+00, 2.768e+00, 7.337e+00, 2.891e+00, 5.543e+00, 2.481e+00
5.000e-01, 3.000e+03, 1.000e+00, 2.500e+00, 1.000e+00, 4.500e+00, 3.306e+00, 1.291e-01, 1.187e+01, 4.254e+00, 3.851e+00, 1.081e+01, 4.152e+00, 8.778e+00, 3.437e+00
1.500e-01, 3.000e+03, 1.000e+00, 2.600e+00, 1.000e+00, 4.500e+00, 3.982e-01, 3.102e-03, 6.630e-01, 4.447e-01, 4.851e-01, 6.054e-01, 4.397e-01, 4.584e-01, 4.512e-01
2.000e-01, 3.000e+03, 1.000e+00, 2.600e+00, 1.000e+00, 4.500e+00, 4.839e-01, 4.120e-03, 1.101e+00, 6.187e-01, 6.714e-01, 9.867e-01, 6.030e-01, 6.794e-01, 5.836e-01
2.500e-01, 3.000e+03, 1.000e+00, 2.600e+00, 1.000e+00, 4.500e+00, 6.315e-01, 6.359e-03, 1.731e+00, 8.330e-01, 8.889e-01, 1.538e+00, 8.050e-01, 1.010e+00, 7.671e-01
3.000e-01, 3.000e+03, 1.000e+00, 2.600e+00, 1.000e+00, 4.500e+00, 8.517e-01, 1.061e-02, 2.632e+00, 1.115e+00, 1.163e+00, 2.337e+00, 1.082e+00, 1.525e+00, 1.019e+00
3.500e-01, 3.000e+03, 1.000e+00, 2.600e+00, 1.000e+00, 4.500e+00, 1.084e+00, 1.627e-02, 3.916e+00, 1.511e+00, 1.532e+00, 3.495e+00, 1.486e+00, 2.336e+00, 1.367e+00
4.000e-01, 3.000e+03, 1.000e+00, 2.600e+00, 1.000e+00, 4.500e+00, 1.618e+00, 3.389e-02, 5.756e+00, 2.095e+00, 2.054e+00, 5.181e+00, 2.083e+00, 3.612e+00, 1.850e+00
4.500e-01, 3.000e+03, 1.000e+00, 2.600e+00, 1.000e+00, 4.500e+00, 2.204e+00, 6.124e-02, 8.415e+00, 2.990e+00, 2.805e+00, 7.642e+00, 2.961e+00, 5.632e+00, 2.530e+00
5.000e-01, 3.000e+03, 1.000e+00, 2.600e+00, 1.000e+00, 4.500e+00, 3.440e+00, 1.417e-01, 1.231e+01, 4.383e+00, 3.889e+00, 1.125e+01, 4.230e+00, 8.868e+00, 3.505e+00
1.500e-01, 3.000e+03, 1.000e+00, 2.700e+00, 1.000e+00, 4.500e+00, 4.289e-01, 3.534e-03, 6.830e-01, 4.534e-01, 4.946e-01, 6.249e-01, 4.495e-01, 4.701e-01, 4.598e-01
2.000e-01, 3.000e+03, 1.000e+00, 2.700e+00, 1.000e+00, 4.500e+00, 5.072e-01, 4.539e-03, 1.137e+00, 6.314e-01, 6.847e-01, 1.022e+00, 6.191e-01, 6.992e-01, 5.947e-01
2.500e-01, 3.000e+03, 1.000e+00, 2.700e+00, 1.000e+00, 4.500e+00, 6.451e-01, 6.611e-03, 1.792e+00, 8.513e-01, 9.065e-01, 1.598e+00, 8.296e-01, 1.040e+00, 7.817e-01
3.000e-01, 3.000e+03, 1.000e+00, 2.700e+00, 1.000e+00, 4.500e+00, 8.344e-01, 1.027e-02, 2.727e+00, 1.142e+00, 1.185e+00, 2.431e+00, 1.118e+00, 1.569e+00, 1.039e+00
3.500e-01, 3.000e+03, 1.000e+00, 2.700e+00, 1.000e+00, 4.500e+00, 1.152e+00, 1.830e-02, 4.060e+00, 1.550e+00, 1.560e+00, 3.638e+00, 1.533e+00, 2.395e+00, 1.393e+00
4.000e-01, 3.000e+03, 1.000e+00, 2.700e+00, 1.000e+00, 4.500e+00, 1.580e+00, 3.297e-02, 5.968e+00, 2.153e+00, 2.087e+00, 5.393e+00, 2.142e+00, 3.687e+00, 1.885e+00
4.500e-01, 3.000e+03, 1.000e+00, 2.700e+00, 1.000e+00, 4.500e+00, 2.194e+00, 6.017e-02, 8.723e+00, 3.076e+00, 2.842e+00, 7.949e+00, 3.031e+00, 5.721e+00, 2.578e+00
5.000e-01, 3.000e+03, 1.000e+00, 2.700e+00, 1.000e+00, 4.500e+00, 3.117e+00, 1.152e-01, 1.275e+01, 4.512e+00, 3.928e+00, 1.169e+01, 4.309e+00, 8.960e+00, 3.572e+00
1.500e-01, 3.000e+03, 1.000e+00, 2.800e+00, 1.000e+00, 4.500e+00, 4.231e-01, 3.445e-03, 7.029e-01, 4.621e-01, 5.040e-01, 6.445e-01, 4.594e-01, 4.818e-01, 4.682e-01
2.000e-01, 3.000e+03, 1.000e+00, 2.800e+00, 1.000e+00, 4.500e+00, 5.113e-01, 4.531e-03, 1.174e+00, 6.441e-01, 6.980e-01, 1.058e+00, 6.354e-01, 7.190e-01, 6.056e-01
2.500e-01, 3.000e+03, 1.000e+00, 2.800e+00, 1.000e+00, 4.500e+00, 6.520e-01, 6.746e-03, 1.852e+00, 8.696e-01, 9.241e-01, 1.658e+00, 8.546e-01, 1.071e+00, 7.960e-01
3.000e-01, 3.000e+03, 1.000e+00, 2.800e+00, 1.000e+00, 4.500e+00, 8.223e-01, 9.999e-03, 2.822e+00, 1.168e+00, 1.208e+00, 2.527e+00, 1.153e+00, 1.613e+00, 1.058e+00
3.500e-01, 3.000e+03, 1.000e+00, 2.800e+00, 1.000e+00, 4.500e+00, 1.145e+00, 1.817e-02, 4.204e+00, 1.589e+00, 1.588e+00, 3.783e+00, 1.580e+00, 2.454e+00, 1.419e+00
4.000e-01, 3.000e+03, 1.000e+00, 2.800e+00, 1.000e+00, 4.500e+00, 1.656e+00, 3.571e-02, 6.181e+00, 2.210e+00, 2.120e+00, 5.606e+00, 2.201e+00, 3.763e+00, 1.920e+00
4.500e-01, 3.000e+03, 1.000e+00, 2.800e+00, 1.000e+00, 4.500e+00, 2.141e+00, 5.672e-02, 9.031e+00, 3.160e+00, 2.879e+00, 8.258e+00, 3.101e+00, 5.811e+00, 2.626e+00
5.000e-01, 3.000e+03, 1.000e+00, 2.800e+00, 1.000e+00, 4.500e+00, 3.233e+00, 1.249e-01, 1.319e+01, 4.639e+00, 3.967e+00, 1.213e+01, 4.389e+00, 9.054e+00, 3.638e+00
1.500e-01, 3.000e+03, 1.000e+00, 2.900e+00, 1.000e+00, 4.500e+00, 4.207e-01, 3.453e-03, 7.229e-01, 4.706e-01, 5.134e-01, 6.642e-01, 4.695e-01, 4.936e-01, 4.765e-01
2.000e-01, 3.000e+03, 1.000e+00, 2.900e+00, 1.000e+00, 4.500e+00, 5.344e-01, 4.958e-03, 1.210e+00, 6.565e-01, 7.111e-01, 1.095e+00, 6.520e-01, 7.390e-01, 6.164e-01
2.500e-01, 3.000e+03, 1.000e+00, 2.900e+00, 1.000e+00, 4.500e+00, 6.670e-01, 7.101e-03, 1.913e+00, 8.876e-01, 9.417e-01, 1.719e+00, 8.800e-01, 1.102e+00, 8.101e-01
3.000e-01, 3.000e+03, 1.000e+00, 2.900e+00, 1.000e+00, 4.500e+00, 8.578e-01, 1.097e-02, 2.917e+00, 1.195e+00, 1.230e+00, 2.623e+00, 1.189e+00, 1.657e+00, 1.077e+00
3.500e-01, 3.000e+03, 1.000e+00, 2.900e+00, 1.000e+00, 4.500e+00, 1.179e+00, 1.915e-02, 4.349e+00, 1.627e+00, 1.615e+00, 3.929e+00, 1.628e+00, 2.514e+00, 1.444e+00
4.000e-01, 3.000e+03, 1.000e+00, 2.900e+00, 1.000e+00, 4.500e+00, 1.571e+00, 3.274e-02, 6.394e+00, 2.267e+00, 2.153e+00, 5.821e+00, 2.261e+00, 3.839e+00, 1.954e+00
4.500e-01, 3.000e+03, 1.000e+00, 2.900e+00, 1.000e+00, 4.500e+00, 2.273e+00, 6.424e-02, 9.340e+00, 3.244e+00, 2.916e+00, 8.567e+00, 3.173e+00, 5.902e+00, 2.672e+00
5.000e-01, 3.000e+03, 1.000e+00, 2.900e+00, 1.000e+00, 4.500e+00, 3.390e+00, 1.366e-01, 1.363e+01, 4.765e+00, 4.006e+00, 1.257e+01, 4.470e+00, 9.150e+00, 3.702e+00
1.500e-01, 3.000e+03, 1.000e+00, 3.000e+00, 1.000e+00, 4.500e+00, 4.472e-01, 3.857e-03, 7.429e-01, 4.790e-01, 5.228e-01, 6.840e-01, 4.797e-01, 5.054e-01, 4.846e-01
2.000e-01, 3.000e+03, 1.000e+00, 3.000e+00, 1.000e+00, 4.500e+00, 5.263e-01, 4.787e-03, 1.247e+00, 6.689e-01, 7.242e-01, 1.131e+00, 6.689e-01, 7.591e-01, 6.269e-01
2.500e-01, 3.000e+03, 1.000e+00, 3.000e+00, 1.000e+00, 4.500e+00, 6.628e-01, 6.935e-03, 1.974e+00, 9.056e-01, 9.591e-01, 1.780e+00, 9.056e-01, 1.133e+00, 8.240e-01
3.000e-01, 3.000e+03, 1.000e+00, 3.000e+00, 1.000e+00, 4.500e+00, 8.647e-01, 1.113e-02, 3.013e+00, 1.221e+00, 1.253e+00, 2.719e+00, 1.225e+00, 1.701e+00, 1.095e+00
3.500e-01, 3.000e+03, 1.000e+00, 3.000e+00, 1.000e+00, 4.500e+00, 1.179e+00, 1.883e-02, 4.494e+00, 1.665e+00, 1.643e+00, 4.075e+00, 1.676e+00, 2.574e+00, 1.469e+00
4.000e-01, 3.000e+03, 1.000e+00, 3.000e+00, 1.000e+00, 4.500e+00, 1.560e+00, 3.190e-02, 6.608e+00, 2.323e+00, 2.186e+00, 6.036e+00, 2.322e+00, 3.916e+00, 1.987e+00
4.500e-01, 3.000e+03, 1.000e+00, 3.000e+00, 1.000e+00, 4.500e+00, 2.193e+00, 5.945e-02, 9.649e+00, 3.327e+00, 2.953e+00, 8.878e+00, 3.246e+00, 5.994e+00, 2.718e+00
5.000e-01, 3.000e+03, 1.000e+00, 3.000e+00, 1.000e+00, 4.500e+00, 3.115e+00, 1.157e-01, 1.407e+01, 4.890e+00, 4.045e+00, 1.301e+01, 4.553e+00, 9.247e+00, 3.765e+00
1.500e-01, 3.000e+03, 1.000e+00, 3.100e+00, 1.000e+00, 4.500e+00, 4.434e-01, 3.791e-03, 7.629e-01, 4.873e-01, 5.320e-01, 7.039e-01, 4.900e-01, 5.173e-01, 4.927e-01
2.000e-01, 3.000e+03, 1.000e+00, 3.100e+00, 1.000e+00, 4.500e+00, 5.216e-01, 4.722e-03, 1.283e+00, 6.811e-01, 7.373e-01, 1.168e+00, 6.859e-01, 7.793e-01, 6.373e-01
2.500e-01, 3.000e+03, 1.000e+00, 3.100e+00, 1.000e+00, 4.500e+00, 6.630e-01, 6.998e-03, 2.035e+00, 9.233e-01, 9.764e-01, 1.842e+00, 9.316e-01, 1.164e+00, 8.376e-01
3.000e-01, 3.000e+03, 1.000e+00, 3.100e+00, 1.000e+00, 4.500e+00, 8.553e-01, 1.095e-02, 3.109e+00, 1.247e+00, 1.275e+00, 2.817e+00, 1.262e+00, 1.746e+00, 1.113e+00
3.500e-01, 3.000e+03, 1.000e+00, 3.100e+00, 1.000e+00, 4.500e+00, 1.164e+00, 1.874e-02, 4.639e+00, 1.703e+00, 1.670e+00, 4.222e+00, 1.725e+00, 2.634e+00, 1.493e+00
4.000e-01, 3.000e+03, 1.000e+00, 3.100e+00, 1.000e+00, 4.500e+00, 1.538e+00, 3.131e-02, 6.823e+00, 2.379e+00, 2.218e+00, 6.252e+00, 2.383e+00, 3.993e+00, 2.020e+00
4.500e-01, 3.000e+03, 1.000e+00, 3.100e+00, 1.000e+00, 4.500e+00, 2.294e+00, 6.598e-02, 9.958e+00, 3.409e+00, 2.990e+00, 9.189e+00, 3.319e+00, 6.086e+00, 2.763e+00
5.000e-01, 3.000e+03, 1.000e+00, 3.100e+00, 1.000e+00, 4.500e+00, 2.985e+00, 1.072e-01, 1.451e+01, 5.014e+00, 4.084e+00, 1.345e+01, 4.637e+00, 9.346e+00, 3.828e+00
1.500e-01, 3.000e+03, 1.000e+00, 3.200e+00, 1.000e+00, 4.500e+00, 4.577e-01, 4.007e-03, 7.830e-01, 4.954e-01, 5.412e-01, 7.239e-01, 5.005e-01, 5.293e-01, 5.005e-01
2.000e-01, 3.000e+03, 1.000e+00, 3.200e+00, 1.000e+00, 4.500e+00, 5.508e-01, 5.282e-03, 1.320e+00, 6.932e-01, 7.502e-01, 1.204e+00, 7.033e-01, 7.997e-01, 6.475e-01
2.500e-01, 3.000e+03, 1.000e+00, 3.200e+00, 1.000e+00, 4.500e+00, 6.821e-01, 7.403e-03, 2.096e+00, 9.409e-01, 9.935e-01, 1.904e+00, 9.579e-01, 1.195e+00, 8.510e-01
3.000e-01, 3.000e+03, 1.000e+00, 3.200e+00, 1.000e+00, 4.500e+00, 8.453e-01, 1.053e-02, 3.206e+00, 1.272e+00, 1.297e+00, 2.914e+00, 1.299e+00, 1.791e+00, 1.131e+00
3.500e-01, 3.000e+03, 1.000e+00, 3.200e+00, 1.000e+00, 4.500e+00, 1.127e+00, 1.761e-02, 4.785e+00, 1.741e+00, 1.697e+00, 4.370e+00, 1.774e+00, 2.695e+00, 1.517e+00
4.000e-01, 3.000e+03, 1.000e+00, 3.200e+00, 1.000e+00, 4.500e+00, 1.641e+00, 3.502e-02, 7.037e+00, 2.434e+00, 2.250e+00, 6.469e+00, 2.445e+00, 4.071e+00, 2.053e+00
5.000e-01, 3.000e+03, 1.000e+00, 3.200e+00, 1.000e+00, 4.500e+00, 3.283e+00, 1.285e-01, 1.496e+01, 5.136e+00, 4.123e+00, 1.390e+01, 4.722e+00, 9.447e+00, 3.889e+00
1.500e-01, 3.000e+03, 1.000e+00, 3.300e+00, 1.000e+00, 4.500e+00, 4.626e-01, 4.119e-03, 8.030e-01, 5.035e-01, 5.503e-01, 7.439e-01, 5.111e-01, 5.413e-01, 5.083e-01
2.000e-01, 3.000e+03, 1.000e+00, 3.300e+00, 1.000e+00, 4.500e+00, 5.433e-01, 5.085e-03, 1.357e+00, 7.051e-01, 7.630e-01, 1.241e+00, 7.208e-01, 8.202e-01, 6.575e-01
2.500e-01, 3.000e+03, 1.000e+00, 3.300e+00, 1.000e+00, 4.500e+00, 6.905e-01, 7.600e-03, 2.157e+00, 9.583e-01, 1.011e+00, 1.966e+00, 9.845e-01, 1.227e+00, 8.642e-01
3.000e-01, 3.000e+03, 1.000e+00, 3.300e+00, 1.000e+00, 4.500e+00, 9.061e-01, 1.204e-02, 3.302e+00, 1.298e+00, 1.318e+00, 3.012e+00, 1.337e+00, 1.836e+00, 1.149e+00
3.500e-01, 3.000e+03, 1.000e+00, 3.300e+00, 1.000e+00, 4.500e+00, 1.167e+00, 1.897e-02, 4.932e+00, 1.778e+00, 1.724e+00, 4.518e+00, 1.824e+00, 2.756e+00, 1.540e+00
4.500e-01, 3.000e+03, 1.000e+00, 3.300e+00, 1.000e+00, 4.500e+00, 2.153e+00, 5.766e-02, 1.058e+01, 3.571e+00, 3.063e+00, 9.815e+00, 3.469e+00, 6.273e+00, 2.850e+00
5.000e-01, 3.000e+03, 1.000e+00, 3.300e+00, 1.000e+00, 4.500e+00, 3.099e+00, 1.148e-01, 1.540e+01, 5.257e+00, 4.162e+00, 1.434e+01, 4.809e+00, 9.549e+00, 3.949e+00
1.500e-01, 3.000e+03, 1.000e+00, 3.400e+00, 1.000e+00, 4.500e+00, 4.531e-01, 3.959e-03, 8.231e-01, 5.115e-01, 5.593e-01, 7.640e-01, 5.218e-01, 5.534e-01, 5.159e-01
2.000e-01, 3.000e+03, 1.000e+00, 3.400e+00, 1.000e+00, 4.500e+00, 5.632e-01, 5.455e-03, 1.393e+00, 7.169e-01, 7.756e-01, 1.279e+00, 7.385e-01, 8.408e-01, 6.674e-01
2.500e-01, 3.000e+03, 1.000e+00, 3.400e+00, 1.000e+00, 4.500e+00, 7.040e-01, 7.908e-03, 2.219e+00, 9.755e-01, 1.027e+00, 2.028e+00, 1.011e+00, 1.259e+00, 8.772e-01
3.000e-01, 3.000e+03, 1.000e+00, 3.400e+00, 1.000e+00, 4.500e+00, 8.952e-01, 1.175e-02, 3.399e+00, 1.323e+00, 1.340e+00, 3.111e+00, 1.375e+00, 1.881e+00, 1.166e+00
3.500e-01, 3.000e+03, 1.000e+00, 3.400e+00, 1.000e+00, 4.500e+00, 1.097e+00, 1.655e-02, 5.078e+00, 1.815e+00, 1.751e+00, 4.667e+00, 1.874e+00, 2.817e+00, 1.564e+00
4.000e-01, 3.000e+03, 1.000e+00, 3.400e+00, 1.000e+00, 4.500e+00, 1.639e+00, 3.531e-02, 7.468e+00, 2.542e+00, 2.314e+00, 6.905e+00, 2.571e+00, 4.228e+00, 2.116e+00
4.500e-01, 3.000e+03, 1.000e+00, 3.400e+00, 1.000e+00, 4.500e+00, 2.118e+00, 5.614e-02, 1.089e+01, 3.650e+00, 3.099e+00, 1.013e+01, 3.545e+00, 6.368e+00, 2.893e+00
5.000e-01, 3.000e+03, 1.000e+00, 3.400e+00, 1.000e+00, 4.500e+00, 3.207e+00, 1.237e-01, 1.584e+01, 5.376e+00, 4.200e+00, 1.478e+01, 4.897e+00, 9.653e+00, 4.008e+00
1.500e-01, 3.000e+03, 1.000e+00, 3.500e+00, 1.000e+00, 4.500e+00, 4.622e-01, 4.084e-03, 8.432e-01, 5.194e-01, 5.682e-01, 7.842e-01, 5.327e-01, 5.656e-01, 5.235e-01
2.000e-01, 3.000e+03, 1.000e+00, 3.500e+00, 1.000e+00, 4.500e+00, 5.599e-01, 5.465e-03, 1.430e+00, 7.286e-01, 7.882e-01, 1.316e+00, 7.565e-01, 8.616e-01, 6.771e-01
2.500e-01, 3.000e+03, 1.000e+00, 3.500e+00, 1.000e+00, 4.500e+00, 7.028e-01, 7.876e-03, 2.281e+00, 9.925e-01, 1.044e+00, 2.091e+00, 1.039e+00, 1.291e+00, 8.900e-01
3.000e-01, 3.000e+03, 1.000e+00, 3.500e+00, 1.000e+00, 4.500e+00, 8.753e-01, 1.134e-02, 3.497e+00, 1.348e+00, 1.361e+00, 3.209e+00, 1.413e+00, 1.927e+00, 1.183e+00
3.500e-01, 3.000e+03, 1.000e+00, 3.500e+00, 1.000e+00, 4.500e+00, 1.161e+00, 1.871e-02, 5.225e+00, 1.851e+00, 1.777e+00, 4.816e+00, 1.925e+00, 2.879e+00, 1.586e+00
4.000e-01, 3.000e+03, 1.000e+00, 3.500e+00, 1.000e+00, 4.500e+00, 1.588e+00, 3.301e-02, 7.684e+00, 2.595e+00, 2.345e+00, 7.124e+00, 2.636e+00, 4.307e+00, 2.147e+00
4.500e-01, 3.000e+03, 1.000e+00, 3.500e+00, 1.000e+00, 4.500e+00, 2.173e+00, 5.975e-02, 1.120e+01, 3.729e+00, 3.134e+00, 1.044e+01, 3.623e+00, 6.464e+00, 2.936e+00
5.000e-01, 3.000e+03, 1.000e+00, 3.500e+00, 1.000e+00, 4.500e+00, 3.145e+00, 1.179e-01, 1.628e+01, 5.494e+00, 4.239e+00, 1.523e+01, 4.986e+00, 9.758e+00, 4.067e+00
1.500e-01, 3.000e+03, 1.000e+00, 3.600e+00, 1.000e+00, 4.500e+00, 4.698e-01, 4.204e-03, 8.634e-01, 5.272e-01, 5.771e-01, 8.044e-01, 5.436e-01, 5.779e-01, 5.309e-01
2.000e-01, 3.000e+03, 1.000e+00, 3.600e+00, 1.000e+00, 4.500e+00, 5.646e-01, 5.418e-03, 1.467e+00, 7.402e-01, 8.006e-01, 1.353e+00, 7.747e-01, 8.825e-01, 6.867e-01
2.500e-01, 3.000e+03, 1.000e+00, 3.600e+00, 1.000e+00, 4.500e+00, 6.913e-01, 7.589e-03, 2.343e+00, 1.009e+00, 1.061e+00, 2.154e+00, 1.066e+00, 1.323e+00, 9.026e-01
3.000e-01, 3.000e+03, 1.000e+00, 3.600e+00, 1.000e+00, 4.500e+00, 9.002e-01, 1.192e-02, 3.594e+00, 1.372e+00, 1.382e+00, 3.308e+00, 1.452e+00, 1.973e+00, 1.200e+00
3.500e-01, 3.000e+03, 1.000e+00, 3.600e+00, 1.000e+00, 4.500e+00, 1.165e+00, 1.909e-02, 5.373e+00, 1.887e+00, 1.803e+00, 4.966e+00, 1.977e+00, 2.941e+00, 1.609e+00
4.000e-01, 3.000e+03, 1.000e+00, 3.600e+00, 1.000e+00, 4.500e+00, 1.643e+00, 3.557e-02, 7.901e+00, 2.648e+00, 2.376e+00, 7.343e+00, 2.701e+00, 4.387e+00, 2.177e+00
4.500e-01, 3.000e+03, 1.000e+00, 3.600e+00, 1.000e+00, 4.500e+00, 2.101e+00, 5.476e-02, 1.151e+01, 3.807e+00, 3.169e+00, 1.076e+01, 3.701e+00, 6.561e+00, 2.977e+00
5.000e-01, 3.000e+03, 1.000e+00, 3.600e+00, 1.000e+00, 4.500e+00, 3.344e+00, 1.329e-01, 1.672e+01, 5.610e+00, 4.276e+00, 1.568e+01, 5.077e+00, 9.866e+00, 4.125e+00
1.500e-01, 3.000e+03, 1.000e+00, 3.700e+00, 1.000e+00, 4.500e+00, 4.823e-01, 4.516e-03, 8.836e-01, 5.349e-01, 5.858e-01, 8.248e-01, 5.547e-01, 5.902e-01, 5.382e-01
2.000e-01, 3.000e+03, 1.000e+00, 3.700e+00, 1.000e+00, 4.500e+00, 5.840e-01, 5.951e-03, 1.505e+00, 7.516e-01, 8.129e-01, 1.391e+00, 7.931e-01, 9.035e-01, 6.962e-01
2.500e-01, 3.000e+03, 1.000e+00, 3.700e+00, 1.000e+00, 4.500e+00, 7.235e-01, 8.349e-03, 2.405e+00, 1.026e+00, 1.077e+00, 2.217e+00, 1.094e+00, 1.355e+00, 9.151e-01
3.000e-01, 3.000e+03, 1.000e+00, 3.700e+00, 1.000e+00, 4.500e+00, 9.137e-01, 1.236e-02, 3.692e+00, 1.396e+00, 1.403e+00, 3.408e+00, 1.491e+00, 2.020e+00, 1.216e+00
3.500e-01, 3.000e+03, 1.000e+00, 3.700e+00, 1.000e+00, 4.500e+00, 1.248e+00, 2.164e-02, 5.521e+00, 1.922e+00, 1.829e+00, 5.116e+00, 2.029e+00, 3.004e+00, 1.631e+00
4.000e-01, 3.000e+03, 1.000e+00, 3.700e+00, 1.000e+00, 4.500e+00, 1.572e+00, 3.189e-02, 8.118e+00, 2.700e+00, 2.407e+00, 7.563e+00, 2.766e+00, 4.467e+00, 2.207e+00
4.500e-01, 3.000e+03, 1.000e+00, 3.700e+00, 1.000e+00, 4.500e+00, 2.236e+00, 6.279e-02, 1.182e+01, 3.883e+00, 3.204e+00, 1.107e+01, 3.781e+00, 6.658e+00, 3.018e+00
5.000e-01, 3.000e+03, 1.000e+00, 3.700e+00, 1.000e+00, 4.500e+00, 3.064e+00, 1.124e-01, 1.716e+01, 5.725e+00, 4.314e+00, 1.612e+01, 5.169e+00, 9.974e+00, 4.182e+00
1.500e-01, 3.000e+03, 1.000e+00, 3.800e+00, 1.000e+00, 4.500e+00, 4.734e-01, 4.275e-03, 9.038e-01, 5.425e-01, 5.945e-01, 8.451e-01, 5.659e-01, 6.026e-01, 5.454e-01
2.000e-01, 3.000e+03, 1.000e+00, 3.800e+00, 1.000e+00, 4.500e+00, 5.770e-01, 5.728e-03, 1.542e+00, 7.629e-01, 8.251e-01, 1.429e+00, 8.118e-01, 9.247e-01, 7.056e-01
2.500e-01, 3.000e+03, 1.000e+00, 3.800e+00, 1.000e+00, 4.500e+00, 7.146e-01, 7.916e-03, 2.467e+00, 1.043e+00, 1.093e+00, 2.280e+00, 1.122e+00, 1.388e+00, 9.274e-01
3.000e-01, 3.000e+03, 1.000e+00, 3.800e+00, 1.000e+00, 4.500e+00, 8.938e-01, 1.182e-02, 3.790e+00, 1.421e+00, 1.424e+00, 3.508e+00, 1.531e+00, 2.066e+00, 1.233e+00
3.500e-01, 3.000e+03, 1.000e+00, 3.800e+00, 1.000e+00, 4.500e+00, 1.205e+00, 1.998e-02, 5.669e+00, 1.957e+00, 1.854e+00, 5.266e+00, 2.081e+00, 3.067e+00, 1.653e+00
4.000e-01, 3.000e+03, 1.000e+00, 3.800e+00, 1.000e+00, 4.500e+00, 1.537e+00, 3.084e-02, 8.335e+00, 2.751e+00, 2.437e+00, 7.784e+00, 2.833e+00, 4.548e+00, 2.237e+00
4.500e-01, 3.000e+03, 1.000e+00, 3.800e+00, 1.000e+00, 4.500e+00, 2.173e+00, 5.878e-02, 1.214e+01, 3.959e+00, 3.239e+00, 1.139e+01, 3.861e+00, 6.757e+00, 3.059e+00
5.000e-01, 3.000e+03, 1.000e+00, 3.800e+00, 1.000e+00, 4.500e+00, 3.138e+00, 1.180e-01, 1.760e+01, 5.838e+00, 4.351e+00, 1.657e+01, 5.263e+00, 1.008e+01, 4.238e+00
1.500e-01, 3.000e+03, 1.000e+00, 3.900e+00, 1.000e+00, 4.500e+00, 4.877e-01, 4.542e-03, 9.241e-01, 5.500e-01, 6.030e-01, 8.655e-01, 5.772e-01, 6.151e-01, 5.526e-01
2.000e-01, 3.000e+03, 1.000e+00, 3.900e+00, 1.000e+00, 4.500e+00, 6.035e-01, 6.282e-03, 1.579e+00, 7.741e-01, 8.372e-01, 1.466e+00, 8.306e-01, 9.460e-01, 7.148e-01
2.500e-01, 3.000e+03, 1.000e+00, 3.900e+00, 1.000e+00, 4.500e+00, 7.555e-01, 9.063e-03, 2.530e+00, 1.059e+00, 1.109e+00, 2.344e+00, 1.151e+00, 1.421e+00, 9.395e-01
3.000e-01, 3.000e+03, 1.000e+00, 3.900e+00, 1.000e+00, 4.500e+00, 9.370e-01, 1.295e-02, 3.888e+00, 1.444e+00, 1.444e+00, 3.608e+00, 1.571e+00, 2.113e+00, 1.249e+00
3.500e-01, 3.000e+03, 1.000e+00, 3.900e+00, 1.000e+00, 4.500e+00, 1.246e+00, 2.132e-02, 5.817e+00, 1.992e+00, 1.880e+00, 5.417e+00, 2.134e+00, 3.130e+00, 1.675e+00
4.500e-01, 3.000e+03, 1.000e+00, 3.900e+00, 1.000e+00, 4.500e+00, 2.152e+00, 5.738e-02, 1.245e+01, 4.034e+00, 3.273e+00, 1.171e+01, 3.942e+00, 6.856e+00, 3.099e+00
5.000e-01, 3.000e+03, 1.000e+00, 3.900e+00, 1.000e+00, 4.500e+00, 3.190e+00, 1.218e-01, 1.804e+01, 5.950e+00, 4.388e+00, 1.701e+01, 5.358e+00, 1.020e+01, 4.293e+00
1.500e-01, 3.000e+03, 1.000e+00, 4.000e+00, 1.000e+00, 4.500e+00, 5.018e-01, 4.833e-03, 9.443e-01, 5.574e-01, 6.115e-01, 8.860e-01, 5.886e-01, 6.277e-01, 5.596e-01
2.000e-01, 3.000e+03, 1.000e+00, 4.000e+00, 1.000e+00, 4.500e+00, 5.819e-01, 5.866e-03, 1.617e+00, 7.852e-01, 8.492e-01, 1.504e+00, 8.496e-01, 9.675e-01, 7.239e-01
2.500e-01, 3.000e+03, 1.000e+00, 4.000e+00, 1.000e+00, 4.500e+00, 7.148e-01, 8.070e-03, 2.592e+00, 1.075e+00, 1.125e+00, 2.407e+00, 1.179e+00, 1.454e+00, 9.514e-01
3.000e-01, 3.000e+03, 1.000e+00, 4.000e+00, 1.000e+00, 4.500e+00, 9.217e-01, 1.243e-02, 3.987e+00, 1.468e+00, 1.465e+00, 3.708e+00, 1.611e+00, 2.160e+00, 1.265e+00
3.500e-01, 3.000e+03, 1.000e+00, 4.000e+00, 1.000e+00, 4.500e+00, 1.185e+00, 1.943e-02, 5.966e+00, 2.027e+00, 1.905e+00, 5.569e+00, 2.188e+00, 3.194e+00, 1.696e+00
4.000e-01, 3.000e+03, 1.000e+00, 4.000e+00, 1.000e+00, 4.500e+00, 1.580e+00, 3.258e-02, 8.771e+00, 2.852e+00, 2.496e+00, 8.226e+00, 2.968e+00, 4.712e+00, 2.295e+00
4.500e-01, 3.000e+03, 1.000e+00, 4.000e+00, 1.000e+00, 4.500e+00, 2.174e+00, 5.819e-02, 1.276e+01, 4.108e+00, 3.307e+00, 1.202e+01, 4.025e+00, 6.956e+00, 3.138e+00
5.000e-01, 3.000e+03, 1.000e+00, 4.000e+00, 1.000e+00, 4.500e+00, 3.010e+00, 1.083e-01, 1.848e+01, 6.061e+00, 4.425e+00, 1.746e+01, 5.455e+00, 1.031e+01, 4.348e+00
2.500e-02, 6.000e+03, 1.000e+00, 1.300e+00, 1.000e+00, 4.500e+00, 1.515e-01, 7.299e-04, 5.161e-02, 5.155e-02, 5.853e-02, 5.157e-02, 5.231e-02, 5.224e-02, 1.915e-01
5.000e-02, 6.000e+03, 1.000e+00, 1.300e+00, 1.000e+00, 4.500e+00, 1.643e-01, 6.713e-04, 1.055e-01, 1.030e-01, 1.190e-01, 1.049e-01, 1.061e-01, 1.053e-01, 2.076e-01
7.500e-02, 6.000e+03, 1.000e+00, 1.300e+00, 1.000e+00, 4.500e+00, 1.830e-01, 7.062e-04, 1.649e-01, 1.552e-01, 1.819e-01, 1.628e-01, 1.618e-01, 1.583e-01, 2.278e-01
1.000e-01, 6.000e+03, 1.000e+00, 1.300e+00, 1.000e+00, 4.500e+00, 2.078e-01, 8.191e-04, 2.324e-01, 2.091e-01, 2.475e-01, 2.269e-01, 2.190e-01, 2.099e-01, 2.527e-01
2.500e-02, 6.000e+03, 1.000e+00, 1.400e+00, 1.000e+00, 4.500e+00, 1.588e-01, 7.993e-04, 5.358e-02, 5.353e-02, 5.962e-02, 5.350e-02, 5.421e-02, 5.414e-02, 1.988e-01
5.000e-02, 6.000e+03, 1.000e+00, 1.400e+00, 1.000e+00, 4.500e+00, 1.778e-01, 7.597e-04, 1.097e-01, 1.069e-01, 1.207e-01, 1.087e-01, 1.097e-01, 1.089e-01, 2.154e-01
7.500e-02, 6.000e+03, 1.000e+00, 1.400e+00, 1.000e+00, 4.500e+00, 1.929e-01, 7.870e-04, 1.719e-01, 1.606e-01, 1.837e-01, 1.683e-01, 1.666e-01, 1.634e-01, 2.364e-01
1.000e-01, 6.000e+03, 1.000e+00, 1.400e+00, 1.000e+00, 4.500e+00, 2.257e-01, 9.806e-04, 2.429e-01, 2.156e-01, 2.487e-01, 2.342e-01, 2.244e-01, 2.166e-01, 2.622e-01
2.500e-02, 6.000e+03, 1.000e+00, 1.500e+00, 1.000e+00, 4.500e+00, 1.673e-01, 8.730e-04, 5.548e-02, 5.544e-02, 6.089e-02, 5.537e-02, 5.604e-02, 5.598e-02, 2.058e-01
5.000e-02, 6.000e+03, 1.000e+00, 1.500e+00, 1.000e+00, 4.500e+00, 1.864e-01, 8.245e-04, 1.138e-01, 1.107e-01, 1.230e-01, 1.124e-01, 1.131e-01, 1.124e-01, 2.230e-01
7.500e-02, 6.000e+03, 1.000e+00, 1.500e+00, 1.000e+00, 4.500e+00, 2.162e-01, 9.488e-04, 1.788e-01, 1.661e-01, 1.866e-01, 1.740e-01, 1.713e-01, 1.685e-01, 2.447e-01
1.000e-01, 6.000e+03, 1.000e+00, 1.500e+00, 1.000e+00, 4.500e+00, 2.370e-01, 1.051e-03, 2.533e-01, 2.224e-01, 2.520e-01, 2.422e-01, 2.300e-01, 2.233e-01, 2.714e-01
2.500e-02, 6.000e+03, 1.000e+00, 1.600e+00, 1.000e+00, 4.500e+00, 1.827e-01, 1.020e-03, 5.733e-02, 5.728e-02, 6.228e-02, 5.718e-02, 5.782e-02, 5.775e-02, 2.125e-01
5.000e-02, 6.000e+03, 1.000e+00, 1.600e+00, 1.000e+00, 4.500e+00, 2.011e-01, 9.736e-04, 1.178e-01, 1.143e-01, 1.256e-01, 1.161e-01, 1.165e-01, 1.158e-01, 2.303e-01
7.500e-02, 6.000e+03, 1.000e+00, 1.600e+00, 1.000e+00, 4.500e+00, 2.235e-01, 1.047e-03, 1.855e-01, 1.714e-01, 1.902e-01, 1.798e-01, 1.759e-01, 1.734e-01, 2.527e-01
1.000e-01, 6.000e+03, 1.000e+00, 1.600e+00, 1.000e+00, 4.500e+00, 2.511e-01, 1.176e-03, 2.636e-01, 2.293e-01, 2.564e-01, 2.505e-01, 2.355e-01, 2.299e-01, 2.803e-01
2.500e-02, 6.000e+03, 1.000e+00, 1.700e+00, 1.000e+00, 4.500e+00, 1.905e-01, 1.102e-03, 5.912e-02, 5.906e-02, 6.375e-02, 5.895e-02, 5.954e-02, 5.947e-02, 2.190e-01
5.000e-02, 6.000e+03, 1.000e+00, 1.700e+00, 1.000e+00, 4.500e+00, 2.090e-01, 1.029e-03, 1.218e-01, 1.179e-01, 1.284e-01, 1.198e-01, 1.198e-01, 1.191e-01, 2.374e-01
7.500e-02, 6.000e+03, 1.000e+00, 1.700e+00, 1.000e+00, 4.500e+00, 2.295e-01, 1.086e-03, 1.921e-01, 1.767e-01, 1.942e-01, 1.856e-01, 1.805e-01, 1.783e-01, 2.605e-01
1.000e-01, 6.000e+03, 1.000e+00, 1.700e+00, 1.000e+00, 4.500e+00, 2.646e-01, 1.308e-03, 2.737e-01, 2.361e-01, 2.614e-01, 2.591e-01, 2.411e-01, 2.364e-01, 2.890e-01
2.500e-02, 6.000e+03, 1.000e+00, 1.800e+00, 1.000e+00, 4.500e+00, 1.992e-01, 1.198e-03, 6.086e-02, 6.079e-02, 6.525e-02, 6.067e-02, 6.120e-02, 6.114e-02, 2.254e-01
5.000e-02, 6.000e+03, 1.000e+00, 1.800e+00, 1.000e+00, 4.500e+00, 2.180e-01, 1.116e-03, 1.256e-01, 1.213e-01, 1.313e-01, 1.234e-01, 1.229e-01, 1.224e-01, 2.442e-01
7.500e-02, 6.000e+03, 1.000e+00, 1.800e+00, 1.000e+00, 4.500e+00, 2.422e-01, 1.184e-03, 1.987e-01, 1.818e-01, 1.984e-01, 1.915e-01, 1.849e-01, 1.830e-01, 2.680e-01
1.000e-01, 6.000e+03, 1.000e+00, 1.800e+00, 1.000e+00, 4.500e+00, 2.687e-01, 1.330e-03, 2.837e-01, 2.428e-01, 2.670e-01, 2.678e-01, 2.467e-01, 2.428e-01, 2.974e-01
2.500e-02, 6.000e+03, 1.000e+00, 1.900e+00, 1.000e+00, 4.500e+00, 2.143e-01, 1.380e-03, 6.256e-02, 6.246e-02, 6.678e-02, 6.234e-02, 6.282e-02, 6.276e-02, 2.316e-01
5.000e-02, 6.000e+03, 1.000e+00, 1.900e+00, 1.000e+00, 4.500e+00, 2.321e-01, 1.256e-03, 1.293e-01, 1.247e-01, 1.343e-01, 1.269e-01, 1.260e-01, 1.255e-01, 2.509e-01
7.500e-02, 6.000e+03, 1.000e+00, 1.900e+00, 1.000e+00, 4.500e+00, 2.556e-01, 1.332e-03, 2.051e-01, 1.868e-01, 2.028e-01, 1.973e-01, 1.893e-01, 1.876e-01, 2.754e-01
1.000e-01, 6.000e+03, 1.000e+00, 1.900e+00, 1.000e+00, 4.500e+00, 2.794e-01, 1.428e-03, 2.936e-01, 2.494e-01, 2.728e-01, 2.766e-01, 2.523e-01, 2.492e-01, 3.055e-01
2.500e-02, 6.000e+03, 1.000e+00, 2.000e+00, 1.000e+00, 4.500e+00, 2.188e-01, 1.405e-03, 6.422e-02, 6.409e-02, 6.833e-02, 6.398e-02, 6.440e-02, 6.434e-02, 2.376e-01
5.000e-02, 6.000e+03, 1.000e+00, 2.000e+00, 1.000e+00, 4.500e+00, 2.436e-01, 1.386e-03, 1.330e-01, 1.279e-01, 1.374e-01, 1.305e-01, 1.290e-01, 1.286e-01, 2.575e-01
7.500e-02, 6.000e+03, 1.000e+00, 2.000e+00, 1.000e+00, 4.500e+00, 2.626e-01, 1.384e-03, 2.114e-01, 1.916e-01, 2.074e-01, 2.032e-01, 1.937e-01, 1.922e-01, 2.825e-01
1.000e-01, 6.000e+03, 1.000e+00, 2.000e+00, 1.000e+00, 4.500e+00, 2.881e-01, 1.492e-03, 3.035e-01, 2.558e-01, 2.788e-01, 2.855e-01, 2.579e-01, 2.555e-01, 3.134e-01
2.500e-02, 6.000e+03, 1.000e+00, 2.100e+00, 1.000e+00, 4.500e+00, 2.212e-01, 1.467e-03, 6.584e-02, 6.568e-02, 6.987e-02, 6.557e-02, 6.594e-02, 6.589e-02, 2.435e-01
5.000e-02, 6.000e+03, 1.000e+00, 2.100e+00, 1.000e+00, 4.500e+00, 2.422e-01, 1.354e-03, 1.366e-01, 1.311e-01, 1.404e-01, 1.339e-01, 1.320e-01, 1.316e-01, 2.638e-01
7.500e-02, 6.000e+03, 1.000e+00, 2.100e+00, 1.000e+00, 4.500e+00, 2.659e-01, 1.426e-03, 2.177e-01, 1.964e-01, 2.120e-01, 2.091e-01, 1.979e-01, 1.967e-01, 2.895e-01
1.000e-01, 6.000e+03, 1.000e+00, 2.100e+00, 1.000e+00, 4.500e+00, 2.925e-01, 1.584e-03, 3.132e-01, 2.621e-01, 2.849e-01, 2.945e-01, 2.634e-01, 2.618e-01, 3.212e-01
2.500e-02, 6.000e+03, 1.000e+00, 2.200e+00, 1.000e+00, 4.500e+00, 2.343e-01, 1.624e-03, 6.743e-02, 6.722e-02, 7.141e-02, 6.714e-02, 6.744e-02, 6.739e-02, 2.492e-01
5.000e-02, 6.000e+03, 1.000e+00, 2.200e+00, 1.000e+00, 4.500e+00, 2.584e-01, 1.573e-03, 1.402e-01, 1.342e-01, 1.435e-01, 1.373e-01, 1.349e-01, 1.345e-01, 2.700e-01
7.500e-02, 6.000e+03, 1.000e+00, 2.200e+00, 1.000e+00, 4.500e+00, 2.733e-01, 1.486e-03, 2.239e-01, 2.010e-01, 2.166e-01, 2.149e-01, 2.022e-01, 2.012e-01, 2.963e-01
1.000e-01, 6.000e+03, 1.000e+00, 2.200e+00, 1.000e+00, 4.500e+00, 3.161e-01, 1.839e-03, 3.230e-01, 2.682e-01, 2.911e-01, 3.036e-01, 2.690e-01, 2.681e-01, 3.287e-01
2.500e-02, 6.000e+03, 1.000e+00, 2.300e+00, 1.000e+00, 4.500e+00, 2.375e-01, 1.669e-03, 6.898e-02, 6.873e-02, 7.295e-02, 6.867e-02, 6.891e-02, 6.886e-02, 2.548e-01
5.000e-02, 6.000e+03, 1.000e+00, 2.300e+00, 1.000e+00, 4.500e+00, 2.578e-01, 1.535e-03, 1.437e-01, 1.372e-01, 1.466e-01, 1.407e-01, 1.378e-01, 1.374e-01, 2.761e-01
7.500e-02, 6.000e+03, 1.000e+00, 2.300e+00, 1.000e+00, 4.500e+00, 2.911e-01, 1.717e-03, 2.301e-01, 2.055e-01, 2.212e-01, 2.208e-01, 2.063e-01, 2.056e-01, 3.030e-01
1.000e-01, 6.000e+03, 1.000e+00, 2.300e+00, 1.000e+00, 4.500e+00, 3.202e-01, 1.859e-03, 3.326e-01, 2.743e-01, 2.973e-01, 3.127e-01, 2.746e-01, 2.743e-01, 3.361e-01
2.500e-02, 6.000e+03, 1.000e+00, 2.400e+00, 1.000e+00, 4.500e+00, 2.495e-01, 1.847e-03, 7.051e-02, 7.021e-02, 7.447e-02, 7.018e-02, 7.035e-02, 7.030e-02, 2.603e-01
5.000e-02, 6.000e+03, 1.000e+00, 2.400e+00, 1.000e+00, 4.500e+00, 2.784e-01, 1.775e-03, 1.472e-01, 1.401e-01, 1.496e-01, 1.441e-01, 1.406e-01, 1.402e-01, 2.820e-01
7.500e-02, 6.000e+03, 1.000e+00, 2.400e+00, 1.000e+00, 4.500e+00, 2.971e-01, 1.752e-03, 2.362e-01, 2.099e-01, 2.258e-01, 2.266e-01, 2.105e-01, 2.099e-01, 3.095e-01
1.000e-01, 6.000e+03, 1.000e+00, 2.400e+00, 1.000e+00, 4.500e+00, 3.252e-01, 1.930e-03, 3.422e-01, 2.802e-01, 3.035e-01, 3.218e-01, 2.801e-01, 2.805e-01, 3.434e-01
2.500e-02, 6.000e+03, 1.000e+00, 2.500e+00, 1.000e+00, 4.500e+00, 2.637e-01, 2.052e-03, 7.201e-02, 7.165e-02, 7.598e-02, 7.166e-02, 7.175e-02, 7.171e-02, 2.656e-01
5.000e-02, 6.000e+03, 1.000e+00, 2.500e+00, 1.000e+00, 4.500e+00, 2.841e-01, 1.864e-03, 1.506e-01, 1.430e-01, 1.527e-01, 1.474e-01, 1.433e-01, 1.430e-01, 2.878e-01
7.500e-02, 6.000e+03, 1.000e+00, 2.500e+00, 1.000e+00, 4.500e+00, 3.029e-01, 1.846e-03, 2.422e-01, 2.143e-01, 2.304e-01, 2.324e-01, 2.146e-01, 2.142e-01, 3.159e-01
1.000e-01, 6.000e+03, 1.000e+00, 2.500e+00, 1.000e+00, 4.500e+00, 3.239e-01, 1.896e-03, 3.518e-01, 2.860e-01, 3.097e-01, 3.310e-01, 2.857e-01, 2.866e-01, 3.504e-01
2.500e-02, 6.000e+03, 1.000e+00, 2.600e+00, 1.000e+00, 4.500e+00, 2.592e-01, 1.997e-03, 7.348e-02, 7.307e-02, 7.747e-02, 7.311e-02, 7.314e-02, 7.309e-02, 2.709e-01
5.000e-02, 6.000e+03, 1.000e+00, 2.600e+00, 1.000e+00, 4.500e+00, 2.977e-01, 2.064e-03, 1.540e-01, 1.458e-01, 1.557e-01, 1.507e-01, 1.460e-01, 1.458e-01, 2.935e-01
7.500e-02, 6.000e+03, 1.000e+00, 2.600e+00, 1.000e+00, 4.500e+00, 3.115e-01, 1.914e-03, 2.482e-01, 2.185e-01, 2.350e-01, 2.382e-01, 2.187e-01, 2.185e-01, 3.221e-01
1.000e-01, 6.000e+03, 1.000e+00, 2.600e+00, 1.000e+00, 4.500e+00, 3.402e-01, 2.067e-03, 3.613e-01, 2.917e-01, 3.158e-01, 3.402e-01, 2.913e-01, 2.928e-01, 3.574e-01
2.500e-02, 6.000e+03, 1.000e+00, 2.700e+00, 1.000e+00, 4.500e+00, 2.792e-01, 2.292e-03, 7.493e-02, 7.446e-02, 7.895e-02, 7.454e-02, 7.449e-02, 7.445e-02, 2.760e-01
5.000e-02, 6.000e+03, 1.000e+00, 2.700e+00, 1.000e+00, 4.500e+00, 2.974e-01, 2.023e-03, 1.573e-01, 1.486e-01, 1.587e-01, 1.539e-01, 1.487e-01, 1.485e-01, 2.991e-01
7.500e-02, 6.000e+03, 1.000e+00, 2.700e+00, 1.000e+00, 4.500e+00, 3.213e-01, 2.098e-03, 2.542e-01, 2.227e-01, 2.395e-01, 2.440e-01, 2.227e-01, 2.228e-01, 3.283e-01
1.000e-01, 6.000e+03, 1.000e+00, 2.700e+00, 1.000e+00, 4.500e+00, 3.433e-01, 2.129e-03, 3.708e-01, 2.973e-01, 3.219e-01, 3.494e-01, 2.969e-01, 2.990e-01, 3.642e-01
2.500e-02, 6.000e+03, 1.000e+00, 2.800e+00, 1.000e+00, 4.500e+00, 2.778e-01, 2.250e-03, 7.635e-02, 7.582e-02, 8.042e-02, 7.595e-02, 7.582e-02, 7.578e-02, 2.811e-01
5.000e-02, 6.000e+03, 1.000e+00, 2.800e+00, 1.000e+00, 4.500e+00, 3.052e-01, 2.117e-03, 1.606e-01, 1.513e-01, 1.616e-01, 1.572e-01, 1.513e-01, 1.512e-01, 3.046e-01
7.500e-02, 6.000e+03, 1.000e+00, 2.800e+00, 1.000e+00, 4.500e+00, 3.289e-01, 2.126e-03, 2.601e-01, 2.267e-01, 2.440e-01, 2.497e-01, 2.267e-01, 2.270e-01, 3.343e-01
1.000e-01, 6.000e+03, 1.000e+00, 2.800e+00, 1.000e+00, 4.500e+00, 3.461e-01, 2.190e-03, 3.803e-01, 3.028e-01, 3.280e-01, 3.586e-01, 3.026e-01, 3.051e-01, 3.709e-01
2.500e-02, 6.000e+03, 1.000e+00, 2.900e+00, 1.000e+00, 4.500e+00, 2.785e-01, 2.287e-03, 7.776e-02, 7.716e-02, 8.186e-02, 7.734e-02, 7.713e-02, 7.709e-02, 2.861e-01
5.000e-02, 6.000e+03, 1.000e+00, 2.900e+00, 1.000e+00, 4.500e+00, 3.070e-01, 2.152e-03, 1.639e-01, 1.540e-01, 1.646e-01, 1.604e-01, 1.539e-01, 1.538e-01, 3.100e-01
7.500e-02, 6.000e+03, 1.000e+00, 2.900e+00, 1.000e+00, 4.500e+00, 3.306e-01, 2.204e-03, 2.660e-01, 2.308e-01, 2.485e-01, 2.555e-01, 2.308e-01, 2.312e-01, 3.402e-01
1.000e-01, 6.000e+03, 1.000e+00, 2.900e+00, 1.000e+00, 4.500e+00, 3.653e-01, 2.398e-03, 3.897e-01, 3.082e-01, 3.340e-01, 3.678e-01, 3.082e-01, 3.113e-01, 3.774e-01
2.500e-02, 6.000e+03, 1.000e+00, 3.000e+00, 1.000e+00, 4.500e+00, 2.913e-01, 2.483e-03, 7.914e-02, 7.847e-02, 8.330e-02, 7.871e-02, 7.842e-02, 7.838e-02, 2.910e-01
5.000e-02, 6.000e+03, 1.000e+00, 3.000e+00, 1.000e+00, 4.500e+00, 3.218e-01, 2.319e-03, 1.671e-01, 1.566e-01, 1.675e-01, 1.635e-01, 1.565e-01, 1.565e-01, 3.153e-01
7.500e-02, 6.000e+03, 1.000e+00, 3.000e+00, 1.000e+00, 4.500e+00, 3.520e-01, 2.413e-03, 2.719e-01, 2.347e-01, 2.529e-01, 2.612e-01, 2.348e-01, 2.354e-01, 3.460e-01
1.000e-01, 6.000e+03, 1.000e+00, 3.000e+00, 1.000e+00, 4.500e+00, 3.619e-01, 2.329e-03, 3.991e-01, 3.135e-01, 3.400e-01, 3.771e-01, 3.139e-01, 3.174e-01, 3.839e-01
2.500e-02, 6.000e+03, 1.000e+00, 3.100e+00, 1.000e+00, 4.500e+00, 3.075e-01, 2.768e-03, 8.050e-02, 7.976e-02, 8.471e-02, 8.006e-02, 7.968e-02, 7.965e-02, 2.958e-01
5.000e-02, 6.000e+03, 1.000e+00, 3.100e+00, 1.000e+00, 4.500e+00, 3.369e-01, 2.542e-03, 1.703e-01, 1.592e-01, 1.703e-01, 1.667e-01, 1.591e-01, 1.591e-01, 3.205e-01
7.500e-02, 6.000e+03, 1.000e+00, 3.100e+00, 1.000e+00, 4.500e+00, 3.618e-01, 2.626e-03, 2.777e-01, 2.386e-01, 2.572e-01, 2.669e-01, 2.387e-01, 2.396e-01, 3.518e-01
1.000e-01, 6.000e+03, 1.000e+00, 3.100e+00, 1.000e+00, 4.500e+00, 3.758e-01, 2.505e-03, 4.085e-01, 3.187e-01, 3.459e-01, 3.863e-01, 3.196e-01, 3.236e-01, 3.902e-01
2.500e-02, 6.000e+03, 1.000e+00, 3.200e+00, 1.000e+00, 4.500e+00, 3.087e-01, 2.771e-03, 8.185e-02, 8.103e-02, 8.611e-02, 8.140e-02, 8.093e-02, 8.090e-02, 3.005e-01
5.000e-02, 6.000e+03, 1.000e+00, 3.200e+00, 1.000e+00, 4.500e+00, 3.250e-01, 2.378e-03, 1.735e-01, 1.617e-01, 1.732e-01, 1.698e-01, 1.616e-01, 1.616e-01, 3.257e-01
7.500e-02, 6.000e+03, 1.000e+00, 3.200e+00, 1.000e+00, 4.500e+00, 3.654e-01, 2.656e-03, 2.835e-01, 2.424e-01, 2.615e-01, 2.727e-01, 2.427e-01, 2.437e-01, 3.574e-01
1.000e-01, 6.000e+03, 1.000e+00, 3.200e+00, 1.000e+00, 4.500e+00, 3.842e-01, 2.591e-03, 4.179e-01, 3.239e-01, 3.518e-01, 3.956e-01, 3.253e-01, 3.298e-01, 3.965e-01
2.500e-02, 6.000e+03, 1.000e+00, 3.300e+00, 1.000e+00, 4.500e+00, 3.114e-01, 2.814e-03, 8.318e-02, 8.228e-02, 8.749e-02, 8.271e-02, 8.216e-02, 8.214e-02, 3.052e-01
5.000e-02, 6.000e+03, 1.000e+00, 3.300e+00, 1.000e+00, 4.500e+00, 3.450e-01, 2.706e-03, 1.767e-01, 1.642e-01, 1.760e-01, 1.730e-01, 1.641e-01, 1.642e-01, 3.307e-01
7.500e-02, 6.000e+03, 1.000e+00, 3.300e+00, 1.000e+00, 4.500e+00, 3.645e-01, 2.610e-03, 2.893e-01, 2.462e-01, 2.658e-01, 2.784e-01, 2.467e-01, 2.478e-01, 3.629e-01
1.000e-01, 6.000e+03, 1.000e+00, 3.300e+00, 1.000e+00, 4.500e+00, 3.997e-01, 2.846e-03, 4.273e-01, 3.290e-01, 3.576e-01, 4.049e-01, 3.310e-01, 3.360e-01, 4.026e-01
2.500e-02, 6.000e+03, 1.000e+00, 3.400e+00, 1.000e+00, 4.500e+00, 3.350e-01, 3.235e-03, 8.450e-02, 8.352e-02, 8.886e-02, 8.401e-02, 8.337e-02, 8.335e-02, 3.098e-01
5.000e-02, 6.000e+03, 1.000e+00, 3.400e+00, 1.000e+00, 4.500e+00, 3.432e-01, 2.693e-03, 1.798e-01, 1.667e-01, 1.787e-01, 1.761e-01, 1.666e-01, 1.667e-01, 3.357e-01
7.500e-02, 6.000e+03, 1.000e+00, 3.400e+00, 1.000e+00, 4.500e+00, 3.847e-01, 2.899e-03, 2.951e-01, 2.499e-01, 2.700e-01, 2.841e-01, 2.506e-01, 2.520e-01, 3.684e-01
1.000e-01, 6.000e+03, 1.000e+00, 3.400e+00, 1.000e+00, 4.500e+00, 3.967e-01, 2.838e-03, 4.366e-01, 3.340e-01, 3.633e-01, 4.141e-01, 3.368e-01, 3.422e-01, 4.087e-01
2.500e-02, 6.000e+03, 1.000e+00, 3.500e+00, 1.000e+00, 4.500e+00, 3.264e-01, 3.146e-03, 8.579e-02, 8.473e-02, 9.021e-02, 8.530e-02, 8.457e-02, 8.455e-02, 3.143e-01
5.000e-02, 6.000e+03, 1.000e+00, 3.500e+00, 1.000e+00, 4.500e+00, 3.470e-01, 2.735e-03, 1.830e-01, 1.691e-01, 1.815e-01, 1.791e-01, 1.691e-01, 1.692e-01, 3.406e-01
7.500e-02, 6.000e+03, 1.000e+00, 3.500e+00, 1.000e+00, 4.500e+00, 3.801e-01, 2.829e-03, 3.008e-01, 2.535e-01, 2.742e-01, 2.897e-01, 2.546e-01, 2.561e-01, 3.738e-01
1.000e-01, 6.000e+03, 1.000e+00, 3.500e+00, 1.000e+00, 4.500e+00, 4.081e-01, 2.961e-03, 4.460e-01, 3.390e-01, 3.690e-01, 4.234e-01, 3.426e-01, 3.484e-01, 4.146e-01
2.500e-02, 6.000e+03, 1.000e+00, 3.600e+00, 1.000e+00, 4.500e+00, 3.435e-01, 3.384e-03, 8.708e-02, 8.593e-02, 9.154e-02, 8.658e-02, 8.575e-02, 8.574e-02, 3.188e-01
5.000e-02, 6.000e+03, 1.000e+00, 3.600e+00, 1.000e+00, 4.500e+00, 3.568e-01, 2.849e-03, 1.861e-01, 1.715e-01, 1.842e-01, 1.822e-01, 1.715e-01, 1.717e-01, 3.454e-01
7.500e-02, 6.000e+03, 1.000e+00, 3.600e+00, 1.000e+00, 4.500e+00, 3.748e-01, 2.768e-03, 3.065e-01, 2.571e-01, 2.784e-01, 2.954e-01, 2.586e-01, 2.602e-01, 3.791e-01
1.000e-01, 6.000e+03, 1.000e+00, 3.600e+00, 1.000e+00, 4.500e+00, 4.007e-01, 2.800e-03, 4.553e-01, 3.438e-01, 3.747e-01, 4.327e-01, 3.484e-01, 3.546e-01, 4.205e-01
2.500e-02, 6.000e+03, 1.000e+00, 3.700e+00, 1.000e+00, 4.500e+00, 3.488e-01, 3.568e-03, 8.835e-02, 8.711e-02, 9.286e-02, 8.784e-02, 8.692e-02, 8.691e-02, 3.232e-01
5.000e-02, 6.000e+03, 1.000e+00, 3.700e+00, 1.000e+00, 4.500e+00, 3.700e-01, 3.065e-03, 1.891e-01, 1.738e-01, 1.869e-01, 1.853e-01, 1.739e-01, 1.742e-01, 3.502e-01
7.500e-02, 6.000e+03, 1.000e+00, 3.700e+00, 1.000e+00, 4.500e+00, 3.853e-01, 2.899e-03, 3.122e-01, 2.607e-01, 2.825e-01, 3.011e-01, 2.625e-01, 2.643e-01, 3.843e-01
1.000e-01, 6.000e+03, 1.000e+00, 3.700e+00, 1.000e+00, 4.500e+00, 4.108e-01, 3.004e-03, 4.646e-01, 3.487e-01, 3.802e-01, 4.420e-01, 3.543e-01, 3.609e-01, 4.263e-01
2.500e-02, 6.000e+03, 1.000e+00, 3.800e+00, 1.000e+00, 4.500e+00, 3.582e-01, 3.696e-03, 8.961e-02, 8.827e-02, 9.417e-02, 8.908e-02, 8.808e-02, 8.806e-02, 3.275e-01
5.000e-02, 6.000e+03, 1.000e+00, 3.800e+00, 1.000e+00, 4.500e+00, 3.766e-01, 3.193e-03, 1.922e-01, 1.762e-01, 1.895e-01, 1.883e-01, 1.763e-01, 1.766e-01, 3.549e-01
7.500e-02, 6.000e+03, 1.000e+00, 3.800e+00, 1.000e+00, 4.500e+00, 4.081e-01, 3.191e-03, 3.179e-01, 2.642e-01, 2.865e-01, 3.068e-01, 2.665e-01, 2.684e-01, 3.894e-01
1.000e-01, 6.000e+03, 1.000e+00, 3.800e+00, 1.000e+00, 4.500e+00, 4.220e-01, 3.117e-03, 4.740e-01, 3.534e-01, 3.857e-01, 4.514e-01, 3.601e-01, 3.671e-01, 4.320e-01
2.500e-02, 6.000e+03, 1.000e+00, 3.900e+00, 1.000e+00, 4.500e+00, 3.666e-01, 3.785e-03, 9.085e-02, 8.942e-02, 9.546e-02, 9.032e-02, 8.922e-02, 8.921e-02, 3.318e-01
5.000e-02, 6.000e+03, 1.000e+00, 3.900e+00, 1.000e+00, 4.500e+00, 3.821e-01, 3.252e-03, 1.953e-01, 1.785e-01, 1.921e-01, 1.913e-01, 1.787e-01, 1.790e-01, 3.595e-01
7.500e-02, 6.000e+03, 1.000e+00, 3.900e+00, 1.000e+00, 4.500e+00, 4.025e-01, 3.120e-03, 3.236e-01, 2.677e-01, 2.905e-01, 3.124e-01, 2.704e-01, 2.725e-01, 3.945e-01
1.000e-01, 6.000e+03, 1.000e+00, 3.900e+00, 1.000e+00, 4.500e+00, 4.394e-01, 3.451e-03, 4.833e-01, 3.581e-01, 3.912e-01, 4.607e-01, 3.661e-01, 3.734e-01, 4.377e-01
2.500e-02, 6.000e+03, 1.000e+00, 4.000e+00, 1.000e+00, 4.500e+00, 3.516e-01, 3.541e-03, 9.208e-02, 9.056e-02, 9.674e-02, 9.154e-02, 9.034e-02, 9.034e-02, 3.360e-01
5.000e-02, 6.000e+03, 1.000e+00, 4.000e+00, 1.000e+00, 4.500e+00, 3.882e-01, 3.351e-03, 1.983e-01, 1.807e-01, 1.947e-01, 1.943e-01, 1.811e-01, 1.815e-01, 3.641e-01
7.500e-02, 6.000e+03, 1.000e+00, 4.000e+00, 1.000e+00, 4.500e+00, 4.020e-01, 3.203e-03, 3.293e-01, 2.711e-01, 2.945e-01, 3.181e-01, 2.744e-01, 2.767e-01, 3.996e-01
1.000e-01, 6.000e+03, 1.000e+00, 4.000e+00, 1.000e+00, 4.500e+00, 4.366e-01, 3.427e-03, 4.926e-01, 3.628e-01, 3.966e-01, 4.700e-01, 3.720e-01, 3.797e-01, 4.433e-01
